44544.6853935,  0.46792,  7631,    60
44544.6941782,  0.69134, 10363,    61
44544.7206713,  0.90215, 19926,    60
44544.7406944,  0.38136, 37199,    59
44544.7966088,  0.65104,  9177,    46
44544.9246181,  0.80798, 49147,    57
44544.9818056,  0.02287, 64382,    59
44544.9866782,  0.12307, 28775,    46
44545.0161806,  0.64939, 36894,    46
44545.0669676,  0.49432, 36809,    55
44545.0720718,  0.54588,   769,    60
44545.1971875,  0.88554, 57730,    46
44545.2392477,  0.37956, 39327,    45
44545.2864005,  0.55394, 48641,    59
44545.5104745,  0.03770, 12678,    45
44545.5785069,  0.42189, 12678,    46
44545.5792708,  0.08825, 59852,    46
44545.5997569,  0.71973, 64382,    46
44545.6325694,  0.91634, 14369,    43
44545.6326736,  0.76139, 14369,    59
44545.6616204,  0.12108, 16366,    45
44545.7426273,  0.79303, 61402,    45
44545.7603241,  0.60811, 49147,    45
44545.8076736,  0.74421, 35842,    46
44545.8778356,  0.23757,  5087,    47
44545.9700000,  0.94012, 30864,    59
44545.9957407,  0.40156, 62222,    59
44546.3404051,  0.15336, 24838,    46
44546.4267245,  0.42230, 49147,    59
44546.4570023,  0.26280, 45596,    46
44546.5076620,  0.61094, 39327,    59
44546.8107986,  0.51328, 49147,    45
44546.8296412,  0.45976, 61970,    60
44546.9433796,  0.39400,  3063,    46
44547.0054745,  0.42597, 24838,    46
44547.0423611,  0.19457, 62222,    58
44547.2355556,  0.19865,  9177,    59
44547.3341667,  0.39151,  3985,    59
44547.3717940,  0.30120, 62086,    46
44547.3920833,  0.19884, 23579,    46
44547.5560185,  0.43087, 24838,    46
44547.5612731,  0.48156, 64382,    52
44547.7507060,  0.32369,  5087,    45
44547.7591782,  0.04716, 34852,    59
44547.7821181,  0.26743, 32926,    50
44547.8119676,  0.52029,  3098,    60
44547.8196412,  0.72242, 64382,    45
44547.8666319,  0.76617, 64382,    46
44547.9077083,  0.78434, 25974,    59
44547.9803935,  0.24811, 63430,    45
44547.9909491,  0.12242, 12678,    44
44548.2743750,  0.24269, 64382,    47
44548.4171875,  0.65320,  9447,    58
44548.5116551,  0.77759, 14369,    60
44548.5355671,  0.97547,  5087,    45
44548.5829051,  0.86649, 24838,    59
44548.6024074,  0.80387, 57730,    46
44548.6075579,  0.90858,  3985,    58
44548.6352778,  0.87734, 16366,    46
44548.6708102,  0.86944, 62925,    45
44548.7085880,  0.00602,  3098,    45
44548.9469444,  0.99047, 14369,    59
44549.0104398,  0.73509, 33123,    58
44549.0244444,  0.23599, 35842,    46
44549.0609606,  0.67569, 15886,    57
44549.0727778,  0.61324, 63474,    45
44549.0901620,  0.71877,  9177,    45
44549.1702662,  0.16533, 60792,    45
44549.1719329,  0.03314,  3098,    46
44549.1759954,  0.56575, 36809,    45
44549.1922569,  0.50973, 39327,    45
44549.2518403,  0.46128, 53243,    45
44549.2985532,  0.45220, 16366,    46
44549.3141435,  0.76043,   799,    45
44549.3161458,  0.44332, 59852,    48
44549.3825694,  0.60602, 35842,    46
44549.4548495,  0.01824, 63474,    46
44549.5068171,  0.64994, 32926,    54
44549.5176505,  0.85144, 64382,    45
44549.5276736,  0.61636,  5087,    59
44549.5382986,  0.94562, 49147,    46
44549.6071065,  0.77503, 22563,    48
44549.8337847,  0.13917, 35842,    59
44549.8695255,  0.26601, 49147,    59
44549.8857176,  0.97074, 49040,    60
44549.9210995,  0.55725, 17926,    45
44549.9365394,  0.29364,  7631,    55
44549.9892477,  0.49567, 64382,    45
44550.1412616,  0.41491, 15886,    68
44550.2397338,  0.74997,  9447,    47
44550.2423495,  0.83275, 49147,    45
44550.3365162,  0.27398, 16580,    45
44550.5990278,  0.92630, 22386,    45
44550.6102546,  0.30153, 63430,    60
44550.7729051,  0.23124, 36894,    45
44550.8222454,  0.02738, 64382,    45
44550.8367014,  0.70917, 16366,    59
44550.9392130,  0.55764, 33377,    60
44550.9411111,  0.93501, 49662,    46
44550.9561806,  0.08136, 25315,    45
44550.9609259,  0.11294, 49147,    58
44550.9852199,  0.60247, 11396,    46
44551.1065394,  0.22202, 16366,    57
44551.1367940,  0.11774, 12678,    59
44551.1610995,  0.23618, 64382,    59
44551.1756481,  0.51194,  3098,    59
44551.1802199,  0.47930,  9177,    58
44551.1829051,  0.80983, 12678,    60
44551.1924074,  0.50856, 30864,    60
44551.2022454,  0.02995,  5136,    46
44551.2187037,  0.08501, 62925,    46
44551.2532407,  0.45708,  3673,    45
44551.3474769,  0.69650,   769,    55
44551.3934375,  0.23277, 49147,    46
44551.5143981,  0.73238, 25869,    59
44551.6388194,  0.60955, 49662,    45
44551.6902083,  0.40456, 29280,    46
44551.7366782,  0.33569, 29280,    60
44551.8356019,  0.64610, 15886,    46
44551.8880324,  0.90405, 35842,    46
44551.8882639,  0.08453, 35842,    60
44551.9092361,  0.25272,  9177,    47
44551.9408681,  0.79795, 10162,    46
44551.9410995,  0.48710, 28775,    46
44552.0509606,  0.07073, 39171,    60
44552.0940856,  0.26697,  4114,    60
44552.1008333,  0.47076, 10363,    46
44552.1448495,  0.11196, 45562,    60
44552.3062731,  0.17503, 49147,    60
44552.3068750,  0.30722,  5087,    47
44552.3069213,  0.25226,  5087,    47
44552.4560185,  0.70797,  9177,    46
44552.4762269,  0.80524, 16366,    60
44552.4775347,  0.98037, 64382,    46
44552.5114120,  0.17256, 63474,    48
44552.5656366,  0.19320,  9177,    55
44552.7109838,  0.33948, 49717,    47
44552.7162153,  0.80611,  9177,    46
44552.7177894,  0.03074, 49147,    47
44552.7760417,  0.24535, 49147,    47
44552.8826852,  0.23114,  9177,    60
44552.9138773,  0.20253, 49147,    47
44552.9227546,  0.04829,  5087,    60
44552.9407407,  0.56851,  3985,    57
44552.9533218,  0.17976,  9792,    60
44553.1023148,  0.00989, 16366,    47
44553.1307176,  0.93470, 36809,    48
44553.2037153,  0.96237, 49662,    47
44553.2205324,  0.29916, 16366,    46
44553.2506134,  0.93558,  9177,    47
44553.3000463,  0.65215, 28775,    56
44553.4332639,  0.35097, 57730,    47
44553.4486343,  0.20165,  9177,    46
44553.5186227,  0.46867, 14085,    47
44553.5188310,  0.12933, 12678,    62
44553.5248611,  0.79312, 25315,    60
44553.5298148,  0.97238, 65011,    60
44553.6138773,  0.24597, 64382,    44
44553.6716435,  0.47496, 12678,    47
44553.7286921,  0.78201, 16366,    46
44553.7926389,  0.82787, 50380,    47
44553.8998958,  0.25781, 64825,    46
44553.9321181,  0.81107, 29280,    47
44554.1375810,  0.92810, 39056,    60
44554.2321181,  0.37373, 63474,    61
44554.4980903,  0.35949, 24838,    46
44554.5902894,  0.95646, 49147,    46
44554.5913657,  0.20258, 57787,    47
44554.7491667,  0.06161, 46068,    60
44554.8100463,  0.50779, 49040,    58
44554.9502315,  0.47875, 58376,    46
44555.0657407,  0.95174, 30266,    47
44555.0793403,  0.53575, 49147,    60
44555.1742245,  0.79430,  9177,    47
44555.1960764,  0.96834,  5087,    57
44555.2308681,  0.59618, 12678,    60
44555.3378356,  0.16281, 65525,    46
44555.5051389,  0.64307, 29717,    60
44555.5076042,  0.71306, 11039,    59
44555.5977778,  0.96306, 16366,    46
44555.6071875,  0.38448, 20681,    46
44555.6417014,  0.75143, 30864,    60
44555.7971181,  0.92147, 60737,    60
44555.8666551,  0.51225, 63430,    59
44555.9128241,  0.84093,  3985,    46
44555.9715162,  0.53097, 64382,    47
44556.0934954,  0.53803, 64382,    46
44556.0936343,  0.48242, 48641,    47
44556.2206944,  0.44388,  9177,    46
44556.3051852,  0.58975, 36894,    47
44556.3462269,  0.45662,  1291,    53
44556.3612153,  0.79259, 49147,    60
44556.4174190,  0.48093,  5087,    45
44556.5742593,  0.01138,  9177,    61
44556.5943056,  0.41719, 25974,    46
44556.6809954,  0.67293, 16366,    55
44556.6834028,  0.95070,  9177,    46
44556.9144792,  0.89090,  9177,    46
44556.9515394,  0.09226, 24358,    47
44556.9547338,  0.94974, 29280,    60
44556.9657292,  0.93414,  5136,    60
44557.0003356,  0.22015, 49147,    60
44557.0022685,  0.66463, 27150,    59
44557.0961111,  0.91792, 36809,    60
44557.1313773,  0.00725, 41459,    56
44557.2101505,  0.24929, 65011,    60
44557.2815509,  0.48650, 12678,    47
44557.3272338,  0.19778, 57204,    47
44557.3533102,  0.82840, 32926,    61
44557.3828356,  0.61116,  5087,    46
44557.4625347,  0.17805, 49147,    60
44557.6008796,  0.31404, 63474,    57
44557.6580093,  0.66285, 48641,    46
44557.7328241,  0.01260, 49147,    60
44558.0053704,  0.11290, 49147,    47
44558.0086806,  0.59008, 16366,    46
44558.1440509,  0.30684, 64382,    60
44558.1513194,  0.03910,  9177,    60
44558.1603125,  0.02198, 49147,    45
44558.2099190,  0.05642,  9177,    47
44558.3209606,  0.40992,  5087,    47
44558.3763310,  0.43149, 28775,    60
44558.4570949,  0.84455, 57787,    46
44558.6811458,  0.40514,   769,    46
44558.7462847,  0.67041,  6713,    48
44558.7828009,  0.09643, 49147,    47
44558.8388657,  0.09422,  7631,    60
44558.8476968,  0.42372,  9792,    46
44558.8758218,  0.79658,   769,    46
44558.8763310,  0.16778, 48641,    60
44558.9233796,  0.05702, 49147,    59
44558.9750926,  0.53234, 27245,    46
44558.9751620,  0.74824, 27245,    59
44558.9758102,  0.68349, 27245,    95
44558.9799537,  0.57818, 14369,    53
44558.9935301,  0.52243, 32926,    43
44559.0398843,  0.72832,  9054,    46
44559.0400347,  0.18091,  9054,    46
44559.0401042,  0.40807,  9054,    45
44559.0401736,  0.63527,  9054,    58
44559.0402431,  0.86152,  9054,    45
44559.0403241,  0.08777,  9054,    57
44559.0404630,  0.54045,  9054,    45
44559.0406829,  0.21933,  9054,    65
44559.0407523,  0.44695,  9054,    59
44559.0409722,  0.13128,  9054,    67
44559.0411111,  0.59126,  9054,    72
44559.0794097,  0.10188,  9550,    43
44559.0794792,  0.29287,  9550,    48
44559.0795486,  0.48499,  9550,    72
44559.0796875,  0.87004,  9550,    46
44559.1984375,  0.09497, 12678,    46
44559.2189815,  0.11988, 24358,    47
44559.2966319,  0.34536, 64382,    59
44559.3381713,  0.70029, 14085,    46
44559.3503819,  0.97588, 49147,    60
44559.3658218,  0.00559, 48757,    55
44559.3698380,  0.10786, 25869,    59
44559.3873843,  0.65951, 36894,    60
44559.4389583,  0.63203,  3985,    46
44559.4650810,  0.77301, 30266,    47
44559.5329051,  0.16128, 39056,    46
44559.5601273,  0.61668, 33774,    46
44559.5774884,  0.03029, 33377,    45
44559.5775579,  0.19613, 33377,    59
44559.5848958,  0.77323,  6193,    62
44559.6142824,  0.79413,  3985,    55
44559.6488542,  0.30336, 49147,    46
44559.6653125,  0.37778, 15886,    59
44559.7050347,  0.35426,  9177,    45
44559.7062269,  0.23076, 30864,    45
44559.7401042,  0.65332, 35834,   111
44559.7401736,  0.82516, 35834,    95
44559.7817940,  0.93414,  9177,    46
44559.7851736,  0.74231,  3098,    46
44559.8365394,  0.75928, 22563,    59
44559.8424421,  0.44688,  4114,    60
44559.8620255,  0.19154, 24838,    46
44559.8727199,  0.30324, 42711,    46
44559.8728588,  0.59148, 42711,    57
44559.8744792,  0.49867,  3985,    59
44559.8880556,  0.19879, 25315,   183
44559.8881250,  0.37353, 25315,    72
44559.8883333,  0.90796, 25315,    76
44559.8884144,  0.08837, 25315,    45
44559.9259838,  0.54405,   769,    56
44560.0395023,  0.44116,  3063,    60
44560.1218403,  0.65776,  9177,    46
44560.3898264,  0.21921, 64382,    46
44560.4781366,  0.47978,  5087,    58
44560.5655556,  0.09617, 48685,    46
44560.7262847,  0.10207, 28775,    45
44560.7476968,  0.32553, 58857,    70
44560.8292593,  0.63919, 14085,    46
44560.8382060,  0.92284, 28775,    46
44560.9135995,  0.66302, 16366,    46
44560.9278935,  0.58881, 16366,    45
44560.9474306,  0.08736, 65011,    46
44560.9479977,  0.63549, 65011,    61
44560.9480671,  0.83008, 65011,    57
44560.9490741,  0.59596, 65011,    46
44560.9491435,  0.79449, 65011,    53
44560.9523727,  0.96386, 49662,    45
44560.9961458,  0.97480,  3063,    46
44561.0234954,  0.64706, 10162,    59
44561.0506944,  0.02114, 65011,    46
44561.2752662,  0.14481, 14868,    57
44561.2795370,  0.17757, 12678,    46
44561.2862616,  0.91562, 16366,    56
44561.5299190,  0.84227, 49662,    45
44561.5336227,  0.35954, 58857,    57
44561.6081134,  0.39900, 38183,    58
44561.6365509,  0.32309, 57204,    46
44561.6641435,  0.86841, 12678,    45
44561.6752662,  0.19670, 63430,    43
44561.7134375,  0.47023,   769,    59
44561.7719097,  0.17594,  5136,    67
44561.7756134,  0.00317, 41546,    51
44561.7757523,  0.21134, 41546,    95
44561.7758218,  0.31826, 41546,    69
44561.8159606,  0.46137, 49147,    45
44561.8212847,  0.30089, 28775,    45
44561.8214236,  0.92082, 28775,    45
44561.8623843,  0.51434, 16580,    60
44561.9184491,  0.05335, 53243,    46
44561.9302778,  0.96837,  3985,    58
44561.9399421,  0.50308, 28464,    45
44561.9807986,  0.66659, 64382,    57
44562.0607292,  0.52596, 33774,    58
44562.0638542,  0.81743,  9177,    58
44562.1127315,  0.36050,  4985,    59
44562.1725231,  0.39228,  3985,    45
44562.1974537,  0.57264, 63474,    45
44562.3985417,  0.63883, 63474,    58
44562.4339931,  0.65109, 17290,    58
44562.4557060,  0.16963, 25869,    58
44562.4796296,  0.82591, 11039,    45
44562.5104282,  0.30141, 16366,    45
44562.7762847,  0.57924, 20058,    53
44562.7764468,  0.02662, 20058,    59
44562.7792014,  0.52975, 54846,    54
44562.8218981,  0.27924, 48641,    50
44562.8882060,  0.52701, 19739,    58
44563.1059606,  0.94026, 65333,    45
44563.1061111,  0.09533, 65333,    43
44563.1061806,  0.17325, 65333,    45
44563.1068750,  0.93899, 65333,    69
44563.1069560,  0.01790, 65333,    71
44563.1071644,  0.26059, 65333,    42
44563.2060880,  0.34802,  5087,    45
44563.2922454,  0.73103, 64382,    45
44563.3178009,  0.06569, 30266,    45
44563.4021991,  0.43329, 64382,    56
44563.4136806,  0.68803,  9177,    45
44563.4201620,  0.79504, 64382,    45
44563.4761806,  0.00864, 14369,    58
44563.5171991,  0.43300, 16366,    58
44563.5488773,  0.73867, 64382,    45
44563.8484838,  0.67550, 48641,    45
44563.8736111,  0.57564, 63430,    45
44564.0114583,  0.20138, 61402,    58
44564.0154514,  0.60084,  7433,    55
44564.0155903,  0.90232,  7433,   291
44564.0157407,  0.20990,  7433,   260
44564.0935069,  0.56155,  9177,    57
44564.1913310,  0.86615, 28775,    45
44564.2273611,  0.45079, 28775,    58
44564.2318981,  0.05818, 64382,    45
44564.2355440,  0.31159, 65011,    58
44564.3541667,  0.95598, 60792,    45
44564.3546181,  0.75319, 39056,    45
44564.3606019,  0.67233, 35834,    45
44564.4301157,  0.51463, 23262,    45
44564.5018866,  0.07834, 15886,    58
44564.5076968,  0.45048,  9792,    57
44564.5126157,  0.73643, 39327,    46
44564.5887847,  0.56416,  5087,    58
44564.6595486,  0.23796,  9177,    58
44564.7207292,  0.20378, 49147,    45
44564.7587037,  0.26918, 35842,    46
44564.7911227,  0.97758, 53243,    45
44564.8128241,  0.85895, 49147,    45
44564.9193403,  0.38445, 16366,    45
44564.9332870,  0.04826, 49147,    55
44565.0900347,  0.47217, 49147,    46
44565.1087037,  0.78263,  5087,    50
44565.1337616,  0.01848, 28775,    45
44565.1889583,  0.24216, 36894,    45
44565.2135880,  0.43226, 25869,    45
44565.2915162,  0.52418, 63474,    59
44565.3537616,  0.18633, 64382,    45
44565.4524306,  0.04831, 37199,    58
44565.4700579,  0.47124, 49147,    47
44565.5269213,  0.50748,   799,    59
44565.5454282,  0.05611, 49147,    46
44565.5728935,  0.51962, 49147,    45
44565.5862500,  0.13836, 12901,    45
44565.6513194,  0.74877, 12678,    45
44565.7298843,  0.48859, 28464,    57
44565.7936574,  0.37783, 14369,    45
44565.7939468,  0.96162, 64825,    59
44565.7940278,  0.08011, 64825,    47
44565.9241667,  0.44548,  4114,    59
44565.9832292,  0.81827, 16366,    45
44566.0191088,  0.64528, 33652,    45
44566.0275579,  0.98574,  7657,    58
44566.1000000,  0.52298, 17926,    58
44566.2647917,  0.09192,  9447,    45
44566.2668519,  0.41222, 57954,    71
44566.2669213,  0.52526, 57954,   318
44566.2670602,  0.76651, 57954,    55
44566.3048380,  0.82833, 30864,    45
44566.3284606,  0.11162, 16366,    57
44566.3287037,  0.11138, 63430,    46
44566.3602315,  0.55293,  3985,    46
44566.3832292,  0.02484, 64382,    45
44566.4556481,  0.09998, 11039,    45
44566.4941204,  0.79408, 58376,    57
44566.5014583,  0.73396, 53243,    46
44566.5764468,  0.03667,  7433,    48
44566.7319792,  0.41786, 45737,    46
44566.7428935,  0.37418, 49662,    59
44566.7609144,  0.70399, 49040,    46
44566.7819676,  0.47728, 15230,    59
44566.8085417,  0.27811, 49147,    59
44566.8355903,  0.76869, 49147,    59
44566.8547222,  0.60115,  5087,    57
44566.9493403,  0.82742, 29418,    46
44566.9801157,  0.57571,  9447,    58
44567.0074653,  0.65843, 28775,    58
44567.0961227,  0.74774,  5087,    59
44567.1326157,  0.68179, 65333,    46
44567.1660648,  0.89356, 49662,    45
44567.2872917,  0.11674, 49147,    46
44567.3116898,  0.61761,  5239,    59
44567.3353704,  0.23779, 24453,    47
44567.3356250,  0.76917, 24453,    46
44567.3777662,  0.83162, 49147,    46
44567.4016088,  0.28730, 33914,    46
44567.5227894,  0.89246,  9177,    45
44567.5432755,  0.12564, 62222,    46
44567.5872685,  0.16068, 23262,    46
44567.5891435,  0.86373, 10162,    47
44567.6725463,  0.93741,  9177,    46
44567.6997685,  0.41030, 14085,    58
44567.7250810,  0.59820, 53243,    58
44567.7396412,  0.92138, 15613,    45
44567.8120833,  0.72751, 25061,    59
44567.8718519,  0.16118, 39327,    47
44567.9191319,  0.52063, 64382,    46
44567.9700579,  0.87726, 12678,    68
44568.1121991,  0.89896, 62086,    46
44568.1755671,  0.12480, 49717,    58
44568.1938426,  0.55485, 28775,    59
44568.1940972,  0.69067, 28775,    46
44568.2035069,  0.70586, 64382,    59
44568.2963194,  0.44599, 35842,    47
44568.3285764,  0.61344, 14085,    59
44568.3751968,  0.14513, 49147,    46
44568.4050000,  0.97382, 49147,    46
44568.4648148,  0.65911,  9177,    46
44568.4850347,  0.40116, 49147,    46
44568.5712847,  0.65371, 50144,    46
44568.5713426,  0.34593, 50144,    46
44568.5729630,  0.15221, 14369,    60
44568.6574769,  0.58644, 28775,    59
44568.7715278,  0.22677, 49147,    58
44568.8263542,  0.90280, 62222,    46
44568.8465741,  0.69647, 11039,    46
44568.8580556,  0.08326, 16366,    59
44568.8709722,  0.76965,  5087,    46
44568.9291319,  0.37768, 38183,    60
44568.9306481,  0.33355, 12678,    60
44569.1051389,  0.08570, 49147,    46
44569.1537500,  0.77383, 30266,    46
44569.1993981,  0.97888, 49147,    46
44569.2071991,  0.52428,  3985,    45
44569.2599190,  0.31399, 16580,    46
44569.3019329,  0.49056, 28775,    46
44569.3115509,  0.65483, 50144,    47
44569.3598148,  0.36285,  5087,    46
44569.4603588,  0.47635, 49147,    46
44569.4875231,  0.63057, 48611,    59
44569.5058796,  0.89632, 16366,    59
44569.5169907,  0.15415, 64382,    60
44569.6225463,  0.45688, 50380,    60
44569.6681829,  0.92327, 12678,    46
44569.6862847,  0.66926, 59852,    62
44569.7598032,  0.64377, 39327,    46
44569.8399769,  0.45412, 32926,    46
44569.8574884,  0.75364, 39056,    46
44570.0739352,  0.09516, 64382,    47
44570.0847338,  0.64411, 57787,    60
44570.2075579,  0.19622,  5087,    59
44570.3521875,  0.06590, 49147,    60
44570.4598264,  0.67511, 16366,    60
44570.4643750,  0.90004,  9234,    60
44570.4788542,  0.34514, 32926,    59
44570.4981829,  0.03106, 62222,    46
44570.5017014,  0.23805, 40977,    46
44570.5162037,  0.80383, 11039,    59
44570.5467477,  0.32805, 49147,    46
44570.6354861,  0.92543, 28775,    59
44570.6673611,  0.28913,  5087,    59
44570.6841435,  0.70120, 49147,    60
44570.7220023,  0.08052, 42017,    59
44570.7965509,  0.40204,   769,    45
44570.8062616,  0.46017, 63474,    59
44570.8685648,  0.04500, 49147,    46
44570.9359838,  0.12468, 61970,    59
44571.1901736,  0.20335, 49147,    46
44571.2490394,  0.59364, 64382,    46
44571.3606250,  0.19685, 27150,    46
44571.3685301,  0.95260, 39327,    60
44571.4200463,  0.03893, 24358,    48
44571.4284375,  0.53433, 30864,    45
44571.4449884,  0.46365,  9177,    60
44571.4683796,  0.07670, 28775,    59
44571.4717593,  0.13809, 53221,    60
44571.8846296,  0.40308, 25061,    46
44571.9142593,  0.57508, 64382,    46
44571.9770255,  0.44930, 53243,    60
44572.0040625,  0.57830, 16366,    59
44572.1263542,  0.37250,  2524,    45
44572.1986458,  0.66316,  7631,    56
44572.2214236,  0.62224, 49147,    47
44572.2894560,  0.16891,  3985,    56
44572.2985069,  0.15962, 16366,    59
44572.3240625,  0.76787, 16366,    46
44572.3860301,  0.89649,   769,    60
44572.4041319,  0.38366, 15886,    44
44572.5079745,  0.86296, 24838,    49
44572.5909722,  0.34387, 64382,    46
44572.6089352,  0.06079, 64382,    47
44572.6898148,  0.60470, 49147,    46
44572.7445486,  0.63415, 64382,    56
44572.8090394,  0.00523, 22563,    46
44572.8232176,  0.51744, 12678,    46
44572.8478125,  0.70360, 49147,    45
44572.8896528,  0.08890, 28775,    60
44572.9595255,  0.92368, 49147,    59
44573.0031481,  0.38704, 63474,    46
44573.1117130,  0.54172, 49147,    46
44573.2121644,  0.29525, 49040,    59
44573.2827778,  0.44510, 64382,    57
44573.3452546,  0.08758,  9177,    54
44573.3840625,  0.83219, 64382,    55
44573.4169560,  0.71368, 65525,    46
44573.4206366,  0.30367, 10363,    60
44573.4888889,  0.88422,  3985,    59
44573.5112269,  0.78508, 16580,    47
44573.5278472,  0.81844,  9177,    60
44573.5285301,  0.80843, 64797,    47
44573.5827315,  0.14575, 15886,    48
44573.6979514,  0.92349, 25061,    46
44573.7892361,  0.16819, 20828,    46
44573.8299653,  0.02542, 22563,    55
44573.8703009,  0.54765, 28775,    43
44573.8829167,  0.91907,  3098,    58
44574.0242940,  0.35304, 58376,    46
44574.0514468,  0.36770, 14369,    48
44574.1864005,  0.01939, 16366,    52
44574.2230787,  0.60307, 36894,    46
44574.4169792,  0.45463,  9177,    46
44574.4227894,  0.71483, 33774,    59
44574.4311111,  0.06362, 49147,    60
44574.4338426,  0.93988, 49147,    60
44574.4339005,  0.18535, 49147,    47
44574.4412500,  0.78837, 35842,    48
44574.4758912,  0.39429,  5087,    46
44574.4962963,  0.12415, 49147,    46
44574.6433681,  0.78283, 16366,    46
44574.6667593,  0.52029, 12678,    61
44574.6760185,  0.09708, 48641,    46
44574.6897917,  0.47085, 16366,    46
44574.7382407,  0.65551, 28775,    46
44574.7609491,  0.16176, 16366,    47
44574.7973380,  0.73511,  7631,    46
44574.8088889,  0.44488, 36809,    48
44574.8750694,  0.96220, 28775,    48
44574.9812037,  0.16286, 49147,    58
44575.0160069,  0.13466, 64382,    59
44575.0701852,  0.02606, 49147,    47
44575.1549421,  0.23390, 23579,    47
44575.1830787,  0.97907, 16366,    45
44575.2250000,  0.36293, 15695,    46
44575.2362153,  0.85079, 49662,    46
44575.2901505,  0.35597, 12368,    46
44575.3139005,  0.57057, 65525,    48
44575.3602431,  0.40077, 49662,    47
44575.3948843,  0.83440, 19739,    46
44575.3960185,  0.72119, 15695,    46
44575.5116088,  0.49478, 39056,    58
44575.5963542,  0.57324, 57787,    60
44575.6096991,  0.47443, 49662,    51
44575.6391435,  0.39096, 49147,    60
44575.7025116,  0.43144, 49662,    46
44575.7065278,  0.52382, 14369,    47
44575.7235301,  0.41798, 45737,    47
44575.7310880,  0.06444, 49662,    46
44575.7364468,  0.66835, 36894,    60
44575.7525000,  0.35645, 35842,    46
44575.8505556,  0.89589, 14369,    46
44575.8899421,  0.24636, 11396,    46
44575.8997106,  0.40569, 64382,    46
44575.9717708,  0.64372,  3985,    46
44575.9897222,  0.98082, 48641,    60
44576.0182870,  0.56524, 35842,    46
44576.0322222,  0.70672, 45562,    47
44576.0782407,  0.94209, 49147,    59
44576.0982176,  0.74798, 10363,    59
44576.1477431,  0.49444, 65011,    57
44576.2368866,  0.44997, 11396,    47
44576.3753356,  0.50102,  5087,    60
44576.4661227,  0.88187,  3098,    46
44576.7006481,  0.40411, 64382,    47
44576.7769676,  0.27453, 12678,    60
44576.9287616,  0.29513,  5087,    46
44577.0291319,  0.24271, 32926,    45
44577.1152315,  0.79540,  9447,    60
44577.2251273,  0.66854, 49147,    60
44577.3097222,  0.26277, 64382,    57
44577.4035417,  0.50032, 49147,    46
44577.4937616,  0.97686, 25869,    48
44577.5599653,  0.75847, 49147,    46
44577.6122106,  0.78892,  3985,    60
44577.6138194,  0.63532, 64382,    60
44577.6398264,  0.72736, 28775,    43
44577.6502315,  0.70564, 49147,    60
44577.6514468,  0.66664, 28775,    66
44577.7477894,  0.26599, 35842,    58
44577.8108449,  0.22891, 49147,    47
44577.8329167,  0.35748, 39310,    60
44577.8888079,  0.27091, 53529,    59
44577.9105208,  0.13082, 39056,    46
44577.9306829,  0.45352,  5087,    60
44577.9655093,  0.93503, 58857,    60
44577.9721644,  0.93059, 15886,    60
44578.0149884,  0.85658, 62222,    48
44578.0298727,  0.50088, 63474,    46
44578.0384028,  0.26001,  9177,    60
44578.0856597,  0.33069, 15886,    59
44578.1169444,  0.56421, 59852,    60
44578.1277546,  0.46185, 15695,    60
44578.1378009,  0.95476,  9177,    60
44578.1479861,  0.09653, 64382,    54
44578.1888426,  0.47733, 15695,    46
44578.2722338,  0.63460, 49147,    60
44578.2723380,  0.38414, 49147,    46
44578.2834028,  0.83983, 16366,    47
44578.3421644,  0.32793, 46068,    46
44578.5041435,  0.55677, 28775,    46
44578.5356944,  0.27367, 16366,    45
44578.5419792,  0.98526, 41459,    47
44578.5992014,  0.82646, 28775,    59
44578.7232870,  0.37790, 19278,    46
44578.7570370,  0.54319, 14369,    46
44578.9749306,  0.99062, 49147,    60
44578.9922222,  0.11395, 12678,    60
44579.0426505,  0.08544, 46068,    46
44579.0520949,  0.71822, 49147,    47
44579.2609838,  0.84506, 49147,    46
44579.3192014,  0.10224,  6193,    48
44579.4026968,  0.18026, 14369,    46
44579.4028935,  0.54705, 49147,    60
44579.4455787,  0.81230, 65333,    46
44579.4876157,  0.22181,  3985,    46
44579.5920255,  0.93705, 16366,    60
44579.6594907,  0.68183, 36894,    60
44579.6611690,  0.17357, 30266,    46
44579.6684954,  0.44611, 14369,    47
44579.6701852,  0.70922, 64382,    46
44579.7339699,  0.43557, 63430,    53
44579.7340162,  0.12050, 63430,    56
44579.7863310,  0.11990, 65333,    55
44579.9009954,  0.11880, 49147,    60
44579.9424537,  0.13337, 10162,    59
44579.9644792,  0.94259, 10162,    46
44580.0128704,  0.19785, 41459,    46
44580.1038310,  0.85142, 49147,    46
44580.1153819,  0.15177, 57730,    46
44580.1421759,  0.82310, 49147,    46
44580.2790741,  0.60585,  3098,    60
44580.3710995,  0.51808, 19926,    46
44580.4554977,  0.16505,  3063,    59
44580.5082755,  0.86687,  9177,    69
44580.5354630,  0.47059,  5239,    44
44580.5890162,  0.33120, 16366,    47
44580.7682292,  0.13435, 39327,    60
44580.7728125,  0.53356, 49147,    45
44580.8016551,  0.92613,   799,    47
44580.8909375,  0.25728, 16580,    46
44581.1405556,  0.80085, 49147,    46
44581.1606597,  0.91938, 64382,    60
44581.1768634,  0.37495, 65011,    46
44581.2478356,  0.74704, 14085,    46
44581.2529514,  0.47292, 16366,    46
44581.3338657,  0.38445, 15230,    59
44581.3885764,  0.26126, 28775,    46
44581.5263657,  0.62731, 16366,    46
44581.5917708,  0.35726, 24838,    46
44581.7766898,  0.51232, 64825,    57
44581.8106944,  0.26990,  9177,    47
44581.8187500,  0.07567, 23579,    59
44581.8643287,  0.33597, 49147,    46
44581.8825694,  0.86051, 13972,    46
44581.9053241,  0.97451, 36894,    44
44581.9453935,  0.05148, 29717,    47
44581.9558102,  0.22416, 58376,    59
44582.0311111,  0.91391, 28775,    45
44582.0456944,  0.39016, 62222,    59
44582.0576620,  0.71414,  1903,    46
44582.0667708,  0.07733, 49147,    54
44582.0957292,  0.77246, 64382,    59
44582.1308796,  0.17313,  3098,    60
44582.1515625,  0.34135, 63474,    60
44582.1727778,  0.72667,  9177,    60
44582.3481829,  0.97698, 58376,    46
44582.3967708,  0.94571, 30864,    46
44582.4064352,  0.02347, 63474,    46
44582.4928241,  0.95663,  7631,    60
44582.4945023,  0.31212, 49147,    48
44582.5196875,  0.62457, 43796,    60
44582.5879861,  0.95682,  9054,    46
44582.6134491,  0.68104, 49147,    46
44582.6569329,  0.43692, 64382,    60
44582.6635301,  0.32225, 63474,    55
44582.7268056,  0.30290, 28775,    60
44582.7317477,  0.45979, 63474,    47
44582.7428356,  0.97516, 45562,    46
44582.7480671,  0.62498, 39327,    54
44582.7736227,  0.63158, 36894,    53
44582.8295486,  0.81851, 16366,    59
44582.8862500,  0.13166, 28775,    47
44582.9300116,  0.34824, 40977,    46
44582.9305787,  0.42631, 20429,    60
44582.9551968,  0.73147, 49662,    55
44583.0000347,  0.71735, 27725,    60
44583.0930093,  0.48163, 10363,    60
44583.1940972,  0.03994, 49147,    58
44583.2092477,  0.76622, 62222,    46
44583.4164583,  0.51830, 20681,    50
44583.5602546,  0.81753, 12678,    46
44583.5928009,  0.60604, 49662,    59
44583.7190278,  0.03840, 35842,    46
44583.7228935,  0.55917, 16366,    46
44583.7307060,  0.83714, 63474,    48
44583.7726968,  0.60796,  3985,    60
44583.8950231,  0.59587, 16366,    44
44583.9946991,  0.35285,  9177,    58
44584.0283681,  0.87465, 49147,    46
44584.1463542,  0.98471,  9177,    46
44584.1891088,  0.82377, 49147,    46
44584.2127199,  0.95658, 63474,    58
44584.4954745,  0.16613, 49147,    47
44584.5525116,  0.32743,  9177,    47
44584.5893287,  0.38335, 27357,    46
44584.6541898,  0.22795, 65011,    46
44584.6960764,  0.45045, 16366,    48
44584.7290509,  0.41820, 57787,    47
44584.7703935,  0.85087, 49147,    46
44584.8872454,  0.99698, 14369,    46
44584.8927546,  0.06389, 32926,    47
44584.9187847,  0.14601, 53221,    50
44585.0288194,  0.63943, 15886,    46
44585.0637963,  0.06072,  9177,    46
44585.0693750,  0.14001, 64382,    54
44585.0764120,  0.77555,  3098,    59
44585.0961574,  0.57424, 28775,    47
44585.1021759,  0.62702,  5087,    46
44585.1371065,  0.20625, 14369,    46
44585.1642361,  0.30967, 22563,    46
44585.1807060,  0.50611, 49147,    59
44585.2343403,  0.40286, 63474,    46
44585.2405208,  0.90369, 28775,    46
44585.3080787,  0.14769, 36809,    46
44585.3087269,  0.45220, 64382,    46
44585.3440394,  0.29805, 65011,    46
44585.4059491,  0.98942, 12678,    45
44585.5337269,  0.67171,  5087,    46
44585.5760532,  0.29347, 64382,    46
44585.5866435,  0.38234, 40977,    46
44585.6540278,  0.57972, 49147,    46
44585.6541088,  0.45588, 49147,    47
44585.6743634,  0.04176, 63474,    58
44585.7087731,  0.50656,  6193,    46
44585.8100810,  0.30329, 28775,    47
44585.8831134,  0.57532,  3098,    46
44585.9778819,  0.32383,  9177,    46
44586.0215394,  0.74215,   769,    60
44586.0505208,  0.24165, 21170,    94
44586.1348611,  0.28454,  9177,    45
44586.2117477,  0.87167, 35842,    58
44586.2792245,  0.03235, 53243,    46
44586.3173843,  0.80116, 17290,    46
44586.3863773,  0.62807, 64382,    60
44586.5952199,  0.47472, 16366,    46
44586.6823727,  0.03082, 54846,    46
44586.9515625,  0.29585, 15886,    46
44586.9780903,  0.87902, 49147,    46
44587.0078241,  0.82555,   769,    53
44587.0312731,  0.92846,  4171,    46
44587.0384491,  0.95985, 49147,    46
44587.0519097,  0.05064, 64382,    45
44587.0608796,  0.05218, 65525,    59
44587.1351042,  0.94206, 49147,    46
44587.2392130,  0.34838,  9177,    46
44587.2647106,  0.56800, 49147,    48
44587.2725116,  0.00557, 50144,    54
44587.3078704,  0.97890, 20681,    55
44587.3304398,  0.92519, 36435,    60
44587.3312153,  0.72326, 65011,    46
44587.3580671,  0.95762, 49147,    46
44587.4600231,  0.99767,  3985,    46
44587.4764468,  0.71666, 57787,    46
44587.5573611,  0.47056, 35842,    46
44587.5686921,  0.16478, 58292,    46
44587.6771644,  0.60957, 36894,    46
44587.6782060,  0.72338, 16366,    46
44587.7794676,  0.19044, 12678,    46
44587.8390972,  0.30297, 14085,    48
44587.8412153,  0.53212, 14085,    44
44587.9973264,  0.53760, 14369,    55
44588.0634606,  0.65224,  9177,    47
44588.0662500,  0.19214, 16366,    46
44588.0697917,  0.75299, 16366,    60
44588.0841319,  0.77959, 33182,    55
44588.2529745,  0.50796, 28775,    60
44588.3134028,  0.64533,  3985,    47
44588.3222569,  0.35726, 22052,    46
44588.3644676,  0.45124, 49147,    60
44588.3717940,  0.27398, 48641,    46
44588.4367245,  0.17558, 36809,    60
44588.4369213,  0.77668, 28775,    60
44588.4883912,  0.93914, 64382,    66
44588.5758565,  0.67917, 12678,    47
44588.5816898,  0.50731, 25315,    46
44588.5820718,  0.04932, 15886,    46
44588.6095949,  0.04267,   769,    59
44588.6701620,  0.11662, 28775,    53
44588.6716435,  0.90268, 22052,    60
44588.7053935,  0.89502, 62925,    46
44588.7523495,  0.66451, 16580,    60
44588.8066204,  0.71719, 59852,    46
44588.8830093,  0.72962,  9177,    48
44588.9123032,  0.11717, 63430,    46
44589.0546991,  0.86371,  9177,    46
44589.0879630,  0.81784, 63430,    60
44589.1245255,  0.49596,  9054,    59
44589.1250463,  0.73003, 64382,    60
44589.1897801,  0.48516, 16580,    46
44589.2249190,  0.76149, 61402,    60
44589.2924190,  0.81753, 19278,    46
44589.5101968,  0.49063, 49147,    59
44589.5173264,  0.60326, 62925,    59
44589.5421991,  0.64010, 16366,    60
44589.5531250,  0.86944, 16366,    58
44589.6388079,  0.29078, 64797,    46
44589.6591088,  0.24501, 57204,    49
44589.6993750,  0.72155, 49147,    46
44589.7400116,  0.85682, 49147,    46
44589.7757176,  0.81503, 30864,    60
44589.8073380,  0.92054,  3063,    46
44589.8302662,  0.05246, 11039,    53
44589.8544907,  0.95814,  7631,    47
44589.9139120,  0.61560, 14369,    60
44589.9322801,  0.68709, 63474,    46
44589.9768171,  0.63808, 49147,    60
44590.0288657,  0.72158, 16366,    46
44590.1374306,  0.78631, 64382,    47
44590.1823843,  0.06780,  3985,    58
44590.2229630,  0.41577, 29762,    49
44590.2336111,  0.70519, 58292,    46
44590.2392245,  0.77711, 17926,    46
44590.2633333,  0.43173, 64382,    46
44590.2730556,  0.26796, 49147,    48
44590.2975694,  0.43711, 48641,    65
44590.3393981,  0.17630, 14369,    59
44590.3396412,  0.18828, 14369,    46
44590.3918981,  0.44157, 30864,    46
44590.4315278,  0.22793, 49662,    60
44590.4418403,  0.56380,  9177,    56
44590.5033681,  0.42734, 64382,    47
44590.5058218,  0.73099,  3985,    45
44590.5140162,  0.01874, 49147,    59
44590.5693403,  0.85007,  9447,    46
44590.5738542,  0.33895, 30266,    46
44590.5784144,  0.82819,  9177,    59
44590.6271875,  0.23717, 49147,    46
44590.7087037,  0.06461,  8427,    46
44590.7694560,  0.04018, 33412,    46
44590.7782870,  0.39432, 35842,    46
44590.8005324,  0.01752,  3063,    47
44590.8196181,  0.49063,   769,    46
44590.8226157,  0.64463, 49147,    55
44590.9945255,  0.16152,  9177,    52
44591.0962616,  0.93477, 16366,    58
44591.1098148,  0.75326, 64382,    46
44591.1131944,  0.18972,  9177,    59
44591.1284491,  0.21266, 64382,    60
44591.1660069,  0.16351, 28775,    47
44591.2119329,  0.72945, 16366,    60
44591.2190278,  0.32957,  5087,    46
44591.2212731,  0.14856, 16366,    46
44591.3078009,  0.08102,  5087,    60
44591.3481134,  0.67739,  3985,    60
44591.3843056,  0.15753, 64382,    69
44591.4101968,  0.56138,  7631,    47
44591.5036690,  0.99928, 49147,    46
44591.5069676,  0.78501, 49147,    46
44591.6666898,  0.14445, 39056,    46
44591.6766088,  0.47832,  3063,    46
44591.8169792,  0.08647, 27725,    46
44591.8404282,  0.29210,  6193,    46
44591.9724884,  0.43106,  9177,    60
44591.9756481,  0.58910, 36809,    67
44591.9761690,  0.86191, 28775,    59
44592.1758912,  0.54568, 64382,    72
44592.1890856,  0.29539, 45596,    46
44592.2384259,  0.05657, 35842,    60
44592.3065972,  0.95591, 28775,    69
44592.3178588,  0.36417, 62222,    46
44592.3281019,  0.51938, 48641,    60
44592.3904167,  0.27979, 50380,    46
44592.3982176,  0.93830, 48641,    46
44592.4305208,  0.00926, 41860,    54
44592.4709606,  0.96261,  3985,    46
44592.6536227,  0.44767, 64382,    60
44592.9131597,  0.74443, 15695,    46
44592.9172569,  0.50364,  9177,    46
44593.0871644,  0.28423,  9177,    46
44593.1203588,  0.27161, 63474,    46
44593.1226157,  0.34869, 49147,    46
44593.2053009,  0.05642, 16366,    46
44593.2209144,  0.77846, 50144,    46
44593.2346296,  0.10157, 16580,    46
44593.2627662,  0.41812, 64382,    60
44593.3265162,  0.67286, 33182,    45
44593.3468056,  0.87791, 64382,    46
44593.5642708,  0.21072,  5087,    46
44593.6982523,  0.95279, 35842,    66
44593.7483565,  0.88722, 33123,    46
44593.7490162,  0.68311, 63474,    60
44593.7616898,  0.87189,  3985,    46
44593.7972338,  0.75839, 58376,    60
44593.8059028,  0.45100, 49040,    59
44593.8161343,  0.20676,  3985,    45
44593.8568403,  0.99134,  3985,    47
44594.0541319,  0.77584,  9177,    60
44594.1659259,  0.59217, 14369,    46
44594.2886343,  0.96153, 14369,    45
44594.3718403,  0.53990, 11039,    60
44594.3914699,  0.25085, 10363,    46
44594.4759954,  0.88672, 15886,    60
44594.4823032,  0.94154, 49147,    45
44594.5345023,  0.63155, 16366,    46
44594.5763542,  0.13490,  3098,    59
44594.6473958,  0.92128, 39056,    59
44594.6746412,  0.29138,  3098,    46
44594.7834028,  0.22805, 64382,    46
44594.8311574,  0.27936, 49147,    45
44594.8683218,  0.47848, 16366,    56
44594.8732870,  0.84772,  3985,    59
44594.8920486,  0.33041, 15886,    59
44594.9171181,  0.81890, 16366,    46
44594.9581597,  0.23949, 63474,    60
44595.1465741,  0.59887, 64382,    46
44595.1715046,  0.28382, 64382,    46
44595.1909144,  0.91103, 10363,    56
44595.2085648,  0.72487,  3985,    46
44595.2545139,  0.27084, 39327,    46
44595.2692593,  0.63501, 16366,    46
44595.2901389,  0.73178, 30864,    47
44595.3233102,  0.65781, 36809,    60
44595.3680787,  0.95349, 12678,    60
44595.3746991,  0.36319, 25974,    62
44595.4188657,  0.33098, 65525,    60
44595.4985301,  0.40500, 64382,    60
44595.5385648,  0.58317, 63557,    46
44595.5387500,  0.34625, 64382,    46
44595.5578819,  0.10687, 64382,    60
44595.5717593,  0.82526, 22052,    58
44595.6350694,  0.11237, 28775,    56
44595.7476273,  0.73595, 28775,    59
44595.7519444,  0.46065, 22496,    59
44595.7915509,  0.41882, 63474,    58
44595.8137963,  0.50164, 63474,    46
44595.8314468,  0.77133, 39056,    47
44595.8714583,  0.39372,  5087,    59
44595.9229398,  0.13550, 64382,    59
44596.0361458,  0.38402, 57787,    59
44596.0370833,  0.39614, 28775,    58
44596.1015625,  0.11172, 16366,    46
44596.1275579,  0.37888, 27150,    60
44596.2770602,  0.26769, 16366,    59
44596.3859606,  0.78818,  5087,    46
44596.4752315,  0.31308, 63474,    46
44596.4878704,  0.05818, 16366,    56
44596.5260532,  0.21065, 62222,    47
44596.8937963,  0.80284, 49147,    46
44596.9074884,  0.73999, 49147,    45
44596.9195718,  0.23681, 62222,    59
44596.9348032,  0.95795, 62086,    59
44596.9717130,  0.93465, 12678,    46
44597.0164468,  0.26371,  9177,    46
44597.2039699,  0.99311,  9054,    46
44597.2635995,  0.04956, 15886,    46
44597.2711227,  0.67015, 12678,    47
44597.2955093,  0.50565,  6193,    56
44597.3142477,  0.04486, 49147,    45
44597.3593750,  0.79730,  2524,    59
44597.3828588,  0.14102, 48641,    46
44597.4170833,  0.11462,  9177,    45
44597.5253704,  0.33655,  5087,    46
44597.5581713,  0.54775, 58857,    59
44597.5919444,  0.87424, 63474,    45
44597.6055787,  0.80378, 62925,    59
44597.7281481,  0.25555,  1291,    46
44597.8035185,  0.01310, 36894,    46
44597.8524769,  0.70749, 63808,    46
44598.1554977,  0.32539, 28775,    46
44598.1981944,  0.48391, 28464,    46
44598.2956713,  0.58670,  9234,    45
44598.3066435,  0.86119, 64851,    46
44598.3494444,  0.19128, 22563,    46
44598.3658102,  0.83395, 16366,    46
44598.3829282,  0.56990, 16366,    47
44598.4467477,  0.51408, 16366,    46
44598.5944097,  0.28802,  9177,    52
44598.6574884,  0.37010,  5239,    48
44598.7080324,  0.19836, 63430,    46
44598.7612269,  0.36871, 64382,    63
44598.8451505,  0.11693, 15695,    59
44598.8854630,  0.81935, 33123,    46
44598.9545602,  0.61608, 64382,    46
44598.9656597,  0.00828, 49147,    59
44599.0282870,  0.17611,  5087,    58
44599.0485417,  0.05131,  9177,    46
44599.0662731,  0.48936, 25883,    59
44599.0845255,  0.08136, 22563,    55
44599.1052431,  0.30607, 49147,    46
44599.1214931,  0.25284, 48641,    58
44599.1429630,  0.58560, 30864,    46
44599.2548727,  0.19958, 33123,    46
44599.2950000,  0.39388, 58721,    59
44599.3721181,  0.40060,  1291,    60
44599.4253009,  0.56748,  3098,    46
44599.4479282,  0.57069, 16366,    46
44599.4523611,  0.82823, 12678,    46
44599.4950231,  0.75067, 25061,    60
44599.4970023,  0.57403,  9177,    46
44599.6347801,  0.46624, 63474,    59
44599.7092361,  0.28442, 27150,    56
44599.7293403,  0.99054, 35449,    46
44599.7924884,  0.98970, 48641,    59
44599.8180093,  0.55665, 63430,    46
44599.9540972,  0.66578, 49147,    60
44599.9571759,  0.23760, 39056,    46
44600.0520370,  0.11621, 39056,    59
44600.0888657,  0.48290, 49717,    66
44600.1002894,  0.15002, 49147,    46
44600.1169329,  0.82768, 37199,    59
44600.1342593,  0.25286, 16366,    60
44600.2403125,  0.06586,  5087,    55
44600.3118403,  0.72914,  9177,    47
44600.3554745,  0.07774, 63474,    46
44600.4150694,  0.05340,  3098,    46
44600.4661921,  0.65795, 35834,    58
44600.5082176,  0.04502,  9177,    46
44600.5313889,  0.28581,  9792,    47
44600.6444097,  0.81002, 15886,    46
44600.6926968,  0.11227, 64382,    47
44600.7203009,  0.52156, 26078,    46
44600.7776157,  0.01171, 22705,    50
44600.7923495,  0.58248, 49147,    48
44600.7964120,  0.00451, 11039,    46
44600.8117130,  0.24734, 28775,    46
44601.0305208,  0.21605,  3985,    96
44601.1672801,  0.47412, 10363,    57
44601.1982523,  0.46221, 23579,    57
44601.2871644,  0.47299, 63474,    57
44601.3344329,  0.72523, 49147,    46
44601.3532986,  0.66952,  3098,    46
44601.3664931,  0.01579,  5087,    59
44601.4150231,  0.64737,  5087,    46
44601.4218403,  0.79715, 25115,    46
44601.4474769,  0.76593, 16366,    45
44601.5164699,  0.33981,  2868,    46
44601.5177083,  0.17772, 49662,    46
44601.5536458,  0.61514, 30864,    44
44601.6690972,  0.30955, 48641,    45
44601.6999537,  0.14853, 49147,    59
44601.7732407,  0.29714, 25061,    46
44601.7783102,  0.95174,  5087,    45
44601.9068287,  0.17527, 64382,    59
44601.9778356,  0.12888, 19739,    59
44602.0683796,  0.39501, 64382,    46
44602.0837500,  0.47392, 14085,    46
44602.1165856,  0.84487, 48641,    59
44602.1639699,  0.06007, 54846,    45
44602.2925116,  0.24415,   799,    59
44602.3025231,  0.62056,  9177,    46
44602.3640278,  0.26136, 16366,    58
44602.3762269,  0.94233, 48641,    58
44602.4543287,  0.16224, 49147,    59
44602.5370023,  0.91130,  3098,    58
44602.5371181,  0.84518,  3098,    46
44602.5939699,  0.91310, 49147,    58
44602.6189468,  0.57672, 16366,    59
44602.6699306,  0.05316, 58376,    45
44602.7212847,  0.36257, 49147,    60
44602.8195486,  0.80949, 12678,    46
44602.8299769,  0.11357, 39056,    45
44602.8695486,  0.67927, 63430,    58
44603.0066551,  0.52900, 48641,    59
44603.0812963,  0.32208,  9177,    46
44603.1326505,  0.65911,  9177,    55
44603.2260301,  0.73437, 33838,    50
44603.2687616,  0.87503, 39171,    46
44603.2950231,  0.90002, 64382,    46
44603.3319676,  0.13025,  3098,    49
44603.3534491,  0.35241,  9177,    46
44603.3857523,  0.22711, 49662,    59
44603.5014005,  0.00434, 49147,    46
44603.5693519,  0.62186,  3985,    58
44603.6014468,  0.36919, 64382,    46
44603.6047454,  0.67739, 49147,    46
44603.6089583,  0.68635, 22563,    46
44603.6396991,  0.54456, 49147,    46
44603.6582870,  0.87175, 64382,    53
44603.7025810,  0.67857,  3985,    47
44603.7210880,  0.62107, 15886,    59
44603.8106829,  0.63523, 62925,    46
44603.8184375,  0.39240, 48641,    58
44603.8269329,  0.18417, 50380,    46
44603.8908912,  0.84794, 14085,    46
44603.9169097,  0.72523, 48641,    46
44603.9436921,  0.28783,  3098,    46
44604.0314815,  0.59637, 58721,    45
44604.0678704,  0.88499, 29717,    46
44604.0900463,  0.67367, 61402,    46
44604.1589352,  0.71870, 14369,    46
44604.1677083,  0.04500, 49147,    46
44604.3319213,  0.29937, 16366,    46
44604.3365278,  0.05705, 48611,    46
44604.3753472,  0.59253, 49147,    46
44604.3898264,  0.81998, 15886,    59
44604.4664468,  0.64298, 16366,    59
44604.5904514,  0.04699, 49147,    59
44604.6010301,  0.20342, 49147,    59
44604.7091435,  0.52632, 64382,    46
44604.7763310,  0.99314, 40977,    46
44604.8110880,  0.59892,  5087,    46
44604.8173264,  0.57890, 28775,    65
44604.8276968,  0.56815, 14085,    67
44604.8279745,  0.52605, 14085,    59
44604.9382060,  0.08827, 64382,    59
44604.9467477,  0.24809,  5087,    46
44605.0371759,  0.24662, 63474,    46
44605.0538542,  0.96374,  9177,    59
44605.1510880,  0.80709, 49147,    60
44605.1528819,  0.08405, 27150,    46
44605.1718519,  0.97024, 12368,    46
44605.1840162,  0.87321, 24453,    46
44605.2697685,  0.02712, 64382,    59
44605.4113889,  0.76665, 65333,    60
44605.4344329,  0.54835, 49147,    47
44605.4451968,  0.91187, 45562,    47
44605.4858912,  0.81064, 64382,    61
44605.5165509,  0.19267,  7631,    55
44605.5773611,  0.94619, 41459,    46
44605.6013426,  0.02734, 16366,    46
44605.7229977,  0.09696, 36809,    60
44605.9627662,  0.41570, 62606,    60
44606.0100810,  0.11282, 49147,    46
44606.1295370,  0.22380, 49147,    60
44606.1577894,  0.54249, 28775,    48
44606.2240625,  0.65342, 24453,    47
44606.2836343,  0.77697, 16366,    57
44606.3273611,  0.46308, 62222,    45
44606.3715856,  0.04260, 64382,    60
44606.3752894,  0.89109, 11664,    60
44606.4250463,  0.71582, 20681,    46
44606.4754167,  0.27974, 42017,    46
44606.4804398,  0.83834,  3985,    59
44606.5013310,  0.80356,  9234,    47
44606.5138194,  0.66669,  9177,    59
44606.5464120,  0.17700, 64382,    46
44606.6889931,  0.71793, 28775,    47
44606.7469792,  0.82012, 42017,    60
44606.7692014,  0.13497, 64382,    46
44606.9337847,  0.16517, 64382,    46
44606.9465972,  0.83560, 65525,    47
44606.9620255,  0.20172, 28464,    46
44606.9740046,  0.59304, 49147,    60
44606.9845370,  0.38580, 28775,    60
44607.0182407,  0.32241, 64382,    46
44607.0194676,  0.48482, 24358,    46
44607.1094329,  0.20301, 11396,    46
44607.1183796,  0.68726, 15886,    47
44607.1227778,  0.36254,  9550,    59
44607.1430671,  0.50488, 16366,    59
44607.2595833,  0.88713, 36809,    59
44607.3526852,  0.19113, 62925,    46
44607.3537500,  0.40180,  2524,    47
44607.4223495,  0.04553, 24838,    46
44607.4410417,  0.82113, 28775,    46
44607.5779977,  0.59306,  9177,    59
44607.6632639,  0.94576, 17926,    60
44607.6832870,  0.05009,  3985,    58
44607.7346412,  0.31989,  5087,    59
44607.8223727,  0.46816, 28775,    47
44607.8987500,  0.48710, 54846,    56
44607.8999306,  0.13761, 64382,    60
44608.1725579,  0.89006,  9177,    46
44608.3815856,  0.16663, 36809,    45
44608.4708449,  0.15847, 49147,    60
44608.5001852,  0.02167, 22496,    59
44608.5118403,  0.14021, 53221,    46
44608.6844097,  0.90102, 49147,    46
44608.7981134,  0.45079,  2524,    59
44608.8045949,  0.55749,  9177,    60
44608.9737963,  0.71270, 65333,    46
44608.9814468,  0.55876,  3063,    46
44609.0031481,  0.70456, 49147,    59
44609.0289583,  0.29275,  3985,    45
44609.1700694,  0.25075, 63474,    46
44609.2274769,  0.97761, 11396,    46
44609.3166204,  0.62889, 28775,    59
44609.3539468,  0.72573, 30864,    58
44609.5028356,  0.41604,  9177,    46
44609.5255787,  0.30480,   799,    47
44609.5339120,  0.61816, 16366,    58
44609.5546759,  0.39794, 12678,    59
44609.6779745,  0.56510, 28464,    46
44609.7040278,  0.27096, 65011,    46
44609.7362269,  0.40514, 17926,    59
44609.8065856,  0.28190, 57204,    52
44609.8171065,  0.89711, 10363,    45
44609.9346875,  0.81580, 62222,    45
44609.9646759,  0.27408,  6713,    45
44609.9901736,  0.78803, 14369,    46
44609.9903819,  0.79610,  9177,    46
44610.0337153,  0.67195, 16580,    59
44610.1376157,  0.55008, 48641,    46
44610.2486690,  0.42103, 12678,    46
44610.3290278,  0.59301, 48641,    59
44610.3723611,  0.54684, 64382,    45
44610.5984722,  0.25349,  9054,    46
44610.6132755,  0.25257,  9177,    46
44610.6811227,  0.23702,  9177,    45
44610.6816898,  0.49725, 64382,    45
44610.7777199,  0.01726,  9234,    56
44610.8008681,  0.63223, 57730,    46
44610.8161458,  0.54837, 49147,    45
44610.8366204,  0.12821, 62222,    58
44610.8678472,  0.00348, 28775,    44
44611.0633565,  0.34728, 36894,    46
44611.0762153,  0.10862, 12678,    46
44611.2180440,  0.50606,  9177,    46
44611.2696644,  0.51818, 35842,    46
44611.2845833,  0.09168, 15886,    45
44611.3470023,  0.78424, 49147,    60
44611.3691551,  0.20249, 35842,    54
44611.4589931,  0.85855, 49147,    46
44611.4741782,  0.46531,   769,    46
44611.6004745,  0.79847,  3098,    45
44611.7864005,  0.17652, 57204,    59
44611.8483218,  0.04507, 49147,    46
44611.8534722,  0.22056,  5087,    59
44612.0047338,  0.30161, 48641,    59
44612.0119097,  0.42168, 22496,    59
44612.0362153,  0.17630,  3098,    45
44612.0508681,  0.33151, 12678,    46
44612.2072222,  0.80179, 57730,    45
44612.2134491,  0.98282, 13268,    59
44612.2519444,  0.11239, 36809,    46
44612.5567593,  0.12818, 28775,    58
44612.6327546,  0.98747, 20553,    41
44612.6861343,  0.99702, 49147,    53
44612.7689815,  0.59848,  3673,    46
44612.7731366,  0.47380, 16580,    46
44612.7764699,  0.12691, 17926,    47
44612.8359144,  0.12773,  9177,    56
44612.8631829,  0.89541,   799,    46
44612.9193171,  0.77637, 12678,    46
44613.0196759,  0.50889, 49147,    46
44613.2306366,  0.10627, 15613,    45
44613.2318750,  0.85979, 11039,    59
44613.3928009,  0.82946, 49147,    59
44613.3928819,  0.16308, 14369,    46
44613.4581019,  0.64444,  3985,    49
44613.6486458,  0.68608,  9447,    44
44613.6799306,  0.75189, 62222,    60
44613.8311921,  0.53649,  9054,    58
44613.9847685,  0.05282,  5239,    58
44614.0313079,  0.64557,  3985,    57
44614.0404630,  0.16610,  6193,    45
44614.3051157,  0.80039, 30266,    57
44614.3188079,  0.16997, 63474,    59
44614.4656944,  0.60892,  3098,    46
44614.4863773,  0.60028, 49147,    46
44614.4980903,  0.90407,   799,    60
44614.5203472,  0.23424,  9177,    46
44614.5294676,  0.73111, 16580,    45
44614.5402315,  0.76293, 64382,    46
44614.5460648,  0.91706, 16366,    46
44614.6183449,  0.31661, 62993,    59
44614.6648727,  0.68630, 63474,    60
44614.6823264,  0.44815, 28775,    46
44614.6922338,  0.83973,  9177,    59
44614.7884722,  0.70353, 32926,    46
44614.9903125,  0.28946, 16580,    60
44615.0046065,  0.09566, 14085,   359
44615.1164352,  0.73559, 49147,    59
44615.1337847,  0.39576, 35842,    60
44615.1691667,  0.55041, 54846,    65
44615.1790046,  0.31562, 65011,    46
44615.1982986,  0.44620, 22705,    46
44615.3010417,  0.02400, 16580,    46
44615.3180208,  0.30069, 58376,    59
44615.3625810,  0.61970, 28775,    45
44615.4007407,  0.85187,  9177,    45
44615.6073148,  0.82622, 28775,    66
44615.6494444,  0.62272,  9447,    58
44615.7271875,  0.34793,  3098,    46
44615.7984954,  0.75926, 14369,    46
44615.9403704,  0.52792, 33412,    59
44616.0356944,  0.33125, 14369,    59
44616.1478241,  0.43293, 49147,    51
44616.3587963,  0.29371, 57730,    58
44616.5828125,  0.04824, 16366,    59
44616.6015741,  0.00554,  9447,    46
44616.6092014,  0.48513, 12678,    63
44616.6395255,  0.11150,   769,    46
44616.6874653,  0.71589,  9234,    47
44616.8205671,  0.12005, 11396,    59
44617.0099190,  0.38512, 64382,    47
44617.0275116,  0.56503, 39056,    47
44617.0939236,  0.84273, 62222,    45
44617.0986921,  0.34917, 64382,    49
44617.1149306,  0.01094, 49147,    59
44617.1507870,  0.92186, 28775,    45
44617.3459491,  0.78285, 36894,    59
44617.3636343,  0.45496,  5239,    47
44617.4007986,  0.83109, 32926,    46
44617.4168519,  0.78467,  6193,    45
44617.4370255,  0.61588, 50144,    46
44617.4943750,  0.40874, 15695,    46
44617.5467940,  0.38481, 24453,    46
44617.5603356,  0.77757, 28775,    45
44617.5727546,  0.85869, 25869,    46
44617.5850000,  0.01440,  1291,    58
44617.6382292,  0.37862, 12678,    48
44617.7251157,  0.40562, 65525,    59
44617.8202083,  0.29241, 60236,    44
44617.8251852,  0.46500, 27150,    45
44617.8508449,  0.60626, 49147,    60
44618.0174190,  0.90462, 64382,    46
44618.0335185,  0.88763, 39056,    46
44618.0659375,  0.43104, 49147,    46
44618.1170255,  0.59548, 13268,    46
44618.1607870,  0.41196, 39327,    46
44618.1830556,  0.94540, 14369,    46
44618.1946644,  0.93254, 62086,    46
44618.4076852,  0.11767, 23262,    46
44618.4277431,  0.50524, 49147,    57
44618.4277778,  0.31939, 61402,    56
44618.4456250,  0.48892, 64382,    46
44618.4659144,  0.88202, 16366,    59
44618.5636921,  0.51084, 63474,    60
44618.6762500,  0.06290, 62222,    46
44618.7478704,  0.94211, 64382,    60
44618.7750579,  0.97046, 64382,    59
44618.7825463,  0.88418, 28775,    46
44618.8156481,  0.30881,   769,    60
44618.8645833,  0.78064, 32926,    45
44618.9153356,  0.03377, 27150,    46
44618.9340509,  0.50992, 57730,    45
44618.9492940,  0.14565, 41459,    46
44619.1953935,  0.98243, 57787,    47
44619.2565856,  0.83407,  9177,    60
44619.3133796,  0.80044, 40977,    59
44619.3283912,  0.83243,  9177,    60
44619.3504167,  0.95210, 49147,    45
44619.3666204,  0.75014, 30864,    46
44619.3922338,  0.11506, 12678,    46
44619.4256713,  0.10757, 28775,    60
44619.4359028,  0.68260, 65333,    46
44619.4776736,  0.32395, 16580,    70
44619.4796991,  0.90218, 64382,    46
44619.5511458,  0.97391,  9792,    46
44619.5856366,  0.62659, 63474,    45
44619.5882755,  0.18967, 57787,    60
44619.5906481,  0.93726, 42017,    60
44619.5996644,  0.35261, 16580,    59
44619.7562731,  0.27060, 64382,    60
44619.9006829,  0.01687, 15886,    45
44619.9051389,  0.40766, 49147,    46
44620.0091782,  0.18967, 28775,    60
44620.1573843,  0.48364, 57730,    61
44620.2384838,  0.98565, 24358,    56
44620.2575810,  0.23820, 63474,    47
44620.3002431,  0.45038,  9177,    60
44620.3864931,  0.04195,  9177,    46
44620.4576505,  0.78254, 28775,    60
44620.4804745,  0.44464, 30266,    47
44620.4871296,  0.39650, 29280,    45
44620.7075231,  0.32049, 63474,    56
44620.8362384,  0.69208,  6193,    46
44620.9176273,  0.01870,  3098,    46
44620.9559954,  0.39864, 63430,    60
44620.9668634,  0.68063, 53243,    61
44621.0547569,  0.66875, 63474,    46
44621.0995833,  0.40034, 62222,    46
44621.1195370,  0.82888, 28775,    60
44621.1977315,  0.86769,  5087,    46
44621.2160880,  0.55581, 16580,    52
44621.2257292,  0.49401, 64382,    46
44621.2735301,  0.69801, 57730,    46
44621.2840046,  0.79907, 64382,    45
44621.3294213,  0.39506, 33123,    47
44621.4825463,  0.39926,   769,    46
44621.5223264,  0.36417, 63430,    59
44621.5363889,  0.55168, 28775,    46
44621.6011574,  0.29990, 64382,    61
44621.6821528,  0.74824, 12678,    46
44621.7081481,  0.72681, 17926,    46
44621.7212384,  0.38577, 33123,    46
44621.7537616,  0.39746,  5239,    57
44621.8943519,  0.01498, 35842,    44
44621.9148843,  0.51746, 41459,    43
