44544.6596759,  0.00972, 64382,    44
44544.6950926,  0.26952, 60792,    45
44544.7891435,  0.88242, 65333,    44
44544.9117245,  0.96647, 49147,    45
44545.0444329,  0.03370, 16366,    44
44545.0769213,  0.08371, 20999,    60
44545.1005093,  0.41884, 17926,    44
44545.1473264,  0.55960, 35842,    58
44545.1598380,  0.73379, 39056,    58
44545.1871991,  0.83217,  8427,    45
44545.1874769,  0.12883, 49147,    45
44545.2076505,  0.74102, 49662,    45
44545.2299769,  0.77205, 22563,    46
44545.2859028,  0.97242, 49147,    44
44545.3030208,  0.36953, 57787,    45
44545.5432292,  0.25519, 48641,    45
44545.6075810,  0.30374, 57787,    44
44545.6251736,  0.57772, 49147,    52
44545.6364352,  0.93813, 51026,    58
44545.6465856,  0.42482, 64382,    58
44545.6563426,  0.11198,  9447,    44
44545.7024537,  0.37788, 28464,    44
44545.7167708,  0.14702, 16366,    45
44545.7324653,  0.16394, 25883,    44
44545.7396644,  0.88372, 49147,    58
44545.7728241,  0.72703, 49147,    44
44545.7998727,  0.50752, 62222,    44
44545.9078241,  0.47853, 28775,    44
44545.9206597,  0.16615, 65333,    53
44545.9433681,  0.96328, 48641,    54
44545.9597917,  0.95188, 63474,    50
44546.0409375,  0.89301, 49147,    44
44546.0817477,  0.51504, 54846,    48
44546.1728009,  0.58982, 49147,    45
44546.2447801,  0.83515, 64382,    44
44546.2596065,  0.44419, 64382,    44
44546.2705671,  0.35431, 16366,    60
44546.2963542,  0.28605, 65525,    45
44546.3054745,  0.66237, 15898,    44
44546.3102778,  0.11849, 57204,    44
44546.4788426,  0.30931,  9177,    46
44546.6598495,  0.14551, 62925,    58
44546.6971875,  0.79187, 64382,    44
44546.7117593,  0.62867,  9177,    44
44546.7650347,  0.99820, 48757,    44
44546.8468056,  0.91350, 63430,    45
44547.0734491,  0.07174, 61402,    58
44547.1013773,  0.05050,  1291,    47
44547.2361921,  0.29393,  5087,    44
44547.2772801,  0.66496, 49147,    57
44547.3228472,  0.01344, 12678,    45
44547.3810301,  0.71354, 24453,    60
44547.3968519,  0.07896,  9177,    45
44547.5489468,  0.95841,  4985,    59
44547.6335532,  0.39079, 49147,    50
44547.6503819,  0.63494, 49662,    58
44547.6504977,  0.37569, 49662,    58
44547.7398727,  0.52413, 30864,    58
44547.7471644,  0.60825, 49147,    44
44547.7756713,  0.77985,  3098,    56
44547.8821412,  0.25745,  5087,    44
44547.9884722,  0.78585, 15695,    59
44548.0493981,  0.52315, 32926,    58
44548.1231134,  0.71939, 58190,    44
44548.2813542,  0.94007, 62925,    44
44548.3711458,  0.17424, 39056,    58
44548.4705903,  0.90659,  7657,    44
44548.6596644,  0.65356, 64382,    59
44548.6957986,  0.65707, 49147,    45
44548.7248380,  0.87496, 64382,    51
44548.7431481,  0.09902, 65525,    45
44548.7454861,  0.64456,  9177,    67
44548.8766551,  0.81772, 53243,    51
44548.8950116,  0.30561, 64382,    59
44548.9014931,  0.51607, 16366,    47
44548.9073843,  0.46564, 57730,    58
44549.1292130,  0.51532, 49147,    60
44549.2358102,  0.48583, 16366,    45
44549.2448611,  0.03019, 16366,    44
44549.2810648,  0.85790,  9177,    58
44549.3423148,  0.03742, 18058,    59
44549.3569213,  0.66201, 57972,    44
44549.4168866,  0.57772, 15695,    47
44549.4270718,  0.30893, 48641,    58
44549.4896296,  0.83759, 49147,    44
44549.5218634,  0.43512, 32926,    45
44549.5226852,  0.21585, 64382,    44
44549.5228704,  0.15849, 64382,    44
44549.5573495,  0.38719, 62222,    44
44549.6446412,  0.66247, 33123,    44
44549.7338889,  0.59215, 49147,    59
44549.7628819,  0.25166,  7433,    58
44549.7757060,  0.64281, 57730,    44
44549.7905208,  0.72542, 39171,    44
44549.8189352,  0.33199, 28775,    44
44549.8743287,  0.36480, 64382,    57
44549.9612616,  0.22622, 57787,    58
44549.9687731,  0.92872, 64382,    50
44549.9845139,  0.53731,  6426,    58
44550.0302083,  0.07658,  2524,    44
44550.0870255,  0.47757, 14369,    55
44550.2021412,  0.48480, 14369,    58
44550.2416319,  0.04234,  2524,    44
44550.3085301,  0.57988, 16580,    58
44550.3335648,  0.11554,  4114,    44
44550.3659838,  0.27264, 48347,    57
44550.4179167,  0.59167, 63474,    44
44550.5109028,  0.71462, 59852,    44
44550.5916088,  0.02866,  1903,    45
44550.6026968,  0.91310,  5087,    44
44550.6171759,  0.66751, 41459,    59
44550.6438657,  0.30081, 49147,    58
44550.6610301,  0.66247, 12678,    44
44550.6712731,  0.41049, 64382,    44
44550.7196296,  0.73334, 49147,    44
44550.7530440,  0.10471,  9234,    58
44550.8754167,  0.17016,  9177,    59
44550.9569097,  0.46317, 49147,    45
44551.0588310,  0.60516, 64382,    46
44551.2100000,  0.14510, 63474,    45
44551.2273148,  0.85202,  9177,    51
44551.6697801,  0.46075, 49147,    59
44551.7019676,  0.36093,  5087,    58
44551.7054630,  0.38061, 41459,    45
44551.7120370,  0.44839,  9177,    45
44551.7129977,  0.85939, 27150,    44
44551.7653125,  0.36708, 64382,    44
44551.7957870,  0.49970, 28775,    43
44551.8208218,  0.46768, 32926,    45
44551.8591667,  0.50414, 22496,    45
44551.9588194,  0.25961, 16366,    58
44551.9704282,  0.82946, 16580,    59
44552.0625231,  0.02314, 16366,    43
44552.0734491,  0.37936, 36894,    43
44552.1031713,  0.11117,  9177,    45
44552.2548958,  0.76394, 49662,    44
44552.4390162,  0.86527, 64382,    45
44552.4465741,  0.15799,  3098,    46
44552.4622685,  0.85876, 49147,    46
44552.4796528,  0.39679,  3098,    60
44552.4874537,  0.24585,   769,    60
44552.5088194,  0.73963, 12678,    45
44552.5202778,  0.75671, 49147,    59
44552.5253704,  0.79814, 64382,    45
44552.5332755,  0.40826, 39056,    45
44552.6078009,  0.61495, 63474,    91
44552.6717130,  0.58855, 62222,    45
44552.9029630,  0.07685, 49147,    44
44552.9031944,  0.49516, 49147,    45
44552.9034838,  0.14973, 49147,    60
44552.9592593,  0.80486, 39056,    45
44553.0419792,  0.70891, 64382,    47
44553.0686227,  0.16831, 16580,    60
44553.1023264,  0.47467, 63474,    45
44553.1846644,  0.81429, 16366,    45
44553.1993634,  0.93477,  3985,    45
44553.2173032,  0.23133,  2868,    60
44553.2481250,  0.64084, 63474,    45
44553.2767593,  0.05086, 28775,    48
44553.3194907,  0.41654, 15898,    45
44553.3592708,  0.45192,  9177,    60
44553.3976968,  0.16389, 49147,    54
44553.4218519,  0.36869, 64382,    45
44553.4262153,  0.36653,  3098,    45
44553.5021644,  0.11803, 50789,    45
44553.5101968,  0.87856,  5087,    45
44553.5208565,  0.77539, 49147,    60
44553.5744213,  0.75484, 53243,    45
44553.6841435,  0.78071, 64382,    45
44553.7053704,  0.77097, 14369,    58
44553.7289468,  0.87983, 49147,    45
44553.8178009,  0.16704, 63474,    45
44553.8272685,  0.49322, 63474,    47
44553.8314005,  0.83047, 64382,    59
44553.9621991,  0.12084, 49147,    45
44553.9624769,  0.10526, 49147,    51
44553.9992130,  0.69729,  7631,    45
44554.1302546,  0.56956,  4114,    60
44554.1515856,  0.97662, 17926,    61
44554.2525347,  0.22968, 63474,    60
44554.2819213,  0.05554, 49147,    59
44554.2829398,  0.10301, 62086,    60
44554.3279051,  0.66974, 64382,    45
44554.3903241,  0.77071,  9177,    45
44554.3942361,  0.96959, 49147,    45
44554.4415046,  0.11388,  9177,    60
44554.7453472,  0.26705, 14369,    45
44554.7834491,  0.00744, 49147,    60
44554.8477894,  0.24585, 33038,    45
44554.8898148,  0.40298, 12678,    58
44554.8928935,  0.51991, 16366,    60
44554.9312153,  0.84847, 64382,    45
44555.0087847,  0.51585,  3985,    60
44555.1156713,  0.45940, 49147,    45
44555.2104167,  0.34425, 12678,    59
44555.2248958,  0.98759, 12678,    60
44555.2326968,  0.10142, 49147,    60
44555.2430324,  0.00098, 15695,    48
44555.2647569,  0.44810, 64382,    46
44555.3419444,  0.57016, 49147,    48
44555.3421181,  0.10771, 49147,    59
44555.5152894,  0.86275, 50144,    60
44555.5301273,  0.49509, 49147,    45
44555.5632407,  0.94607,  6713,    45
44555.5641319,  0.99599, 16580,    60
44555.7346759,  0.01778, 63474,    59
44555.7781019,  0.15945, 64382,    58
44555.8172106,  0.08016, 49147,    60
44555.8553009,  0.29810, 16366,    59
44556.0324306,  0.84475, 15230,    45
44556.1220370,  0.44085, 64382,    59
44556.1806366,  0.24386,  7657,    45
44556.2309722,  0.78537, 14369,    58
44556.2435417,  0.88562, 64382,    51
44556.2545833,  0.46161, 10363,    59
44556.2868866,  0.06389, 49147,    59
44556.3420023,  0.80843,  9177,    45
44556.3803704,  0.91509, 64382,    55
44556.5861806,  0.33029, 63558,    45
44556.6465162,  0.68006, 39056,    47
44556.6591435,  0.96681, 49147,    45
44556.6794213,  0.14762,  7631,    45
44556.7202315,  0.84532, 63474,    45
44556.8399769,  0.29342, 64382,    46
44556.9825116,  0.95596, 49147,    48
44557.1450000,  0.19428, 25869,    60
44557.1722801,  0.50126,  5239,    46
44557.2107292,  0.60669, 64382,    46
44557.2112269,  0.41676, 22052,    51
44557.2826042,  0.35765, 49147,    44
44557.3301968,  0.38947, 63430,    59
44557.3328356,  0.31466, 49147,    45
44557.3648032,  0.96729, 49147,    59
44557.3853472,  0.45578, 63430,    46
44557.3987731,  0.57945, 22386,    45
44557.6207755,  0.25037, 16580,    46
44557.6569792,  0.76720, 64382,    47
44557.6748380,  0.27765, 16366,   149
44557.7647222,  0.25207, 64382,    46
44557.7811921,  0.80572, 64382,    59
44557.9322454,  0.48979, 49147,    46
44557.9630324,  0.39055,  3098,    60
44558.1161690,  0.18689, 63474,    45
44558.1689120,  0.64922, 11664,    46
44558.2260301,  0.52274, 33774,    47
44558.2269907,  0.36787, 49662,    58
44558.2467477,  0.66266, 22563,    46
44558.3231829,  0.92908, 16366,    46
44558.3940972,  0.51124, 49147,    59
44558.4372801,  0.43418, 49147,    45
44558.4496412,  0.18895, 28775,    45
44558.5601620,  0.82259,  9177,    77
44558.5960185,  0.81004,  9177,    44
44558.7669560,  0.56109, 63474,    46
44558.7791088,  0.27048, 40977,    45
44558.8001968,  0.36197, 49147,    45
44558.8209375,  0.83935, 64382,    59
44558.8209606,  0.74059, 28775,    47
44558.8288889,  0.64893, 45596,    45
44558.8385069,  0.78659, 27357,    46
44558.8823843,  0.28421, 63474,    59
44558.9576852,  0.68779, 41459,    45
44558.9796412,  0.90808, 49147,    45
44558.9818866,  0.22236, 64382,    74
44559.0139931,  0.21852, 27245,    72
44559.0141319,  0.64859, 27245,   111
44559.0142014,  0.86411, 27245,   255
44559.0142824,  0.08038, 27245,   273
44559.0144213,  0.51837, 27245,   101
44559.0145602,  0.95975, 27245,    45
44559.0148495,  0.84021, 27245,    57
44559.0150000,  0.28106, 27245,    44
44559.0150694,  0.50085, 27245,    45
44559.0152083,  0.94182, 27245,    44
44559.0152894,  0.16375, 27245,    44
44559.0154977,  0.82540, 27245,    42
44559.0157870,  0.70007, 27245,    45
44559.0172338,  0.12247, 27245,    59
44559.0175116,  0.99959, 27245,    59
44559.0572454,  0.38047, 39056,    45
44559.0678472,  0.24494, 16366,    45
44559.0840972,  0.52288, 62724,    58
44559.0843866,  0.33482, 62724,    42
44559.0844560,  0.53817, 62724,    44
44559.0845023,  0.54568, 62724,    45
44559.0845255,  0.74395, 62724,    44
44559.0845949,  0.95039, 62724,    45
44559.0851042,  0.37912, 62724,    51
44559.0851736,  0.58207, 62724,    44
44559.0852431,  0.78523, 62724,    43
44559.0853125,  0.98884, 62724,    48
44559.0853935,  0.19181, 62724,    49
44559.0854630,  0.39571, 62724,    45
44559.0855324,  0.59923, 62724,    73
44559.0856019,  0.80270, 62724,    60
44559.0856829,  0.00605, 62724,    60
44559.0857523,  0.21060, 62724,    59
44559.0858912,  0.61999, 62724,    58
44559.0860417,  0.03055, 62724,    65
44559.0861111,  0.23486, 62724,    67
44559.0861806,  0.43982, 62724,    57
44559.0863194,  0.84770, 62724,    58
44559.0864005,  0.05249, 62724,    59
44559.0866782,  0.87343, 62724,    56
44559.0867593,  0.08042, 62724,    57
44559.0868287,  0.28701, 62724,    56
44559.0873264,  0.73087, 62724,    57
44559.0873958,  0.93654, 62724,    58
44559.0879051,  0.38100, 62724,    56
44559.1110532,  0.69340,  9054,    45
44559.1112037,  0.14102,  9054,    57
44559.1112731,  0.36597,  9054,   156
44559.1113426,  0.59248,  9054,    62
44559.1114120,  0.81967,  9054,    83
44559.1115625,  0.27506,  9054,    53
44559.1118519,  0.18907,  9054,    48
44559.1127083,  0.93762,  9054,    57
44559.1306829,  0.72542,  9550,    44
44559.1307523,  0.91775,  9550,    58
44559.1308333,  0.11148,  9550,    67
44559.1309722,  0.49730,  9550,    46
44559.1310417,  0.69182,  9550,    58
44559.1311111,  0.88631,  9550,    72
44559.1313310,  0.47268,  9550,    47
44559.1314699,  0.86359,  9550,    58
44559.1315509,  0.05743,  9550,    44
44559.1316898,  0.44584,  9550,    56
44559.1317593,  0.64123,  9550,    57
44559.1318287,  0.83534,  9550,    45
44559.1319792,  0.22029,  9550,    57
44559.1321875,  0.79744,  9550,    44
44559.1327662,  0.33204,  9550,    64
44559.1329051,  0.71702,  9550,    43
44559.1329745,  0.90902,  9550,    44
44559.1331944,  0.48696,  9550,    44
44559.1343403,  0.59815,  9550,    44
44559.1345602,  0.18290,  9550,    57
44559.1669676,  0.24941, 64382,    45
44559.1699537,  0.94149, 64382,    45
44559.2162963,  0.72861, 42017,    59
44559.2529398,  0.77054, 59852,    58
44559.2711690,  0.90558, 49147,    45
44559.3222222,  0.25166, 16366,    59
44559.4082755,  0.98668, 63474,    45
44559.4621528,  0.25785, 57787,    46
44559.5157639,  0.71973, 33182,    44
44559.5219097,  0.05734, 49147,    45
44559.5221065,  0.47810, 49147,    45
44559.5539236,  0.41100, 16366,    45
44559.5629282,  0.06545, 49147,    45
44559.5846991,  0.57948, 49147,    54
44559.5904977,  0.98858, 64851,    46
44559.6078472,  0.35736, 33377,    43
44559.6080556,  0.85876, 33377,    70
44559.6082060,  0.19593, 33377,    56
44559.6089120,  0.87729, 33377,    58
44559.6140046,  0.12758, 63430,    59
44559.6178009,  0.08563,  6193,    45
44559.6178704,  0.28109,  6193,    42
44559.6179398,  0.47812,  6193,    57
44559.6180093,  0.67763,  6193,   227
44559.6181597,  0.07850,  6193,    71
44559.6182986,  0.47923,  6193,    51
44559.6195139,  0.90546,  6193,    44
44559.6198032,  0.71414,  6193,    58
44559.6604514,  0.16759, 57787,    45
44559.7131019,  0.67123,  9177,    45
44559.7401389,  0.49862, 30864,    44
44559.7402083,  0.67027, 30864,    50
44559.7403588,  0.01606, 30864,    57
44559.7404282,  0.18821, 30864,    72
44559.7406366,  0.70636, 30864,    64
44559.7407060,  0.87844, 30864,    73
44559.7407870,  0.05059, 30864,    55
44559.7408565,  0.22488, 30864,    42
44559.7409259,  0.40000, 30864,    42
44559.7409954,  0.57600, 30864,    65
44559.7411343,  0.92730, 30864,    56
44559.7416435,  0.15689, 30864,    43
44559.7418519,  0.68152, 30864,    43
44559.7420023,  0.03113, 30864,    45
44559.7424306,  0.07682, 30864,    44
44559.7425000,  0.25121, 30864,    66
44559.7425694,  0.42396, 30864,    50
44559.7427083,  0.77373, 30864,    58
44559.7427778,  0.94871, 30864,    70
44559.7428588,  0.12444, 30864,    88
44559.7429282,  0.29913, 30864,    98
44559.7429977,  0.47402, 30864,    48
44559.7432870,  0.17729, 30864,    57
44559.7433565,  0.35345, 30864,    42
44559.7434259,  0.53064, 30864,    50
44559.7615741,  0.66424, 14085,    45
44559.7721065,  0.36938, 49147,    45
44559.7825116,  0.10385, 35834,    47
44559.7826505,  0.44450, 35834,    57
44559.7827199,  0.61528, 35834,    76
44559.7830093,  0.30835, 35834,    47
44559.7830787,  0.48261, 35834,    59
44559.7831481,  0.65745, 35834,    45
44559.7832176,  0.83258, 35834,    49
44559.7832986,  0.00658, 35834,    58
44559.8474306,  0.50162, 63474,    58
44559.8985764,  0.25613, 42711,   101
44559.8987847,  0.70319, 42711,    44
44559.8989352,  0.00312, 42711,    44
44559.9129861,  0.54477, 49147,    58
44559.9274769,  0.34514, 25315,   118
44559.9275463,  0.52339, 25315,    44
44559.9276157,  0.70327, 25315,   115
44559.9277662,  0.06302, 25315,   184
44559.9278356,  0.24252, 25315,   137
44559.9279745,  0.60271, 25315,   140
44559.9280440,  0.78206, 25315,   206
44559.9281134,  0.96122, 25315,   114
44559.9281944,  0.14124, 25315,   129
44559.9282639,  0.32246, 25315,   124
44559.9283333,  0.50385, 25315,    93
44559.9284028,  0.68476, 25315,   142
44559.9284722,  0.86411, 25315,    57
44559.9286227,  0.22092, 25315,   174
44559.9286921,  0.40144, 25315,    58
44559.9287616,  0.58224, 25315,    44
44559.9288310,  0.76283, 25315,    72
44559.9289815,  0.12192, 25315,    63
44559.9291204,  0.48220, 25315,    57
44559.9291898,  0.66143, 25315,    51
44559.9292593,  0.84103, 25315,    56
44559.9294792,  0.38304, 25315,    57
44559.9295486,  0.56428, 25315,    44
44559.9296181,  0.74507, 25315,    59
44559.9296875,  0.92526, 25315,    42
44559.9297685,  0.10421, 25315,    57
44559.9300463,  0.82106, 25315,    57
44559.9305556,  0.08681, 25315,    44
44559.9306250,  0.26954, 25315,    56
44559.9311921,  0.73221, 25315,    57
44559.9313426,  0.10078, 25315,    45
44559.9670602,  0.72806, 16366,    45
44560.0176273,  0.78513,  5087,    58
44560.1127778,  0.21717, 16366,    57
44560.1223727,  0.53366, 49147,    58
44560.1394907,  0.07742, 60236,    58
44560.1745255,  0.06017, 12678,    44
44560.2410069,  0.32659,  3985,    45
44560.2562731,  0.10536, 16366,    58
44560.2715278,  0.97854, 49147,    45
44560.3748611,  0.43204,  6713,    45
44560.4001389,  0.79103, 49147,    45
44560.4172338,  0.53152, 63430,    58
44560.5929861,  0.26597, 36894,    44
44560.5967361,  0.99345, 49717,    45
44560.6278819,  0.68889,  3985,    55
44560.6477662,  0.64850, 65525,    50
44560.6905787,  0.36636, 49147,    63
44560.7926273,  0.97703, 28775,    58
44560.7982176,  0.59863, 58857,    46
44560.7982870,  0.71606, 58857,    57
44560.7984259,  0.94948, 58857,    43
44560.7985764,  0.18602, 58857,    44
44560.7986458,  0.30427, 58857,    56
44560.7987153,  0.42271, 58857,    59
44560.7987847,  0.53925, 58857,    47
44560.7988542,  0.65887, 58857,    51
44560.7989931,  0.90218, 58857,    60
44560.8209838,  0.78415, 12678,    45
44560.8660648,  0.31413, 64382,    57
44560.9027894,  0.02813, 16366,    45
44560.9701157,  0.16646, 27150,    51
44561.0033102,  0.67651, 20681,    45
44561.1932060,  0.24542, 15886,    45
44561.3051620,  0.31716, 14868,    46
44561.3053009,  0.56719, 14868,   101
44561.3055903,  0.08196, 14868,    96
44561.3057292,  0.34154, 14868,   112
44561.3058681,  0.59640, 14868,    42
44561.3065046,  0.75007, 14868,    57
44561.3066551,  0.00979, 14868,    60
44561.3067940,  0.27062, 14868,    48
44561.4690972,  0.33559, 39056,    57
44561.4871296,  0.38899, 64382,    57
44561.5718171,  0.63787, 33038,    44
44561.6553009,  0.74512, 49147,    57
44561.6669907,  0.18703, 64382,    44
44561.7197685,  0.56755, 16366,    44
44561.8016435,  0.59954, 41546,    45
44561.8017130,  0.70418, 41546,    43
44561.8018519,  0.91055, 41546,    55
44561.8019329,  0.01330, 41546,    56
44561.8020023,  0.11743, 41546,    55
44561.8022801,  0.54448, 41546,    43
44561.8024190,  0.75995, 41546,    51
44561.8026389,  0.08438, 41546,    43
44561.8027778,  0.30168, 41546,    44
44562.0274421,  0.76756,  9177,    43
44562.0329167,  0.27641,  3985,    44
44562.2980093,  0.75571, 49662,    44
44562.3027083,  0.53964, 49147,    45
44562.3244213,  0.10392, 63430,    46
44562.3762731,  0.86080,  3063,    44
44562.3828588,  0.45732, 63474,    44
44562.4239005,  0.26671, 28775,    46
44562.5114236,  0.85511, 39310,    45
44562.5214120,  0.03677, 39056,    44
44562.5312269,  0.12254, 28775,    44
44562.6454977,  0.50304, 49147,    44
44562.6690856,  0.89157,  9177,    44
44562.7406250,  0.27345, 49662,    44
44562.7992014,  0.45192, 20058,    41
44562.7992708,  0.60355, 20058,    43
44562.7993403,  0.75357, 20058,    65
44562.7994907,  0.05530, 20058,    61
44562.7995602,  0.20923, 20058,    50
44562.7996296,  0.36489, 20058,    51
44562.7996991,  0.52036, 20058,    41
44562.7997685,  0.67723, 20058,    44
44562.7998380,  0.83303, 20058,    67
44562.7999884,  0.14359, 20058,    69
44562.8000579,  0.30005, 20058,    43
44562.8001273,  0.45571, 20058,    56
44562.8001968,  0.61106, 20058,    43
44562.8002662,  0.76504, 20058,    50
44562.8004167,  0.07097, 20058,    42
44562.8004861,  0.22442, 20058,    59
44562.8005556,  0.37824, 20058,    55
44562.8006250,  0.53205, 20058,    59
44562.8006944,  0.68582, 20058,    55
44562.8007639,  0.83839, 20058,    57
44562.8008333,  0.98860, 20058,    51
44562.8009144,  0.14061, 20058,    70
44562.8009838,  0.28795, 20058,   116
44562.8010532,  0.43744, 20058,   187
44562.8011227,  0.58905, 20058,    76
44562.8011921,  0.74219, 20058,   124
44562.8012616,  0.89358, 20058,   211
44562.8014120,  0.20121, 20058,   246
44562.8021181,  0.77795, 20058,    62
44562.8581829,  0.56512, 36809,    57
44562.8593403,  0.77491, 16366,    50
44562.8936458,  0.91778, 14369,    44
44562.9292130,  0.73895,  9054,    42
44563.0027315,  0.25368, 12678,    44
44563.0041435,  0.40322,  9177,    57
44563.0055324,  0.88898, 49662,    43
44563.0850694,  0.35162,  9177,    45
44563.1142477,  0.26647, 16366,    44
44563.2362384,  0.10826, 16366,    44
44563.2467593,  0.39765, 63474,    44
44563.2599074,  0.61581, 23262,    45
44563.2957639,  0.41654, 16366,    77
44563.4390509,  0.41805, 17926,    57
44563.4839583,  0.97754,  3098,    57
44563.5876620,  0.80620,  1291,    57
44563.6867014,  0.92289, 14369,    44
44563.7854514,  0.94878,  5087,    44
44563.7983912,  0.83001, 58376,    42
44563.7991088,  0.78043, 16366,    44
44563.8101042,  0.64096, 53243,    44
44563.8754977,  0.14822, 33774,    44
44563.8764236,  0.86690, 64382,    44
44563.8980208,  0.04752, 58376,    44
44563.8992361,  0.32349, 63430,    57
44563.9643981,  0.93446, 49147,    57
44563.9703588,  0.86879, 28775,    44
44564.0170949,  0.49596, 16366,    56
44564.0353935,  0.14676, 64382,    43
44564.0588310,  0.32933, 29717,    44
44564.0956481,  0.18129, 33123,    57
44564.1951968,  0.88470, 16366,    44
44564.3725463,  0.87630, 48611,    44
44564.3946528,  0.67123, 16366,    43
44564.3947454,  0.72799, 16366,    44
44564.5136574,  0.07063, 16366,   187
44564.5814120,  0.89402,  9054,    56
44564.5995370,  0.07159, 49147,    53
44564.6497569,  0.56373, 49147,    57
44564.7929745,  0.09758, 16580,    44
44564.7950347,  0.02474, 16580,    51
44564.8007176,  0.21053, 16366,    52
44564.8189815,  0.47577, 23262,    44
44564.8840162,  0.53678, 49147,    44
44564.9426042,  0.80080, 49147,    57
44565.0353009,  0.93465,  9177,    44
44565.0405787,  0.80776, 36894,    42
44565.1254745,  0.40084, 47595,    58
44565.2079398,  0.80865, 16366,    44
44565.2212153,  0.51439, 53221,    57
44565.2370370,  0.06326, 49147,    57
44565.2571759,  0.13752, 57730,    44
44565.3950347,  0.32513,  3501,    43
44565.5252546,  0.64963, 15695,    44
44565.5264468,  0.65059, 63474,    45
44565.5279977,  0.14767, 39327,    46
44565.5281597,  0.33617, 24453,    44
44565.5294792,  0.36264,  3098,    45
44565.5734954,  0.56932, 64382,    57
44565.6571759,  0.57760, 39056,    57
44565.6573032,  0.58202, 39056,    56
44565.6750579,  0.09574,  7433,    43
44565.6751273,  0.25958,  7433,    98
44565.6751968,  0.42508,  7433,    79
44565.6753356,  0.75403,  7433,    41
44565.6754861,  0.07956,  7433,    43
44565.6755556,  0.24146,  7433,    42
44565.6758333,  0.89721,  7433,    40
44565.6764120,  0.21494,  7433,    42
44565.7146528,  0.01870, 39327,    57
44565.8174306,  0.39345, 64825,   148
44565.8176389,  0.74603, 64825,    54
44565.8177083,  0.86303, 64825,    58
44565.8177778,  0.98186, 64825,    53
44565.8178588,  0.10008, 64825,    46
44565.8179282,  0.21801, 64825,    42
44565.8179977,  0.33746, 64825,    59
44565.8180671,  0.45600, 64825,    62
44565.8384028,  0.99546,  3985,    44
44565.8687384,  0.57338, 33838,    57
44565.8729167,  0.01853, 27150,    44
44565.8760648,  0.23537, 27357,   238
44565.9314583,  0.34855, 16366,    73
44566.0015394,  0.03161, 65333,    57
44566.0019560,  0.57943, 65333,    72
44566.0023843,  0.14621, 65333,    57
44566.0201389,  0.54964, 42017,    51
44566.0571644,  0.45595, 65525,    44
44566.1690509,  0.23853,  5087,    45
44566.1794444,  0.30797,  3985,    57
44566.4468287,  0.66621, 63557,    42
44566.4468981,  0.85334, 63557,    39
44566.4469792,  0.03617, 63557,    73
44566.4470486,  0.22178, 63557,    43
44566.4473264,  0.96170, 63557,    44
44566.4478356,  0.25128, 63557,    42
44566.4514583,  0.28445, 30864,    44
44566.7559259,  0.59186, 63474,    58
44566.7721065,  0.67629, 29717,    46
44566.7823032,  0.72712, 49040,   116
44566.7823727,  0.90921, 49040,    84
44566.7825231,  0.28466, 49040,   166
44566.7825926,  0.47222, 49040,    90
44566.7826620,  0.65899, 49040,    91
44566.7828125,  0.03151, 49040,    65
44566.7828819,  0.21881, 49040,    58
44566.7830208,  0.59438, 49040,    49
44566.7830903,  0.78237, 49040,    57
44566.7831597,  0.96998, 49040,    44
44566.7832407,  0.15785, 49040,    53
44566.7833796,  0.53299, 49040,    44
44566.7834491,  0.72011, 49040,    56
44566.7835185,  0.90652, 49040,    44
44566.7838079,  0.66554, 49040,    42
44566.7840278,  0.23112, 49040,    45
44566.7843056,  0.98238, 49040,    57
44566.9051620,  0.92978, 49147,    45
44566.9164352,  0.88835, 49147,    58
44566.9523958,  0.99438, 35842,    44
44566.9531597,  0.80407,  3985,    53
44566.9671875,  0.31560, 58376,    58
44567.0568403,  0.53827, 49147,    45
44567.1094560,  0.58917,   799,    44
44567.1604630,  0.15221,  9177,    57
44567.2082176,  0.22125, 49147,    51
44567.2217245,  0.99614,  9177,    45
44567.2557292,  0.64564, 49147,    58
44567.2649769,  0.54736, 50144,    44
44567.4477431,  0.00281,  9234,    45
44567.5056250,  0.24511, 28775,    44
44567.5344792,  0.84746, 36894,    44
44567.5347801,  0.75266, 64382,    45
44567.6620602,  0.85454, 64382,    51
44567.7842593,  0.26383, 27725,    45
44567.7868171,  0.30199,  3985,    58
44567.8456713,  0.49363,  7657,    57
44567.8660185,  0.30266, 53243,    45
44567.9442245,  0.04286, 64382,    45
44568.2828588,  0.18974, 24453,    58
44568.3806597,  0.61694,  5087,    59
44568.3923958,  0.49879, 14369,    45
44568.4443519,  0.08729, 57954,    56
44568.5347917,  0.27554, 64382,    45
44568.6422222,  0.73067, 15886,    45
44568.6562269,  0.24979,  5087,    44
44568.7226968,  0.29253, 63474,    46
44568.7423611,  0.02921, 49147,    45
44568.8350579,  0.52197, 35842,    45
44568.8375810,  0.69616,  6426,    45
44568.9065394,  0.08026, 63474,    58
44568.9143981,  0.75825, 36809,    53
44568.9652315,  0.68690, 25315,    58
44569.0014352,  0.95454, 49147,    65
44569.0184375,  0.18485, 63474,    45
44569.0313310,  0.51672, 16366,    59
44569.0338426,  0.68301, 49147,    45
44569.0737963,  0.20760, 64382,    57
44569.1905671,  0.29333, 16366,   127
44569.3093403,  0.84326, 33838,    58
44569.3174421,  0.91410, 49147,    56
44569.4275926,  0.78139, 12678,    45
44569.4645023,  0.14935, 49147,    58
44569.4772454,  0.92171, 64382,    45
44569.6034838,  0.65467, 49662,    45
44569.6115741,  0.06024, 65011,    59
44569.6588310,  0.45124, 25061,    45
44569.6991551,  0.84542, 28775,    58
44569.7225694,  0.91720, 49147,    58
44569.8367130,  0.86971, 36809,    45
44569.8422454,  0.40526, 49147,    43
44569.8516667,  0.29409, 49662,    58
44569.8645833,  0.38539, 57730,    58
44569.8690046,  0.22058, 49147,    45
44569.9320139,  0.47508, 63474,    64
44570.0422801,  0.48002, 30266,    58
44570.1146065,  0.80699, 49147,    55
44570.2233912,  0.57688, 64382,    59
44570.2950810,  0.38419,  3098,    57
44570.3091204,  0.49075, 14369,    58
44570.3789583,  0.32544, 30864,    48
44570.4193634,  0.82675, 45562,    44
44570.4374421,  0.00010, 14369,    45
44570.4522454,  0.60861, 64382,    45
44570.6136458,  0.68241, 28464,    57
44570.6322222,  0.08018, 16580,    57
44570.6885880,  0.52152, 64382,    45
44570.6951736,  0.89790, 64877,    58
44570.6988426,  0.46965, 64382,    45
44570.7396412,  0.59964, 49147,    45
44570.7480093,  0.31104, 48641,    45
44570.8179514,  0.93486, 16366,    52
44570.9929167,  0.44935,  9177,    58
44571.1048611,  0.23412, 59852,    59
44571.4087153,  0.22661,  5239,    57
44571.4716319,  0.47131,  5087,    59
44571.4752083,  0.99177, 64797,    46
44571.4901505,  0.54187, 12678,    45
44571.6235880,  0.36175, 49147,    46
44571.7099884,  0.32515, 12901,    58
44571.7431597,  0.67147,  9177,    45
44571.7472569,  0.88281, 25061,    45
44572.0019329,  0.39254, 64382,    59
44572.0728472,  0.03679, 32926,    52
44572.2689005,  0.17875, 65011,    59
44572.3068171,  0.91756, 30864,    45
44572.3801968,  0.01330, 49147,    53
44572.4364468,  0.29467, 49662,    45
44572.4820370,  0.13075, 11039,    45
44572.4917477,  0.22812, 49147,    58
44572.5067130,  0.17846, 35842,    45
44572.6586690,  0.65011, 49147,    45
44572.6661111,  0.17789, 49662,    45
44572.6838889,  0.12391,  5239,    45
44572.6906250,  0.45756, 49147,    59
44572.7025000,  0.37265,  5239,    59
44572.7208565,  0.93386, 63474,    59
44572.7318519,  0.67898, 33774,    58
44572.7372685,  0.27811, 49147,    45
44572.7456250,  0.78002, 49147,    45
44572.7698495,  0.71836, 57730,    50
44572.8691667,  0.75160,  8427,    59
44572.9553009,  0.90189, 15886,    51
44572.9853588,  0.81844, 64382,    58
44572.9915509,  0.85274, 63430,    46
44573.0271181,  0.38620, 22563,    59
44573.0348843,  0.91091, 22496,    58
44573.0674653,  0.73994, 49147,    59
44573.1227199,  0.02177, 64382,    45
44573.2634144,  0.04862,  6426,    45
44573.3711458,  0.82725, 65525,    45
44573.3901968,  0.46555, 49147,    58
44573.4576273,  0.16857, 49147,    47
44573.4624074,  0.88739, 64382,    45
44573.5172106,  0.64763, 41868,    45
44573.5727546,  0.70708,  2524,    59
44573.5742593,  0.75842, 28775,    45
44573.6178819,  0.58286, 49147,    59
44573.7736227,  0.70855, 32926,    45
44573.7798611,  0.90582, 48641,    56
44573.8004745,  0.28106, 33182,    46
44573.8246412,  0.36993, 22055,    45
44573.9039120,  0.73564, 15695,    44
44573.9236111,  0.61982, 34852,    57
44573.9497222,  0.63688, 33182,    46
44574.0422917,  0.14153, 49147,    45
44574.0688194,  0.49212, 22496,    45
44574.1325579,  0.57650, 65011,    44
44574.1327431,  0.25445, 49662,    59
44574.3215046,  0.81283, 49147,    45
44574.3602546,  0.72115, 39056,    57
44574.5831019,  0.44080, 49147,    56
44574.6027199,  0.17069, 62925,    60
44574.6322917,  0.51304,  5087,    44
44574.6324769,  0.14736,  5087,    58
44574.6374306,  0.10908, 35449,    45
44574.7040856,  0.46459, 16366,   124
44574.8009375,  0.07865, 16366,    59
44574.8212037,  0.67012, 16366,    60
44574.8230903,  0.21187, 24838,    45
44574.8427315,  0.70291,  3063,    47
44574.8522222,  0.88062, 30266,    60
44574.8537037,  0.13111, 16580,    46
44574.8549884,  0.98567,  9177,    60
44574.9599537,  0.80325, 57730,    59
44575.0383681,  0.57780,  9177,    47
44575.0466551,  0.93827, 33652,    59
44575.0772917,  0.30847, 57730,    45
44575.2037384,  0.39451, 48641,    42
44575.2440509,  0.46560, 65525,    45
44575.2464699,  0.15374, 64382,    58
44575.2508102,  0.83457, 64382,    58
44575.3412500,  0.30201, 65011,    58
44575.3916782,  0.88538, 50144,    58
44575.3955093,  0.36151, 16366,    45
44575.4437963,  0.93952, 49147,    57
44575.4648843,  0.84614, 63474,    45
44575.6600463,  0.51991, 28775,    59
44575.6837616,  0.19704,   769,    46
44575.7225579,  0.21521, 63430,    59
44575.8270949,  0.74471, 27150,    45
44575.8604282,  0.48278, 49147,    59
44575.9377431,  0.68215, 49147,    46
44575.9405671,  0.42770, 64382,    51
44576.0084375,  0.35069,  5087,    56
44576.1040972,  0.59335,  9177,    58
44576.1397917,  0.19956, 64382,    45
44576.1448611,  0.74918, 22496,    45
44576.1715509,  0.70555, 64382,    59
44576.1868519,  0.63715, 24838,    46
44576.2715046,  0.24672, 49147,    65
44576.2869097,  0.02206, 65525,    45
44576.3223148,  0.64857, 64382,    45
44576.3429051,  0.61332, 49147,    60
44576.4014468,  0.43680, 10363,    43
44576.4212384,  0.56656, 22705,    45
44576.5290625,  0.39888, 28775,    45
44576.5894329,  0.08443, 16366,    44
44576.8384491,  0.87268, 65011,    45
44576.8904167,  0.86990, 58376,    45
44576.9837037,  0.24785, 63474,    45
44577.0620370,  0.91240, 16366,    43
44577.1038426,  0.01409,  6193,    45
44577.1190972,  0.85389, 12678,    45
44577.2141667,  0.16920, 16366,    45
44577.2163889,  0.48060, 64382,    45
44577.3304514,  0.51208,  3098,    59
44577.4108449,  0.89294,  3098,    59
44577.4213889,  0.77527,  9177,    58
44577.4566667,  0.49351,  3098,    45
44577.5718519,  0.36854, 49147,    59
44577.5739815,  0.69880, 49147,    58
44577.6316088,  0.26016, 64382,    59
44577.6550231,  0.42520, 49662,    45
44577.7688426,  0.25238,  5239,    58
44577.7897454,  0.41510, 49147,    45
44577.9557292,  0.97581, 50789,    45
44577.9825810,  0.37305,  9177,    45
44577.9923843,  0.53042, 64382,    59
44578.0046412,  0.31713, 49717,    59
44578.1446296,  0.61893, 24838,    65
44578.5447569,  0.12595, 58376,    51
44578.5573495,  0.92882, 64382,    59
44578.6169792,  0.74983, 49147,    43
44578.8073958,  0.67619, 30266,    45
44578.8255324,  0.52809, 63474,    59
44578.8365278,  0.20409, 49147,    45
44578.8473380,  0.31133, 54846,    46
44578.8709375,  0.83656, 49147,    45
44578.8886921,  0.59469, 53243,    45
44578.8912847,  0.71539, 49147,    45
44578.9317940,  0.00816, 62222,    45
44579.0023843,  0.48513, 35842,    45
44579.0446875,  0.92193, 49147,    55
44579.0573958,  0.54508,  3098,    59
44579.0663310,  0.28881, 64382,    45
44579.0664120,  0.66458, 64382,    45
44579.0858796,  0.47844,   799,    45
44579.3074537,  0.71589, 49147,    58
44579.4327778,  0.36259, 49147,    45
44579.4362269,  0.01157, 49147,    58
44579.4586343,  0.50709,  3985,    44
44579.4859491,  0.00391, 28775,    45
44579.4988194,  0.48271, 16366,    58
44579.5040741,  0.66002, 28775,    47
44579.5443866,  0.83714,  3985,    45
44579.7481250,  0.04630, 62925,    60
44579.8005324,  0.81453, 49147,    59
44579.8247454,  0.42096, 58190,    45
44579.8396181,  0.43836, 14369,    45
44579.8610069,  0.18197, 64382,    67
44579.9128472,  0.89850, 49147,    45
44579.9778009,  0.91866, 52062,    47
44580.0114468,  0.33921, 12678,    46
44580.0828125,  0.33026, 49147,    45
44580.1144907,  0.07598, 64382,    45
44580.1614236,  0.83404, 64382,    44
44580.2587616,  0.29565, 12678,    45
44580.2882176,  0.97600, 20553,    45
44580.2961574,  0.51902, 49147,    45
44580.3115509,  0.61300, 16366,    58
44580.3281944,  0.53287, 64382,    59
44580.3994097,  0.56666,   799,    58
44580.5514236,  0.30713, 64382,    45
44580.5660417,  0.38011, 14369,    45
44580.6832986,  0.50313,   769,    59
44580.7128472,  0.28356, 22705,    45
44580.7175926,  0.81321, 36894,    44
44580.7608796,  0.08779, 17926,    46
44580.7694676,  0.93340, 49147,    44
44580.7761458,  0.75203, 49147,    58
44580.7782292,  0.93042, 64382,    45
44580.8085764,  0.44018, 30266,    58
44580.8936574,  0.20141, 12678,    45
44580.9629745,  0.71143,  9177,    46
44581.0994560,  0.79547,  5087,    58
44581.2496412,  0.64355, 63474,    58
44581.2746065,  0.39412,  3985,    58
44581.3062037,  0.39669,  3985,    51
44581.3765162,  0.43140, 27150,    45
44581.4262731,  0.80459, 24838,    59
44581.4714931,  0.19495, 49147,    46
44581.5374653,  0.53580, 32926,    47
44581.7001852,  0.57031, 64382,    46
44581.7817824,  0.41340, 49147,    43
44581.7851620,  0.41632, 64382,    43
44581.7879977,  0.76269, 14085,    58
44581.8280556,  0.84398, 64382,    45
44581.8429514,  0.99803, 28775,    59
44581.8768403,  0.79799, 49147,    59
44581.9181829,  0.83332, 49147,    46
44581.9182986,  0.40682, 49147,    45
44581.9406134,  0.48242, 49147,    59
44581.9544676,  0.59832, 64382,    64
44581.9727199,  0.26340, 49147,    59
44582.1625810,  0.34464, 63474,    45
44582.3927083,  0.18811, 39056,    45
44582.4137153,  0.24552, 49147,    59
44582.4235995,  0.32405, 15695,    54
44582.4239236,  0.03739, 64382,    58
44582.4361574,  0.57813, 62222,    53
44582.5342361,  0.45458, 12678,    59
44582.5961458,  0.39508, 16580,    45
44582.6082176,  0.95740, 64382,    54
44582.6155556,  0.08158,  3985,    45
44582.6991898,  0.15614, 16366,    44
44582.7082986,  0.81947, 63474,    59
44582.7581366,  0.71383, 51026,    59
44582.7637037,  0.72115, 16366,    45
44582.7792130,  0.59239, 49147,    45
44582.8291435,  0.90674, 41459,    58
44582.8641667,  0.88422,  6713,    58
44582.9130324,  0.79209, 64382,    45
44582.9429745,  0.93849, 49662,    45
44583.0550463,  0.63465, 16366,    44
44583.1294444,  0.93306, 64382,    48
44583.1771875,  0.06559, 49147,    46
44583.2297569,  0.49372, 14369,    58
44583.2704977,  0.29633, 16366,    59
44583.3016319,  0.46140, 59746,    45
44583.3271759,  0.20827,  3098,    44
44583.3809491,  0.79223, 16366,    59
44583.5269213,  0.01459, 49147,    48
44583.5269444,  0.30537, 49147,    44
44583.5630903,  0.12581, 35842,    59
44583.5802431,  0.83308, 40977,    58
44583.7222801,  0.04085,  3985,    45
44583.7355671,  0.12142, 48641,    47
44583.7654861,  0.62649, 16580,    47
44583.7989352,  0.56416, 64382,    46
44583.9125116,  0.12667,  5087,    58
44584.0200347,  0.21021, 58376,    60
44584.1131019,  0.22572, 57730,    45
44584.1612963,  0.75350, 48641,    45
44584.2144213,  0.00254, 40977,    45
44584.2443287,  0.26011,  3985,    51
44584.2673727,  0.71075, 62222,    45
44584.3143866,  0.88276, 62222,    45
44584.4065046,  0.57796, 64382,    58
44584.4289120,  0.81412, 49147,    62
44584.5097454,  0.23407, 25315,    61
44584.5748380,  0.31867, 48641,    58
44584.7905556,  0.38008, 49147,    58
44584.9519676,  0.90294, 63474,    45
44585.0297917,  0.87458, 49147,    58
44585.2534259,  0.53865, 57787,    46
44585.3162847,  0.75799,  9177,    59
44585.3257060,  0.25944, 58857,    45
44585.3484375,  0.17316,  3985,    58
44585.3793634,  0.70355, 65525,    45
44585.3882870,  0.70403, 49147,    45
44585.4186690,  0.87451, 39056,    45
44585.4830324,  0.24986, 28775,    58
44585.5069097,  0.08095, 30076,    58
44585.6089005,  0.07046,  9177,    44
44585.7002431,  0.84599, 49147,    58
44585.7107639,  0.56251, 52062,    45
44585.8006713,  0.51079, 35842,    44
44585.8148380,  0.74704, 48641,    58
44585.8335185,  0.72256, 48611,    45
44585.8739583,  0.34745, 49147,    44
44585.9185648,  0.37219, 64382,    58
44585.9904977,  0.61802, 49147,    45
44586.0020486,  0.78849, 16366,    58
44586.0084838,  0.47488, 46068,    45
44586.0141088,  0.58125,  1291,    45
44586.0163194,  0.37262, 24453,    45
44586.0323727,  0.44642,  4114,    58
44586.0729514,  0.45100, 63474,    44
44586.0754745,  0.26978, 64382,    58
44586.0941204,  0.55627, 48641,    46
44586.1271991,  0.23757, 64382,    58
44586.2652662,  0.62630, 49147,    45
44586.3078935,  0.54124, 39056,    45
44586.3991782,  0.78283, 63474,    67
44586.5288657,  0.79473, 65525,    58
44586.5693750,  0.88878, 64382,    45
44586.5868750,  0.56673, 64382,    58
44586.6084838,  0.38150, 49147,    45
44586.6384375,  0.07111, 49662,    45
44586.7380093,  0.57696,  9177,    45
44586.7875347,  0.25809, 49147,    45
44586.7965972,  0.60201, 62925,    58
44586.9215278,  0.57590, 64382,    58
44586.9657292,  0.08825, 33377,    58
44587.0023495,  0.21542, 11396,    45
44587.0247338,  0.17491, 49147,    46
44587.0247685,  0.39024, 49147,    45
44587.0625579,  0.22329, 49147,    45
44587.0803356,  0.59378,  6193,    58
44587.1650926,  0.80303, 17926,    46
44587.2075231,  0.94074, 25315,    54
44587.2264815,  0.19915, 28775,    45
44587.2366667,  0.34368, 12678,    45
44587.2406713,  0.71078, 36809,    57
44587.2936690,  0.13113, 63474,    45
44587.3510185,  0.49646, 49147,    45
44587.3545370,  0.17510, 15695,    45
44587.4006366,  0.42432, 36809,    54
44587.5189005,  0.93520, 49147,    51
44587.5545370,  0.48220,  9177,    51
44587.5719676,  0.79771, 49147,    59
44587.7296875,  0.01152, 49147,    45
44587.7478935,  0.44630, 63474,    59
44587.7593287,  0.84182, 64382,    58
44588.0047106,  0.70403, 63474,    45
44588.0351852,  0.72686, 49147,    45
44588.0430671,  0.36048, 16366,    45
44588.1518403,  0.56541, 49147,    45
44588.1810069,  0.07685, 14369,    58
44588.2718403,  0.56090, 57787,    58
44588.3157523,  0.74894, 22563,    45
44588.3918056,  0.14762, 16366,    45
44588.4079745,  0.79893,  5087,    45
44588.4594907,  0.47402, 35842,    58
44588.5458449,  0.43497, 49147,    57
44588.5787269,  0.01325, 30864,    57
44588.6053819,  0.11213, 64382,    45
44588.6161227,  0.31814, 32926,    57
44588.6733218,  0.61948, 49147,    59
44588.7590741,  0.68135, 65525,    45
44588.8250000,  0.40704, 24453,    45
44588.9225000,  0.55891, 62925,    45
44588.9517593,  0.61344, 64797,    48
44588.9797106,  0.45556,  9177,    45
44589.0272569,  0.25464, 16580,    54
44589.0351852,  0.49125,   769,    45
44589.0702894,  0.37761, 20999,    45
44589.0839583,  0.58917, 30864,    45
44589.1540509,  0.00391,  5087,    58
44589.1820833,  0.46161, 14369,    45
44589.2541667,  0.60201,   769,    82
44589.3337269,  0.46010, 39327,    45
44589.3341319,  0.01205, 53221,    45
44589.3590741,  0.68949, 11664,    58
44589.6311806,  0.86404, 49147,    45
44589.6745023,  0.44728, 62222,    46
44589.7333912,  0.01682, 49147,    47
44589.7614468,  0.16773, 35373,    45
44589.9278009,  0.01450, 11039,    44
44589.9555093,  0.83275, 37199,    58
44590.0481019,  0.87774, 49147,    59
44590.0553588,  0.52860, 48641,    45
44590.1166551,  0.53215, 16580,    58
44590.1238079,  0.10759,  9177,    45
44590.1289468,  0.94192,  3985,    45
44590.1582870,  0.88415, 13268,    45
44590.2681134,  0.33713, 14369,    58
44590.3085301,  0.41059, 39056,    58
44590.5623495,  0.67053, 62222,    45
44590.5909375,  0.43507, 57204,    45
44590.7323727,  0.90508,  5087,    58
44590.7421296,  0.32685, 15886,    45
44590.7962269,  0.37293, 49147,    58
44590.8602199,  0.42261, 35842,    45
44590.8836690,  0.94430,  9177,    45
44590.8882060,  0.65699, 49147,    58
44591.0253125,  0.62942, 65525,    49
44591.0644907,  0.73907, 49147,    45
44591.0875000,  0.30065, 65011,    45
44591.1676389,  0.21125, 64382,    58
44591.2098727,  0.90359, 35842,    57
44591.2789236,  0.85828, 22563,    59
44591.3133565,  0.80231, 43324,    45
44591.3253935,  0.33139,  9177,    45
44591.3736574,  0.61869, 49662,    45
44591.4328935,  0.64799, 24838,    57
44591.4445949,  0.29745, 49147,    59
44591.4446644,  0.80294, 49147,    58
44591.5026968,  0.16793, 49147,    45
44591.5245370,  0.66839, 49147,    58
44591.5272222,  0.69107,  4114,    58
44591.6762616,  0.28056, 57204,    45
44591.7231944,  0.30701, 22563,    45
44591.7523495,  0.11724, 49662,    45
44591.8220139,  0.62304, 16366,    59
44591.8992361,  0.23649, 49147,    45
44591.9492245,  0.58502, 65525,    58
44591.9594560,  0.48880, 48641,    45
44591.9629282,  0.40185, 57204,    58
44592.0102662,  0.01315, 58292,    65
44592.0266088,  0.57768,  6426,    59
44592.0326852,  0.58444, 63474,    59
44592.1248264,  0.63950, 28775,    59
44592.2156134,  0.88298, 64382,    45
44592.2281597,  0.79048, 28775,    45
44592.2495602,  0.99047, 64382,    58
44592.2920949,  0.85509,  9177,    58
44592.2951042,  0.67543, 49147,    45
44592.3450231,  0.26345,  9177,    45
44592.3524884,  0.99208, 48641,    45
44592.4900000,  0.38644,  6426,    45
44592.5084375,  0.80003,  2524,    45
44592.5131134,  0.95692, 49147,    59
44592.5298611,  0.55876, 15886,    46
44592.5559838,  0.40197,  9177,    45
44592.6578472,  0.71011, 16366,    58
44592.7853588,  0.11054,  3063,    46
44592.8252431,  0.68003,  9447,    59
44592.9668634,  0.58178, 49147,    45
44593.0036458,  0.98094, 48641,    45
44593.0484954,  0.03283, 16366,    45
44593.0497569,  0.69635, 49147,    45
44593.0968981,  0.92978, 49147,    44
44593.1113889,  0.48060, 39327,    45
44593.1164699,  0.58711, 22563,    45
44593.1326273,  0.13997,  9792,    59
44593.1429282,  0.55658, 64382,    58
44593.1511574,  0.67912, 49147,    58
44593.2382407,  0.02374, 49147,    45
44593.2704977,  0.79029, 48641,    58
44593.2831019,  0.83169, 64382,    59
44593.2919097,  0.68954, 16366,    58
44593.3095833,  0.05354,  9177,    45
44593.3750347,  0.16639, 49147,    59
44593.4034838,  0.40728, 64382,    43
44593.4253356,  0.52279, 49147,    45
44593.4423380,  0.35784,  9177,    45
44593.4578356,  0.78302, 63430,    58
44593.5590856,  0.50700, 48641,    59
44593.5913079,  0.41148, 12678,    59
44593.6809491,  0.80836, 33412,    46
44593.6824537,  0.91012, 48641,    58
44593.6988542,  0.65464, 49147,    45
44593.7788542,  0.64339, 65333,    58
44593.7847106,  0.97271, 16580,    44
44593.8025231,  0.59356, 49147,    58
44593.9389005,  0.16061, 62222,    58
44593.9702546,  0.43063, 64382,    45
44593.9996412,  0.61183, 62222,    45
44594.0238079,  0.62687, 65525,    46
44594.0456713,  0.06562, 39327,    45
44594.0677083,  0.99386,   769,    45
44594.1013889,  0.14892, 28775,    45
44594.1431597,  0.22956, 64382,    60
44594.2974190,  0.61927,  3098,    45
44594.3342824,  0.55910,  7631,    45
44594.3809491,  0.41016, 49147,    45
44594.4485764,  0.42386, 49147,    45
44594.4879977,  0.17645, 53221,    55
44594.5118171,  0.39964, 33774,    46
44594.6874421,  0.14904, 64382,    45
44594.7895139,  0.86327, 64382,    45
44594.8346296,  0.96006,   769,    45
44594.8425000,  0.52442, 58376,    44
44594.8658796,  0.99129, 49147,    46
44594.9468171,  0.34404, 58376,    45
44594.9774884,  0.26126, 64382,    45
44594.9797106,  0.23570, 64382,    45
44595.0477778,  0.56872,  4274,    58
44595.1056944,  0.26244, 15695,    45
44595.1560648,  0.14981,  3098,    67
44595.1867708,  0.21386, 64382,    47
44595.3380903,  0.37363, 61402,    58
44595.3826736,  0.08472, 16366,    59
44595.4091204,  0.90095, 49147,    48
44595.4248958,  0.81916, 41459,    45
44595.5513194,  0.19817, 64382,    44
44595.5723843,  0.13766, 24838,    44
44595.6853935,  0.47100,  3985,    45
44595.7150694,  0.09614, 62222,    58
44595.7758681,  0.01982, 48611,    56
44595.9129167,  0.87734, 14369,    46
44595.9856134,  0.88634,  9177,    45
44596.1782755,  0.65371, 12678,    45
44596.3573958,  0.45804, 49147,    57
44596.3644213,  0.10094, 58376,    53
44596.4066319,  0.32325, 49147,    45
44596.4277199,  0.35035, 54846,    45
44596.4858333,  0.92454, 55633,    45
44596.5691204,  0.96767, 14369,    58
44596.5923843,  0.90290, 63474,    58
44596.6653704,  0.36060, 61249,    45
44596.6732292,  0.32762, 45562,    45
44596.7801042,  0.16973, 49147,    44
44596.7971296,  0.76667, 62925,    58
44596.8070718,  0.39480, 16366,    45
44596.8667014,  0.32220, 14369,    45
44596.8686921,  0.08566, 35842,    58
44596.9665162,  0.65459, 30864,    45
44596.9711227,  0.40516,  3985,    44
44596.9742477,  0.20006, 14369,    44
44597.1309259,  0.71975, 28775,    45
44597.1607986,  0.43802, 49147,    45
44597.1718634,  0.34637, 49147,    45
44597.2351736,  0.98793, 48641,    58
44597.3035185,  0.47251, 49147,    45
44597.4570833,  0.57660, 64382,    45
44597.6412037,  0.45232,  5087,    58
44597.6458565,  0.27509, 64382,    58
44597.6475116,  0.61879, 12678,    45
44597.7370255,  0.60705, 49147,    58
44597.7415509,  0.53517,   799,    45
44597.9600347,  0.64783, 64382,    44
44598.0431481,  0.90743,  9177,    58
44598.0736111,  0.97096, 49147,    58
44598.0991204,  0.55108, 49147,    59
44598.1006019,  0.44800, 49147,    58
44598.1604745,  0.15849, 49147,    45
44598.1604745,  0.97691, 49147,    45
44598.1674653,  0.99232, 48641,    58
44598.2756829,  0.44208,  3098,    45
44598.2876273,  0.60585, 15886,    44
44598.5769560,  0.12809,  6193,    45
44598.5835995,  0.67437, 49662,    58
44598.7815509,  0.34598, 62222,    45
44598.9239005,  0.54000, 63474,    51
44598.9830903,  0.71493,   769,    58
44599.0296875,  0.98747, 49147,    45
44599.0465972,  0.08976, 12678,    58
44599.0993750,  0.11995, 16366,    58
44599.1003472,  0.49224, 64382,    44
44599.1418056,  0.67475, 64382,    57
44599.2451042,  0.73888, 49662,    57
44599.2695833,  0.72717, 49662,    45
44599.2993519,  0.45852, 49147,    58
44599.4897917,  0.81849, 24838,    45
44599.5061574,  0.93016, 64797,    44
44599.5280208,  0.41260, 28775,    59
44599.5376042,  0.47690, 49147,    58
44599.5667130,  0.89032, 64382,    50
44599.5691435,  0.13250,  9177,    45
44599.6191088,  0.97518, 35842,    45
44599.6489699,  0.50380, 32926,    45
44599.6906366,  0.08580, 25061,    58
44599.6968981,  0.82382, 15886,    46
44599.7417940,  0.45931,  5087,    44
44599.7512500,  0.80683, 16580,    45
44599.7747338,  0.00077,  9177,    45
44599.7748380,  0.60379,  9177,    58
44599.9708565,  0.43269, 16580,    58
44600.0536227,  0.75446, 49147,    58
44600.0797569,  0.37519, 64382,    45
44600.1521644,  0.05412, 64382,    59
44600.1949306,  0.02940, 26078,    59
44600.2059028,  0.47126, 65011,    60
44600.2229861,  0.80551, 48611,    45
44600.2739583,  0.93633, 15230,    45
44600.4013657,  0.46692, 63430,    45
44600.4197338,  0.84091, 64382,    45
44600.4595255,  0.59040,  9177,    45
44600.5618403,  0.79895, 16366,    45
44600.6039352,  0.96419,  9177,    61
44600.7275463,  0.78002,   799,    46
44600.7483912,  0.85531, 63430,    59
44600.7610185,  0.71397, 53243,    45
44600.7932639,  0.77423,  9177,    51
44600.7932755,  0.93642, 64382,    45
44600.8121412,  0.56078, 28775,    59
44600.8264120,  0.55245, 49147,    46
44600.8364120,  0.17275,  5087,    45
44600.9665856,  0.56764,  3985,    59
44600.9994213,  0.99554,  3098,    57
44601.0411574,  0.50613, 64382,    45
44601.0424190,  0.71327, 45562,    56
44601.0669907,  0.45770,  3098,    44
44601.1406019,  0.13075, 65333,    57
44601.1424537,  0.28901,  9177,    45
44601.1579977,  0.12043, 26078,    58
44601.1604051,  0.48914, 64382,    58
44601.2340972,  0.21739, 63430,    45
44601.2767245,  0.93275, 40977,    44
44601.2771528,  0.31521, 49147,    58
44601.3424190,  0.26925, 63474,    45
44601.6598148,  0.65899, 23579,    47
44601.7433449,  0.10702, 39056,    45
44601.7473727,  0.85684, 12678,    58
44601.7698032,  0.73514, 47129,    45
44601.8056481,  0.41570, 25315,    57
44601.9766435,  0.53472, 64382,    46
44602.0541319,  0.07603,  3098,    58
44602.0875810,  0.58615, 64382,    59
44602.0919444,  0.48021,  9177,    58
44602.1296991,  0.08578, 41868,    58
44602.2087616,  0.71577, 49147,    58
44602.2721644,  0.84595, 10363,    58
44602.3454051,  0.20976,  9177,    58
44602.3637963,  0.41344, 63474,    54
44602.4265625,  0.60048, 63474,    42
44602.4798032,  0.61780, 16580,    65
44602.5556713,  0.58399,  4114,    45
44602.5870255,  0.90510, 54846,    57
44602.5980208,  0.43744,  7631,    44
44602.6802546,  0.00391, 49147,    57
44602.6910995,  0.73159, 14369,    58
44602.7213773,  0.96849,  3098,    53
44602.8396644,  0.21468, 49147,    58
44602.8825000,  0.56472, 35842,    45
44603.0041551,  0.53839, 64382,    58
44603.1395370,  0.10958, 49147,    46
44603.1754861,  0.73787, 48641,    44
44603.1879051,  0.97869, 13268,    57
44603.1901389,  0.70999,  5087,    45
44603.2238773,  0.15408, 23579,    45
44603.2282060,  0.80092, 39056,    45
44603.2627315,  0.42146, 49147,    58
44603.3538079,  0.66326, 62222,    46
44603.3716088,  0.17465, 16580,    45
44603.3948843,  0.97516,  9177,    45
44603.4938079,  0.72938, 14369,    45
44603.5440972,  0.01015,  3063,    43
44603.5465972,  0.10202, 49662,    45
44603.6653009,  0.65001, 15886,    44
44603.7438773,  0.84506, 49147,    59
44603.7776389,  0.56037, 63474,    44
44603.8722569,  0.12749, 49147,    45
44603.8893403,  0.50995, 39056,    44
44603.9755671,  0.76559, 64382,    45
44604.0139005,  0.82377, 49147,    46
44604.0244444,  0.19687, 64382,    46
44604.2134606,  0.66292, 49147,    45
44604.2594907,  0.66295, 64382,    57
44604.2715046,  0.89332, 49662,    45
44604.3350231,  0.06358, 58376,    45
44604.3624074,  0.72719, 48757,    58
44604.3630324,  0.35395, 63430,    45
44604.3741782,  0.50371, 64382,    45
44604.4668287,  0.18583,  9177,    45
44604.4869907,  0.50500,  9177,    58
44604.5559144,  0.98834, 20681,    45
44604.6744907,  0.59724, 30266,    45
44604.7491088,  0.58262, 49147,    58
44604.8319097,  0.22351, 64382,    45
44604.8355324,  0.28361, 49147,    57
44604.8475810,  0.04538, 15695,    47
44604.8667130,  0.00566, 64382,    57
44605.0388310,  0.00456, 49147,    58
44605.2161111,  0.06494,  9177,    58
44605.2679630,  0.22929,  3985,    46
44605.3596296,  0.53452, 39327,    60
44605.4398380,  0.79233, 33412,    45
44605.4476273,  0.68515, 49147,    45
44605.4527778,  0.01361, 65011,    45
44605.4735185,  0.74635,  3673,    52
44605.5327778,  0.84107,   799,    45
44605.6376505,  0.43027,  5087,    45
44605.7031250,  0.56011,  3098,    59
44605.7723495,  0.59832, 49147,    45
44605.8589583,  0.73207,  5087,    45
44605.8771991,  0.58329, 16366,    44
44605.9247222,  0.27129, 29717,    59
44605.9632523,  0.53623, 62925,    53
44605.9635069,  0.49677,  9177,    46
44605.9739352,  0.27285, 48611,    45
44605.9743866,  0.79485,  9177,    46
44605.9934259,  0.86860,  1903,    46
44606.0653125,  0.75062,   799,    58
44606.1307060,  0.79418, 63474,    58
44606.1717824,  0.59692, 64382,    58
44606.1934954,  0.87993, 12678,    59
44606.3229861,  0.61876, 64382,    45
44606.3371875,  0.24365, 14085,    46
44606.4366782,  0.22106, 49147,    47
44606.6097338,  0.84031, 28775,    45
44606.6177083,  0.08306, 12678,    45
44606.6201968,  0.57480, 16366,    45
44606.6668171,  0.56731, 65525,    45
44606.8826852,  0.82312, 16366,    45
44606.9019213,  0.60016, 65011,    59
44606.9553935,  0.81213, 16366,    42
44607.1308681,  0.93210,  9177,    45
44607.1374884,  0.51652, 12678,    44
44607.2215509,  0.09650, 65333,    46
44607.2631019,  0.19262, 16366,    58
44607.2678935,  0.07164, 15886,    58
44607.2764236,  0.95738, 64382,    59
44607.2844213,  0.70603, 49147,    45
44607.3209722,  0.06499, 49717,    45
44607.3398958,  0.49348, 55861,    42
44607.3445139,  0.62527, 16366,    47
44607.3915972,  0.59630, 64382,    45
44607.4020370,  0.96921,  4114,    45
44607.4266667,  0.71107, 64382,    58
44607.5052662,  0.87105, 64382,    44
44607.5335880,  0.07013,  2524,    45
44607.5798958,  0.47004, 28775,    59
44607.5912963,  0.02585, 16366,    58
44607.5938542,  0.22164, 49147,    45
44607.6776273,  0.80555, 58376,    45
44607.6930440,  0.38349, 49147,    58
44607.8107523,  0.90237, 49147,    45
44607.8109606,  0.89183, 33038,    45
44607.8669213,  0.78047, 48641,    45
44607.8692940,  0.89380,  9177,    46
44607.9327315,  0.48470, 58190,    43
44607.9715741,  0.94458,  5087,    58
44608.0083333,  0.96237,  9177,    55
44608.0330324,  0.54492, 49147,    58
44608.0941204,  0.94175,  3985,    45
44608.2084375,  0.56258, 53243,    43
44608.2582755,  0.32669, 63474,    58
44608.3524306,  0.01032, 57730,    58
44608.4241551,  0.92164, 16366,    45
44608.4641898,  0.21235,   769,    57
44608.4708218,  0.60928,  5087,    59
44608.5317130,  0.89896, 62222,    45
44608.5382292,  0.60871, 12678,    58
44608.5565625,  0.76951, 49147,    45
44608.6065394,  0.43190, 57730,    54
44608.7802662,  0.07190, 49147,    44
44608.8209375,  0.42448, 28775,    56
44608.8276273,  0.19675, 16366,    49
44609.0335301,  0.77618, 63474,    57
44609.2604167,  0.92536, 41868,    44
44609.3649653,  0.07282, 12678,    57
44609.4079398,  0.49142,   769,    44
44609.4339005,  0.01627,  9177,    45
44609.6395023,  0.35383, 48611,    57
44609.6854282,  0.59068, 16366,    44
44609.7072569,  0.41709, 49147,    44
44609.7339120,  0.19399, 33838,    43
44609.7701505,  0.33355, 49147,    44
44609.8756134,  0.66343, 28775,    57
44609.8857407,  0.82389, 14369,    44
44609.9098380,  0.12132, 27150,    57
44609.9722338,  0.98068, 40977,    55
44610.0206019,  0.54045, 16366,    43
44610.0949653,  0.04466, 64382,    57
44610.1335069,  0.00173, 63474,    58
44610.1892477,  0.68939, 54846,    55
44610.1963657,  0.34579, 48641,    55
44610.2455093,  0.48631, 28775,    45
44610.2515625,  0.27005,  9177,    45
44610.3120370,  0.77786, 49147,    46
44610.3405556,  0.73161, 32926,    45
44610.4150579,  0.08654, 16366,    44
44610.4190394,  0.17693, 16366,    58
44610.4192593,  0.06487, 16366,    42
44610.4695486,  0.42902,  9177,    44
44610.5526852,  0.67547,  3673,    44
44610.6337384,  0.14472,  5239,    57
44610.6427199,  0.69724, 16366,   148
44610.7226620,  0.53582,  9177,    44
44610.7334259,  0.47980, 11039,    55
44610.7716204,  0.93662,  9177,    44
44610.7845486,  0.79941, 49147,    44
44610.8106713,  0.80829, 16366,    44
44610.8568981,  0.19620, 41459,    45
44611.0929282,  0.22063, 46068,    44
44611.3088773,  0.66475,  6426,    57
44611.3399190,  0.68188, 54846,    44
44611.4145949,  0.04402, 22496,    45
44611.4324421,  0.48357, 57787,    45
44611.5460417,  0.50359, 16580,    45
44611.6946296,  0.00319, 65011,    45
44611.7551620,  0.25490,  9177,    58
44611.8459491,  0.87211,  9447,    44
44611.8926620,  0.48309, 49147,    44
44611.9110417,  0.33317, 19739,    58
44611.9132407,  0.34181, 49147,    45
44611.9632639,  0.19032, 28464,    53
44612.0714931,  0.24588, 39056,    57
44612.0998032,  0.23556, 16366,    58
44612.1127894,  0.62073, 49147,    51
44612.1234491,  0.07433,  5087,    44
44612.1357407,  0.45052, 49662,    45
44612.2538773,  0.12341,  7433,    44
44612.2966667,  0.10910, 36894,    58
44612.3179745,  0.10596, 22563,    58
44612.4240625,  0.63595, 15613,    45
44612.4446991,  0.99755, 49147,    57
44612.4571644,  0.79120, 63474,    44
44612.4601157,  0.89200, 49147,    65
44612.4762731,  0.88977, 39310,    45
44612.5269329,  0.52248, 63474,    46
44612.5684259,  0.34404, 16366,    45
44612.6162963,  0.28113, 59852,    47
44612.6626505,  0.24350, 64382,    51
44612.8449653,  0.97142, 10363,    44
44612.9451273,  0.65234, 49147,    52
44613.0146759,  0.64612, 57204,    44
44613.0364583,  0.24461, 64382,    58
44613.1042130,  0.07154,  3098,    44
44613.1228935,  0.51568, 49147,    45
44613.1572569,  0.96822, 16366,    45
44613.1620949,  0.78580,  9177,    58
44613.2013079,  0.90642, 49147,    45
44613.4013194,  0.18981, 28775,    45
44613.4334028,  0.63578, 15695,    44
44613.4348727,  0.53186,  9177,    44
44613.4425926,  0.32253, 15886,    49
44613.5031019,  0.61620, 41459,    58
44613.5170833,  0.37956, 16366,   155
44613.5492593,  0.28524, 49147,    45
44613.5739699,  0.12211, 15886,    45
44613.5992361,  0.81052, 14369,    58
44613.6406597,  0.77723,  9177,    46
44613.6923727,  0.77788, 49147,    57
44613.6924769,  0.85034, 49147,    58
44613.6925694,  0.07051, 49147,    58
44613.6978935,  0.46735, 36676,    44
44613.8038194,  0.14865, 62222,    45
44613.8139005,  0.50704, 13268,    45
44613.8162963,  0.51996, 64382,    44
44613.8457986,  0.22457, 57787,    57
44614.0262153,  0.89862, 14369,    46
44614.1598611,  0.24141, 16366,   139
44614.2068056,  0.67943, 59746,    45
44614.3534144,  0.97881, 36809,    44
44614.3545833,  0.51513,  9177,    57
44614.3966319,  0.48192, 64382,    45
44614.5409259,  0.96969, 12678,    45
44614.5671181,  0.02777, 16366,    61
44614.5879398,  0.79972, 64382,    44
44614.7078009,  0.29844,  9177,    52
44614.7492130,  0.05873, 64382,    44
44614.8067245,  0.34471, 64382,    58
44614.8143403,  0.33372, 42017,    57
44615.0018171,  0.55130, 63557,    58
44615.1381944,  0.45547,  6426,    59
44615.1612731,  0.77920,  5087,    83
44615.2848380,  0.09127, 49147,    58
44615.3327662,  0.92990, 64382,    58
44615.3829051,  0.28037, 64382,    54
44615.4155671,  0.57520, 42017,    57
44615.4943866,  0.48633,  9177,    65
44615.5334954,  0.24374,  9447,    45
44615.5847917,  0.39098, 11732,    58
44615.6501505,  0.73111,  4114,    44
44615.6568866,  0.92265, 36809,    44
44615.7366319,  0.60806, 14369,    45
44615.8510069,  0.95992, 33774,    44
44616.1494907,  0.39165, 10363,    63
44616.1587269,  0.72875, 49147,    59
44616.2388657,  0.80051,  3063,    45
44616.4851736,  0.00012,  3985,    44
44616.5260880,  0.44229, 49147,    58
44616.5513889,  0.99854,  9054,    68
44616.6148032,  0.90318, 49147,    59
44616.7386227,  0.11638, 64851,    59
44616.9014005,  0.50673,  5087,    45
44616.9214005,  0.85879, 14369,    44
44616.9603241,  0.79351,  9447,    44
44617.0195370,  0.40672, 16366,    44
44617.1245255,  0.22646, 64382,    44
44617.2014236,  0.32085, 12678,    44
44617.2204398,  0.31327, 28775,    44
44617.3474306,  0.13279, 28775,    44
44617.3721065,  0.31361, 49147,    55
44617.3721644,  0.56997, 49147,    44
44617.3909144,  0.43792, 64382,    44
44617.3986806,  0.56071, 22563,    44
44617.4424421,  0.32635, 49147,    59
44617.4474074,  0.60880, 63474,    44
44617.5267361,  0.85898, 63474,    59
44617.5654051,  0.15468, 28775,    45
44617.6558218,  0.79936, 49147,   100
44617.6672569,  0.31502,  7631,   101
44617.6688542,  0.56548, 50144,    46
44617.7611921,  0.38320, 12678,    50
44617.8811343,  0.14445, 49147,    44
44617.8882986,  0.73711, 16366,    45
44617.8936574,  0.09780, 42017,    45
44617.9151273,  0.01248, 12678,    44
44617.9880671,  0.26457, 49147,    44
44618.1017014,  0.02434, 24358,    44
44618.1093981,  0.92601, 49662,    44
44618.1991319,  0.88038, 42370,    44
44618.2437963,  0.42048, 35842,    59
44618.2993056,  0.27333, 12678,    44
44618.3590046,  0.47532, 14369,    43
44618.3722106,  0.31596, 36809,    57
44618.5046065,  0.94974, 49147,    44
44618.5490394,  0.78376,  7657,    44
44618.5490741,  0.73180,  7657,    44
44618.5989352,  0.17085, 49147,    52
44618.6276852,  0.32385, 14369,    42
44618.6433449,  0.43065, 15886,    44
44618.6644792,  0.22013, 40977,    45
44618.7619907,  0.41196,  3098,    58
44618.8065856,  0.78688,  3098,    44
44618.8388426,  0.17642,  5087,    44
44618.8496296,  0.20573, 49147,    60
44618.9179051,  0.62882, 53243,    60
44619.0418866,  0.97228, 40977,    59
44619.0551157,  0.44008, 49147,    60
44619.0677315,  0.91024, 49147,    51
44619.1037384,  0.19289,  3985,    43
44619.1094560,  0.51105, 28775,    42
44619.1466204,  0.19855, 15886,    44
44619.2075347,  0.53342, 49147,    61
44619.2077662,  0.59565, 49147,    59
44619.2839120,  0.01178, 49147,    60
44619.3878241,  0.13850, 49147,    43
44619.4873495,  0.94010, 62222,    44
44619.5004977,  0.73881, 64382,    45
44619.5034838,  0.94974, 63808,    45
44619.6159838,  0.21233, 49147,    59
44619.6392361,  0.04222, 57204,    60
44619.6549653,  0.58288, 64382,    44
44619.7084722,  0.60453, 28775,    59
44619.7384028,  0.97149, 61402,    43
44619.7687963,  0.34601, 65525,    43
44619.9510069,  0.63561,   769,    43
44620.0115278,  0.22423, 49147,    44
44620.0153356,  0.82847, 64382,    44
44620.0213079,  0.64199,  5087,    43
44620.0828125,  0.94941, 39327,    44
44620.1108333,  0.23755, 28775,    43
44620.1353472,  0.51607, 49147,    62
44620.1426157,  0.00504, 28775,    60
44620.1573495,  0.33578, 48641,    61
44620.2690278,  0.97442, 49147,    42
44620.2958333,  0.03437, 50789,    45
44620.3569792,  0.34080, 16366,    43
44620.3852431,  0.49257, 49147,    49
44620.4210532,  0.60525, 36894,    43
44620.4336111,  0.07051, 15886,    48
44620.4354514,  0.90158, 49662,    61
44620.4742708,  0.45235, 49147,    43
44620.4916667,  0.15938,  3098,    61
44620.5116435,  0.68047, 16366,    62
44620.5739699,  0.14496,  3985,    61
44620.7744329,  0.26601, 49147,    62
44620.8470718,  0.54888, 28775,    61
44620.8834144,  0.03485, 16366,    43
44620.8905324,  0.90083,  3985,    43
44620.8985417,  0.98970, 16580,    43
44621.0357292,  0.07937, 62086,    43
44621.0532523,  0.85238, 49147,    62
44621.0641204,  0.91871, 53243,    43
44621.1982407,  0.63967, 63474,    42
44621.2315856,  0.74205, 16580,    42
44621.2325463,  0.08861, 49147,    62
44621.2636690,  0.65603, 64382,    62
44621.2681944,  0.06386, 28775,    44
44621.2855787,  0.75657, 62222,    61
44621.3614236,  0.55219, 10363,    43
44621.4245718,  0.01694, 49147,    63
44621.4316898,  0.63273,  9177,    63
44621.4402083,  0.04507, 14369,    63
44621.4871759,  0.52000, 28775,    43
44621.5357639,  0.83783, 45562,    61
44621.5604398,  0.23306, 12678,    61
44621.5848148,  0.65517, 49717,    43
44621.5918056,  0.74498, 36809,    61
44621.6260532,  0.92265,   769,    50
44621.6769676,  0.08419,  9177,    43
44621.8623843,  0.23467, 36809,    34
44621.9494329,  0.53640, 28775,   102
44621.9499537,  0.69179, 55861,    39
44621.9787731,  0.77320, 49147,    34
