44544.6940972,  0.88031, 16366,    46
44544.7289005,  0.77119, 49147,    46
44544.7401157,  0.94322, 33123,    46
44544.8112037,  0.47193,  3985,    60
44544.8249190,  0.20076, 16366,    46
44544.8967014,  0.58461, 64382,    46
44544.9090162,  0.55442, 64382,    47
44544.9427083,  0.60004, 49147,    46
44544.9582870,  0.91252, 32926,    46
44544.9860417,  0.78093, 28775,    47
44545.0193287,  0.10378, 49147,    56
44545.1055440,  0.30441, 64382,    46
44545.1527431,  0.76670, 16366,    46
44545.2460764,  0.48688, 62222,    60
44545.3087500,  0.19764, 49147,    59
44545.3483796,  0.53275, 16580,    46
44545.4793981,  0.75907, 49147,    46
44545.5204282,  0.54338, 48641,    46
44545.5225926,  0.49569, 24838,    46
44545.5243519,  0.75326, 35842,    59
44545.5306250,  0.69871, 35842,    46
44545.5343634,  0.28673, 49147,    46
44545.5644444,  0.45741, 49147,    60
44545.6537963,  0.57962, 49147,    46
44545.6600347,  0.45321, 49147,    42
44545.6873611,  0.94139, 64382,    46
44545.7078588,  0.73994, 62925,    46
44545.7201505,  0.75045, 49147,    60
44545.7905208,  0.83356, 10363,    47
44545.8139352,  0.65459, 64382,    46
44545.8890394,  0.78794,  9177,    48
44545.9247917,  0.18353, 49147,    47
44545.9603356,  0.16737, 49147,    59
44545.9808218,  0.55593, 64382,    46
44546.0535995,  0.00211, 64382,    49
44546.0664815,  0.42379, 49147,    59
44546.1062731,  0.95356, 49147,    46
44546.2142708,  0.72047, 39056,    46
44546.2207755,  0.12677, 64382,    46
44546.2402894,  0.87930, 63474,    59
44546.3081134,  0.55677, 28775,    47
44546.3394329,  0.20090, 64382,    60
44546.3695833,  0.52365, 64382,    46
44546.3726389,  0.50992, 64382,    46
44546.4476505,  0.95018, 48641,    46
44546.5534954,  0.15369,  6193,    46
44546.5577431,  0.07514, 64382,    46
44546.5802894,  0.34956, 12678,    45
44546.6712500,  0.21609,  9177,    46
44546.6985069,  0.20988,  3098,    46
44546.7034028,  0.02086, 39327,    46
44546.7437616,  0.09178, 35842,    46
44546.7685301,  0.83032, 49147,    59
44546.7992593,  0.71272, 49147,    57
44546.8402083,  0.42172, 64382,    60
44546.8449306,  0.55977, 49147,    46
44546.8450231,  0.25656, 49147,    46
44546.8924306,  0.40008, 49147,    60
44546.9221181,  0.22027,   799,    59
44546.9300347,  0.15948, 49147,    60
44547.0552199,  0.72043, 64382,    59
44547.0685417,  0.69561, 64382,    45
44547.1739236,  0.14517, 64382,    46
44547.1877431,  0.97775, 49147,    46
44547.2103356,  0.09274, 63808,    60
44547.2475694,  0.41006, 49147,    46
44547.2650810,  0.31543, 49147,    46
44547.3251852,  0.18547, 39056,    47
44547.3577778,  0.52941,  9177,    46
44547.3928125,  0.24698, 49147,    59
44547.4227431,  0.16889, 64382,    46
44547.4389583,  0.78657, 49147,    46
44547.4586227,  0.96678,   799,    46
44547.4666782,  0.05808, 63808,    57
44547.4789005,  0.57753, 16366,    59
44547.5879514,  0.75103, 10363,    46
44547.6066319,  0.42679, 49147,    60
44547.6400926,  0.38743, 49147,    60
44547.6521296,  0.19572,  3098,    46
44547.6750810,  0.34889, 49147,    56
44547.6866435,  0.98099, 16580,    46
44547.6968403,  0.30607, 65525,    54
44547.7005787,  0.01354, 64382,    60
44547.7107523,  0.60501, 49147,    46
44547.7351505,  0.04502, 28775,    46
44547.7998148,  0.40843, 64382,    47
44547.8247454,  0.08369, 49147,    45
44547.8448032,  0.26361, 49147,    46
44547.8596412,  0.69467, 16366,    46
44547.8809954,  0.64838, 49147,    46
44547.8944213,  0.61344, 16366,    46
44547.9518287,  0.08645, 49147,    46
44547.9612731,  0.77651,  5087,    46
44547.9769329,  0.78921, 49147,    46
44548.0059838,  0.70298, 49147,    60
44548.0201273,  0.32563, 64382,    47
44548.0278125,  0.76430, 64382,    46
44548.1008218,  0.68860, 28775,    45
44548.1208102,  0.78463, 64382,    47
44548.1332407,  0.05422, 36676,    59
44548.1358218,  0.18117, 12678,    46
44548.2431250,  0.06818, 64382,    46
44548.2461921,  0.17702, 28775,    46
44548.2496991,  0.32481, 14369,    45
44548.4335185,  0.86219, 64382,    60
44548.4730903,  0.18902,  3985,    46
44548.4742940,  0.36408, 16366,    46
44548.4743519,  0.94113, 49147,    44
44548.4760532,  0.63587, 49147,    46
44548.5012731,  0.98217, 12368,    45
44548.5302662,  0.36029, 49147,    46
44548.5315394,  0.14846, 49147,    46
44548.5321991,  0.44392,  9177,    60
44548.6372454,  0.60914,  5087,    46
44548.6717708,  0.82552, 64382,    46
44548.7358565,  0.43665, 30266,    60
44548.8398148,  0.67125, 65525,    46
44548.9393171,  0.46876, 64382,    46
44548.9640856,  0.52879,  9177,    59
44548.9907986,  0.19800, 63474,    60
44548.9941435,  0.91456, 49147,    47
44549.0614352,  0.98142, 58857,    59
44549.0624769,  0.30355, 49147,    46
44549.0781597,  0.86863, 16366,    58
44549.0886458,  0.21036, 49147,    47
44549.1032986,  0.71651, 33123,    46
44549.1063542,  0.65668,  5087,    46
44549.1662963,  0.84328, 54846,    46
44549.1684954,  0.74963, 29418,    46
44549.2217824,  0.33602, 63474,    58
44549.2726852,  0.84129, 49147,    46
44549.2755671,  0.60376, 64382,    46
44549.2904977,  0.09754, 16366,    59
44549.3153819,  0.89404, 64382,    60
44549.3208565,  0.92994, 10363,    60
44549.3296412,  0.06619, 32926,    46
44549.3328356,  0.92714, 63558,    45
44549.3411690,  0.42705, 49147,    59
44549.3686343,  0.48355, 49147,    47
44549.3819907,  0.39307, 47595,    46
44549.3961227,  0.24871, 64382,    46
44549.4238889,  0.01906, 64382,    46
44549.4402431,  0.07802, 64382,    59
44549.4580787,  0.54252, 64382,    46
44549.4844676,  0.95618, 49147,    45
44549.5497801,  0.96705, 49147,    46
44549.5546065,  0.89987, 42017,    53
44549.5628935,  0.25005, 12678,    44
44549.5629051,  0.38596, 49662,    59
44549.5880556,  0.67819, 49147,    59
44549.5889005,  0.34620, 64382,    60
44549.5890741,  0.26347, 64382,    46
44549.6555324,  0.72971, 16366,    60
44549.6622685,  0.86975, 64382,    45
44549.6898032,  0.29186, 64382,    56
44549.7689120,  0.37514, 63474,    59
44549.8088310,  0.10709, 16366,    60
44549.8266204,  0.23457, 49147,    46
44549.8601620,  0.09391, 49147,    57
44549.8715162,  0.92925, 49147,    46
44549.9290394,  0.61466, 11039,    47
44549.9553356,  0.59500, 14369,    59
44550.0208333,  0.81321, 16366,    45
44550.0707986,  0.53344,  3985,    47
44550.0717014,  0.34812,  9792,    46
44550.0933796,  0.08333, 48641,    45
44550.1865625,  0.39448, 64382,    60
44550.1989005,  0.83395, 49147,    60
44550.2820602,  0.91905, 64382,    45
44550.3930208,  0.38959, 49147,    47
44550.5374190,  0.98123, 64382,    59
44550.5891435,  0.04766,   769,    59
44550.6023264,  0.03895,   769,    45
44550.7000926,  0.88622, 49147,    58
44550.7164120,  0.06343, 49147,    46
44550.7597338,  0.23333, 49147,    54
44550.7768171,  0.16872, 64382,    46
44550.8543981,  0.04954, 39056,    60
44550.9307639,  0.89090,  7631,    46
44551.0187269,  0.34370,  9792,    52
44551.0341088,  0.20546, 63474,    46
44551.0658796,  0.63326, 28775,    47
44551.0669213,  0.39729, 39056,    46
44551.0750694,  0.97881, 64382,    46
44551.1136690,  0.30072, 49147,    46
44551.2586921,  0.56539, 49147,    46
44551.2714468,  0.68579, 28775,    46
44551.3236574,  0.46896, 16580,    47
44551.4939699,  0.61560, 30266,    57
44551.5062153,  0.31125, 12678,    46
44551.6104398,  0.65776,  3985,    46
44551.6313079,  0.78537, 16366,    46
44551.6365278,  0.76915,   769,    46
44551.6558796,  0.93839, 63474,    47
44551.6883681,  0.71241, 49147,    47
44551.6925694,  0.41481, 57730,    47
44551.7264236,  0.49814,  9177,    46
44551.7562269,  0.97142, 49147,    60
44551.7590046,  0.67735, 49147,    46
44551.8064120,  0.19243, 49147,    60
44551.8069792,  0.71320, 64825,    46
44551.8684606,  0.78741,  3098,    47
44551.9927199,  0.67341, 64382,    46
44552.0042130,  0.67372, 49147,    46
44552.0987847,  0.03713, 49147,    47
44552.1045718,  0.30705, 14369,    46
44552.1402662,  0.59978, 49147,    60
44552.1636111,  0.28238, 12678,    60
44552.2353241,  0.03425, 16366,    60
44552.2477431,  0.99304, 49147,    61
44552.2617130,  0.17309, 49147,    48
44552.3894444,  0.50184, 49147,    61
44552.3896181,  0.88739, 49147,    47
44552.4009375,  0.78566, 49147,    53
44552.4097569,  0.08503,  9177,    47
44552.4382292,  0.99292, 15886,    47
44552.4434491,  0.59244, 16366,    47
44552.4748495,  0.06914, 49147,    47
44552.5476273,  0.66167, 36894,    47
44552.5853704,  0.72247, 53243,    47
44552.6228009,  0.15182, 49147,    46
44552.6447338,  0.52027, 49147,    62
44552.6475231,  0.93302, 49147,    47
44552.6899769,  0.12631, 16580,    48
44552.7355903,  0.78527, 49147,    47
44552.8067245,  0.07846, 28775,    61
44552.9238310,  0.34526, 54846,    48
44552.9670255,  0.24950, 64382,    61
44552.9870023,  0.47786, 64382,    62
44553.0574769,  0.42873, 64382,    60
44553.1630093,  0.88242, 49147,    61
44553.1807407,  0.99158, 27150,    61
44553.2618171,  0.61430, 62222,    61
44553.3375116,  0.32964, 16366,    61
44553.3705671,  0.12058, 27150,    47
44553.3915394,  0.74121, 64382,    47
44553.3916782,  0.08374, 63474,    47
44553.3961343,  0.32885, 64382,    47
44553.4129282,  0.57372, 49147,    48
44553.5534259,  0.99285, 49147,    61
44553.5815856,  0.37718, 49147,    57
44553.5816204,  0.97830, 49147,    48
44553.6182176,  0.94523, 64382,    48
44553.6182755,  0.36607, 64382,    61
44553.6629282,  0.33710, 16580,    61
44553.6920602,  0.21597, 64382,    53
44553.7309722,  0.38604, 49147,    47
44553.7311458,  0.81619, 49147,    68
44553.7818171,  0.45223, 49147,    48
44553.8423148,  0.04464, 49147,    57
44553.8899306,  0.08167,  4985,    47
44553.9124074,  0.54878, 25061,    46
44553.9315162,  0.74097, 49147,    46
44553.9425231,  0.37951, 39530,    61
44553.9729167,  0.59980, 34852,    48
44554.0429514,  0.78475, 65333,    47
44554.0458218,  0.29642, 58376,    54
44554.0640162,  0.72235, 63474,    47
44554.0670833,  0.65263, 49147,    57
44554.1639352,  0.34111, 59852,    53
44554.1974884,  0.57739, 64382,    62
44554.2316551,  0.21233, 64382,    48
44554.2316898,  0.24425, 64382,    60
44554.2449769,  0.59220, 42017,    47
44554.3898611,  0.41702, 49147,    61
44554.4570139,  0.40980, 49147,    47
44554.4657755,  0.71275, 64382,    48
44554.4718750,  0.03233,  5087,    60
44554.4775347,  0.89512, 49147,    61
44554.5071296,  0.60434, 28775,    47
44554.5671991,  0.64478,  9177,    47
44554.6092940,  0.64804, 12678,    60
44554.6469097,  0.36369, 49147,    47
44554.7231713,  0.06708, 48641,    61
44554.7707639,  0.41724, 49147,    60
44554.8357639,  0.94269,  9177,    47
44554.8656250,  0.95836, 39056,    48
44554.9508796,  0.20472, 64382,    48
44554.9560648,  0.19776, 11869,    48
44554.9772917,  0.17390, 49147,    47
44555.1026157,  0.91122, 49147,    47
44555.2099653,  0.20796, 65525,    56
44555.2359838,  0.16257, 64382,    60
44555.2360301,  0.75031, 64382,    49
44555.2591782,  0.59462, 64382,    47
44555.2628472,  0.51240, 64382,    61
44555.2960880,  0.38047, 30864,    47
44555.3060417,  0.51388, 16366,    60
44555.3496528,  0.40653, 28775,    61
44555.4005208,  0.34543,  9177,    47
44555.4020370,  0.19483, 49147,    47
44555.4090741,  0.27410, 49147,    48
44555.4091088,  0.25231, 49147,    47
44555.4334375,  0.34627, 14369,    46
44555.4601042,  0.21905, 64382,    60
44555.5022801,  0.18122, 64382,    47
44555.5063079,  0.84640, 49147,    47
44555.5070718,  0.93568, 64382,    56
44555.5703935,  0.84950, 49147,    60
44555.5973032,  0.38868,  9177,    47
44555.6039120,  0.82058, 49662,    47
44555.6105208,  0.61776, 64382,    53
44555.6207060,  0.67216, 63808,    53
44555.6425463,  0.80397, 49147,    61
44555.6493287,  0.91012, 12678,    57
44555.6581134,  0.02083, 64382,    47
44555.6843403,  0.72844, 24453,    47
44555.7629398,  0.67540, 16366,    69
44555.7801852,  0.81194, 10363,    47
44555.8250463,  0.42532, 58721,    48
44555.8396528,  0.26911,  9177,    47
44555.8659144,  0.39655, 49147,    47
44555.9266667,  0.73303, 49147,    46
44555.9636921,  0.23997, 48641,    61
44555.9711574,  0.97881,  3098,    56
44556.0827546,  0.13142, 64382,    47
44556.1146412,  0.66040, 48347,    46
44556.1214699,  0.97413, 49147,    47
44556.1217361,  0.76499, 49147,    47
44556.1293056,  0.91446, 64382,    49
44556.1608102,  0.86174, 49147,    60
44556.2291667,  0.70744, 49147,    47
44556.2514931,  0.59944, 49147,    47
44556.3035764,  0.85331, 49147,    45
44556.3222685,  0.77978, 49147,    47
44556.4419676,  0.58418, 64382,    96
44556.4773611,  0.46058, 49147,    61
44556.5485532,  0.39064, 49147,    47
44556.5593981,  0.79161, 29280,    47
44556.5693634,  0.30895, 34467,    53
44556.5866898,  0.39124, 16366,    47
44556.6218634,  0.64567,  9177,    47
44556.6394213,  0.12384, 64382,    61
44556.6455556,  0.83620, 49147,    47
44556.6489931,  0.80455, 16580,    61
44556.6584259,  0.73147, 64382,    61
44556.6705208,  0.06605, 49147,    61
44556.6767940,  0.02174, 65011,    47
44556.6791435,  0.66695, 64382,    68
44556.7095949,  0.08489, 25315,    61
44557.0732755,  0.78671, 49147,    47
44557.0975579,  0.07483, 49147,    59
44557.1531944,  0.27768, 49147,    61
44557.1543634,  0.47340, 63474,    69
44557.2228356,  0.73087,  9177,    47
44557.2618866,  0.71227, 49147,    47
44557.2682060,  0.76502, 33377,    48
44557.2797106,  0.77037, 49147,    47
44557.3173611,  0.03742, 49147,    61
44557.5656134,  0.21986, 64382,    47
44557.5938889,  0.72268,  1291,    48
44557.6019097,  0.85979, 22055,    60
44557.6105208,  0.64348, 49147,    47
44557.6320718,  0.69590, 64382,    60
44557.6565278,  0.55485, 49147,    60
44557.6609144,  0.97336, 64382,    60
44557.6704051,  0.46341, 22563,    61
44557.6709144,  0.30528, 64382,    47
44557.8052431,  0.75727,  3098,    47
44557.9089352,  0.42021, 36894,    47
44557.9863310,  0.41296, 49147,    47
44558.0383565,  0.03818, 63558,    48
44558.0598958,  0.95826, 49147,    61
44558.0608333,  0.72883, 49147,    61
44558.1154861,  0.33593, 64382,    47
44558.1305093,  0.15165, 28775,    60
44558.2516204,  0.83222, 24453,    47
44558.2593750,  0.98486, 39056,    46
44558.3011690,  0.43324, 14369,    61
44558.3179167,  0.14042, 64382,    48
44558.3250347,  0.97053, 49147,    48
44558.3274306,  0.19821, 23579,    47
44558.3305903,  0.96798, 48757,    47
44558.4381250,  0.67192, 49147,    47
44558.5698958,  0.70418, 16580,    47
44558.5857523,  0.78847, 64382,    48
44558.6182986,  0.16339, 49147,    66
44558.6282523,  0.01102, 49147,    47
44558.7122222,  0.08678, 64382,    47
44558.7338773,  0.01193, 17926,    60
44558.7360880,  0.72772, 13268,    47
44558.8359954,  0.60988, 64382,    60
44558.8594329,  0.40540, 16366,    46
44558.8852894,  0.17491, 49147,    61
44558.9129514,  0.49701,  3985,    47
44558.9904861,  0.79701, 64382,    47
44559.0256250,  0.12734, 49147,    46
44559.0451505,  0.68779, 49147,    47
44559.0468056,  0.00830, 28775,    60
44559.0471644,  0.76089, 62222,    61
44559.0744444,  0.41184, 64382,    47
44559.0874074,  0.14313, 27245,    57
44559.0985532,  0.77531,   769,    47
44559.1258218,  0.55828, 64382,    60
44559.1321065,  0.67699, 65011,    47
44559.1762731,  0.88634, 62724,    58
44559.1772801,  0.67696, 62724,    44
44559.1775000,  0.27453, 62724,    63
44559.1776389,  0.67581, 62724,    48
44559.1787847,  0.90542, 62724,    46
44559.1790741,  0.70151, 62724,    59
44559.1793634,  0.49886, 62724,    46
44559.2180093,  0.69477,  9054,    61
44559.2182292,  0.35232,  9054,    46
44559.2183681,  0.78873,  9054,    46
44559.2188773,  0.31346,  9054,    60
44559.2189468,  0.53164,  9054,    43
44559.2190162,  0.75019,  9054,    50
44559.2192361,  0.40656,  9054,    68
44559.2193056,  0.62627,  9054,    60
44559.2194560,  0.06612,  9054,    67
44559.2195949,  0.50856,  9054,    77
44559.2222106,  0.33643,  9550,    58
44559.2458796,  0.53047, 24838,    61
44559.2685764,  0.86006, 49147,    60
44559.2793981,  0.91629, 64382,    60
44559.2862847,  0.99218, 64382,    47
44559.2983333,  0.20906, 49147,    53
44559.3109722,  0.13550,  1903,    47
44559.3123032,  0.90434, 64382,    47
44559.3146065,  0.01829, 49147,    60
44559.3314005,  0.94096, 49147,    61
44559.3973495,  0.96062, 49662,    46
44559.4068287,  0.54343, 49147,    60
44559.4332639,  0.35935, 64382,    61
44559.4337963,  0.60220, 16366,    47
44559.4801968,  0.00737, 14369,    47
44559.5051042,  0.76703, 64382,    46
44559.6345370,  0.25406, 15886,    59
44559.6720602,  0.69019, 33377,    44
44559.6721296,  0.84935, 33377,    48
44559.6722801,  0.16733, 33377,    56
44559.6724190,  0.48657, 33377,    80
44559.6725579,  0.80793, 33377,   122
44559.6726273,  0.96782, 33377,    81
44559.6739120,  0.91000, 33377,    44
44559.6924190,  0.07262,  6193,    46
44559.6925579,  0.46725,  6193,    55
44559.6929861,  0.65951,  6193,    47
44559.6930556,  0.85744,  6193,    50
44559.6933449,  0.65080,  6193,    46
44559.6934144,  0.85130,  6193,    45
44559.6937037,  0.65649,  6193,    45
44559.6937731,  0.85708,  6193,    45
44559.6940625,  0.68500,  6193,    46
44559.7286690,  0.82156, 64382,    60
44559.7355903,  0.73010, 49147,    46
44559.8095486,  0.46449, 30864,    60
44559.8096875,  0.81088, 30864,    54
44559.8098380,  0.15744, 30864,    74
44559.8099074,  0.33187, 30864,   120
44559.8099769,  0.50820, 30864,   119
44559.8351389,  0.29645, 16580,    46
44559.8510301,  0.38863, 57730,    46
44559.9074653,  0.75122, 35834,    46
44559.9079630,  0.92226, 35834,    45
44559.9081134,  0.25850, 35834,    47
44559.9081829,  0.42842, 35834,    43
44559.9082523,  0.59889, 35834,    58
44559.9083218,  0.77035, 35834,    60
44559.9084722,  0.11345, 35834,    49
44559.9085417,  0.28555, 35834,    59
44559.9086111,  0.45835, 35834,    44
44559.9086806,  0.63124, 35834,    46
44559.9191204,  0.11400, 49147,    60
44559.9648264,  0.05150, 64382,    46
44559.9793056,  0.21053, 42711,    46
44559.9797338,  0.06432, 42711,    45
44559.9798032,  0.20465, 42711,    59
44559.9798727,  0.34531, 42711,    56
44559.9799421,  0.48576, 42711,    45
44559.9800116,  0.62572, 42711,    81
44559.9800810,  0.76665, 42711,   127
44559.9802315,  0.05486, 42711,    99
44560.0012847,  0.06869, 25315,    57
44560.0013542,  0.24204, 25315,    46
44560.0014236,  0.41632, 25315,    43
44560.0014931,  0.59095, 25315,    66
44560.0015625,  0.76655, 25315,    45
44560.0017130,  0.11638, 25315,    72
44560.0017824,  0.29114, 25315,    45
44560.0019213,  0.63811, 25315,    76
44560.0019907,  0.81249, 25315,    43
44560.0037847,  0.22097, 25315,    46
44560.0039236,  0.58020, 25315,    47
44560.0042130,  0.29769, 25315,    60
44560.0714468,  0.91466, 49147,    47
44560.0715046,  0.84131, 49147,    60
44560.0727199,  0.97086, 49147,    46
44560.1117361,  0.38846, 64382,    47
44560.1639815,  0.90702, 49147,    45
44560.1809375,  0.12782, 64382,    59
44560.1975579,  0.42093, 63474,    46
44560.2131597,  0.94254, 49147,    46
44560.3220255,  0.14006, 49147,    48
44560.3615162,  0.40725, 64382,    59
44560.4189815,  0.48283, 64382,    46
44560.4247917,  0.90628, 64382,    57
44560.4408912,  0.92406, 49717,    46
44560.5173495,  0.04375, 49147,    46
44560.5219560,  0.11520, 63474,    64
44560.5974074,  0.82843, 49147,    47
44560.6555324,  0.43917, 57204,    59
44560.6914699,  0.26023, 63474,    46
44560.7383681,  0.54422, 63430,    46
44560.8275926,  0.12125, 53243,    46
44560.8343634,  0.88134, 25869,    55
44560.8355440,  0.05196, 49147,    46
44560.8444444,  0.15624, 49147,    45
44560.8542014,  0.65313, 16366,    46
44560.8647685,  0.65452, 12678,    46
44560.9375116,  0.24314, 49147,    59
44560.9739583,  0.63424,  7631,    46
44561.0068750,  0.32388,   799,    59
44561.0145023,  0.18830, 65011,    59
44561.0489120,  0.80865, 65011,    59
44561.0492014,  0.55869, 65011,    45
44561.0494907,  0.30609, 65011,    58
44561.0495602,  0.49464, 65011,    45
44561.0496296,  0.68356, 65011,    42
44561.0498495,  0.25080, 65011,    56
44561.0499190,  0.43924, 65011,    65
44561.0499884,  0.62870, 65011,    45
44561.0501389,  0.00998, 65011,    59
44561.0507755,  0.72141, 65011,   121
44561.0508449,  0.91302, 65011,   106
44561.0509954,  0.29875, 65011,    80
44561.0512847,  0.07678, 65011,    48
44561.0514931,  0.65987, 65011,    45
44561.0516435,  0.04586, 65011,    78
44561.0517130,  0.23911, 65011,    46
44561.0517824,  0.43233, 65011,    45
44561.0518519,  0.62577, 65011,    53
44561.0520718,  0.20529, 65011,    45
44561.0521412,  0.39933, 65011,    43
44561.0524306,  0.17532, 65011,    40
44561.0525694,  0.56116, 65011,    46
44561.0707292,  0.69921, 64382,    46
44561.1250116,  0.71215, 64382,    46
44561.1453935,  0.47148, 17926,    46
44561.1465278,  0.04046,  5087,    48
44561.1982060,  0.93590,  9177,    46
44561.2491667,  0.16183, 25869,    46
44561.3238310,  0.05628, 65011,    45
44561.3603241,  0.29705, 65525,    46
44561.4315509,  0.01886, 49147,    45
44561.4740856,  0.52377,  9177,    59
44561.5586227,  0.56712, 64382,    58
44561.5612616,  0.37922, 49147,    59
44561.5707292,  0.56872, 49147,    45
44561.5820833,  0.31471, 49147,    46
44561.6173958,  0.91358, 49147,    60
44561.6689352,  0.35270, 63474,    59
44561.7134838,  0.52072, 49147,    45
44561.7199884,  0.77908, 48641,    46
44561.7593981,  0.03965, 14868,    55
44561.7605208,  0.86630, 14868,    44
44561.7606713,  0.09269, 14868,    45
44561.7607407,  0.20599, 14868,    43
44561.7608102,  0.31946, 14868,    46
44561.7609491,  0.54741, 14868,    74
44561.7610880,  0.77702, 14868,    85
44561.7616551,  0.71606, 14868,    47
44561.7746181,  0.69016, 16366,    46
44561.7942014,  0.93040, 49147,    45
44561.8150579,  0.74450,  9177,    45
44561.8568403,  0.29913, 41546,    44
44561.8584606,  0.64300, 41546,    60
44561.8961574,  0.60612, 54846,    55
44561.9550000,  0.94737,  9447,    45
44562.0009144,  0.54568, 64382,    58
44562.0215394,  0.63549, 53243,    59
44562.0568750,  0.20311, 42017,    47
44562.0877199,  0.41474, 49147,    46
44562.1308102,  0.29705, 49147,    58
44562.1731597,  0.35741, 10363,    51
44562.2499190,  0.07111, 16366,    46
44562.2622338,  0.67432, 64797,    47
44562.2803356,  0.21972,  3985,    58
44562.2975926,  0.31061, 49147,    46
44562.2976968,  0.61610, 49147,    46
44562.3100694,  0.73156, 49147,    46
44562.3270949,  0.02460, 64382,    45
44562.3399537,  0.65959, 64382,    46
44562.3603009,  0.98025, 63474,    45
44562.4256366,  0.15933,  4274,    45
44562.4510532,  0.16344, 49662,    46
44562.4553241,  0.68630, 49662,    55
44562.4575926,  0.33163, 49147,    45
44562.4588310,  0.73936, 64382,    58
44562.5983102,  0.57645, 64382,    45
44562.6145602,  0.09922, 49147,    58
44562.6174769,  0.18907, 49147,    46
44562.6433218,  0.05426, 64382,    45
44562.6508681,  0.67658, 65011,    59
44562.6534028,  0.82166, 58376,    50
44562.6553356,  0.84021, 49147,    58
44562.6705324,  0.64699, 49147,    45
44562.7703009,  0.50361,  9177,    55
44562.7813310,  0.60799, 60792,    45
44562.8005556,  0.27187, 49147,    58
44562.8288657,  0.97850, 49147,    47
44562.9143519,  0.90902, 57814,    57
44562.9679398,  0.40154, 49147,    45
44563.0746528,  0.37483,  9177,    45
44563.1652083,  0.41508, 16580,    45
44563.1806134,  0.31879, 33774,    58
44563.1998727,  0.40718, 12678,    46
44563.2383218,  0.81580, 64382,    45
44563.2887616,  0.57040, 49147,    44
44563.3093287,  0.45156, 49147,    58
44563.4517824,  0.99146, 48641,    58
44563.4535185,  0.55195, 49147,    46
44563.4536111,  0.77882, 49147,    45
44563.4915856,  0.32532,  3098,    45
44563.4970023,  0.42717, 64382,    46
44563.5197338,  0.90107, 49147,    45
44563.5527199,  0.63311, 12678,    45
44563.6123148,  0.33813, 64382,    45
44563.6300694,  0.84134, 49147,    58
44563.6514468,  0.92476, 64382,    44
44563.6842245,  0.63851, 49662,    46
44563.7597685,  0.34130, 41860,    58
44563.7764236,  0.54628, 16366,    48
44563.7765625,  0.79216, 16366,    45
44563.7767824,  0.16109, 16366,    47
44563.7781944,  0.62364, 16366,    67
44563.7782639,  0.74716, 16366,    63
44563.7784838,  0.11878, 16366,    45
44563.7857292,  0.06125, 49147,    44
44563.8071181,  0.78981, 54846,    58
44563.8667593,  0.15129,  5087,    45
44563.8975347,  0.75256, 64382,    45
44563.9366204,  0.17311, 64382,    58
44563.9391667,  0.03809, 64382,    58
44564.0310417,  0.25430, 64382,    58
44564.0750000,  0.78033, 63474,    57
44564.2552546,  0.31178, 49147,    47
44564.2644213,  0.35148, 64382,    45
44564.2716435,  0.18434,  9177,    58
44564.2918287,  0.14167,  9177,    46
44564.2926852,  0.48237, 49147,    58
44564.3729167,  0.60657, 63474,    59
44564.4170370,  0.73987, 53243,    45
44564.4616319,  0.93477, 49147,    58
44564.4686690,  0.32145, 49147,    45
44564.4856829,  0.02779, 63474,    59
44564.5298843,  0.94199, 49147,    58
44564.5589931,  0.43730, 64382,    58
44564.5610301,  0.37653, 49147,    59
44564.5765162,  0.47678, 49147,    46
44564.6264005,  0.29282, 49147,    45
44564.6388657,  0.42441, 49147,    45
44564.6560417,  0.26361, 64382,    58
44564.6683218,  0.45756,  9177,    45
44564.6699769,  0.06264, 49147,    59
44564.6735069,  0.76389, 12678,    45
44564.6914583,  0.42096, 61402,    59
44564.7686458,  0.66674, 57204,    45
44564.7920139,  0.25464, 11039,    45
44564.7978009,  0.49687, 49147,    57
44564.8092940,  0.21691, 65525,    59
44564.8186921,  0.66206, 64382,    59
44564.8242940,  0.39280, 49147,    45
44564.8619792,  0.24345, 49147,    59
44564.8686921,  0.81103, 49147,    58
44565.0147569,  0.54902, 64382,    56
44565.0305903,  0.15753, 49147,    45
44565.0340162,  0.27993, 63474,    45
44565.0850463,  0.06914, 49147,    58
44565.1035648,  0.96150, 49147,    45
44565.1383102,  0.71387, 63474,    58
44565.1752431,  0.55267, 49147,    45
44565.2699769,  0.94437, 49147,    45
44565.3276157,  0.13128, 16366,    45
44565.3383449,  0.48938, 64382,    45
44565.3406944,  0.01085, 39056,    57
44565.3744676,  0.72950, 16366,    45
44565.4011806,  0.25339, 16366,    45
44565.4053125,  0.17561, 50144,    45
44565.4106019,  0.69403, 64382,    45
44565.4254282,  0.41935,  9177,    58
44565.4255556,  0.46106,  9177,    59
44565.4854514,  0.07255, 64382,    44
44565.4964815,  0.19617, 22563,    59
44565.5765162,  0.35047, 49147,    51
44565.6594676,  0.78194, 49147,    58
44565.6637963,  0.98512, 11396,    45
44565.6888310,  0.75184, 64382,    46
44565.7140625,  0.11513, 16366,    58
44565.7363657,  0.53395, 20058,    59
44565.7447685,  0.31351, 35842,    58
44565.7501505,  0.31092,  7433,    43
44565.7503588,  0.78815,  7433,   140
44565.7858681,  0.94835, 16366,    46
44565.8725116,  0.41616, 64825,    45
44565.8726505,  0.63621, 64825,   165
44565.8917130,  0.89308,  5087,    57
44565.9446528,  0.86327, 49147,    45
44565.9460417,  0.17832,  9177,    45
44565.9936806,  0.02971,  9177,    46
44566.0438657,  0.95534, 49147,    54
44566.0497106,  0.13173,  7631,    58
44566.1185764,  0.48768, 15886,    45
44566.1664468,  0.27333, 64382,    58
44566.1914815,  0.19505, 65525,    46
44566.3428241,  0.79915, 57954,    45
44566.3428935,  0.91866, 57954,    51
44566.3429745,  0.03998, 57954,    82
44566.3430440,  0.16385, 57954,    48
44566.3431134,  0.28730, 57954,    45
44566.3433218,  0.65411, 57954,    44
44566.5412616,  0.08150, 49147,    46
44566.5650463,  0.43965, 64382,    59
44566.6217245,  0.89135, 39056,    59
44566.7120023,  0.33643, 64797,    46
44566.7262847,  0.41714, 64382,    58
44566.7858796,  0.57117,  3985,    46
44566.7948032,  0.48496, 30864,    46
44566.8002894,  0.35217, 39056,    59
44566.9374190,  0.14589,  9177,    46
44566.9598495,  0.15607, 17926,    46
44566.9952662,  0.40406, 40977,    46
44566.9964352,  0.93554, 16580,    46
44567.0015972,  0.68776, 28775,    59
44567.0201273,  0.96107, 49147,    46
44567.0686690,  0.88422, 49147,    59
44567.0874653,  0.83798,  9177,    46
44567.1404630,  0.34925, 49147,    46
44567.1903356,  0.02153, 12678,    66
44567.1917824,  0.39616, 49040,    63
44567.1918519,  0.58826, 49040,    55
44567.1919213,  0.78083, 49040,   134
44567.1920718,  0.16685, 49040,    46
44567.1923495,  0.96570, 49040,    43
44567.2200926,  0.38882, 62222,    60
44567.3127778,  0.00192, 49147,    58
44567.3540972,  0.21636, 16366,    58
44567.3632292,  0.14976, 32926,    46
44567.3667361,  0.74709, 49147,    54
44567.3872917,  0.45504,  3098,    46
44567.4581597,  0.32654, 64382,    59
44567.5376042,  0.87959, 45596,    59
44567.5786111,  0.35777, 49147,    46
44567.6288079,  0.33614, 64382,    60
44567.7224537,  0.00737, 49147,    46
44567.7440278,  0.59709, 49147,    48
44567.8030324,  0.84823, 63474,    46
44567.8265741,  0.74971, 49147,    59
44567.8751042,  0.39014, 49147,    60
44567.9004282,  0.30129,  7631,    47
44567.9254630,  0.04330, 28775,    48
44567.9781250,  0.74318, 64382,    57
44567.9859375,  0.93731, 64382,    47
44568.0229167,  0.76840, 64382,    46
44568.0230671,  0.93477, 64382,    59
44568.0527894,  0.58180, 64382,    45
44568.0942708,  0.41328, 28775,    60
44568.1962269,  0.42372, 57730,    50
44568.1989699,  0.37260, 49147,    47
44568.2312384,  0.23897, 49147,    46
44568.2744792,  0.96078, 63474,    46
44568.2990856,  0.46999, 64382,    60
44568.3164931,  0.28685, 64382,    46
44568.3171181,  0.48976, 16580,    46
44568.3348032,  0.90122, 53243,    60
44568.3637153,  0.59584, 57204,    46
44568.3725579,  0.44798, 16366,    59
44568.5164931,  0.67223, 35842,    46
44568.5167014,  0.49627, 35842,    60
44568.5563079,  0.13337, 65011,    47
44568.5619097,  0.08520, 64382,    46
44568.5709259,  0.54607, 49147,    59
44568.6078819,  0.72914, 49147,    47
44568.6452083,  0.62515, 64382,    50
44568.6592708,  0.01457, 35842,    47
44568.7190046,  0.62342, 64382,    47
44568.7598032,  0.50337, 49147,    47
44568.7637153,  0.66861, 48641,    46
44568.7964468,  0.60516, 49147,    46
44568.8264236,  0.43123, 49147,    46
44568.8308102,  0.32153, 63474,    47
44568.8776968,  0.58896, 10363,    47
44568.8823032,  0.36996, 39056,    46
44568.8825116,  0.90208, 39056,    47
44568.9612616,  0.76797, 49147,    59
44568.9628125,  0.05215, 39056,    60
44568.9759144,  0.01099, 20429,    46
44568.9995949,  0.87479, 57204,    48
44569.1380556,  0.01714, 57204,    47
44569.2228819,  0.36797, 63474,    61
44569.2539699,  0.15936, 28775,    59
44569.3130324,  0.09233, 49662,    51
44569.3445602,  0.71819, 49147,    47
44569.3962847,  0.68176, 49147,    59
44569.4392477,  0.81983, 16580,    60
44569.4573148,  0.38044, 64382,    60
44569.5110301,  0.30806,  9177,    46
44569.5470023,  0.20376, 49147,    47
44569.5894213,  0.37552, 64382,    47
44569.6156944,  0.23289, 12678,    47
44569.6503935,  0.48921, 64382,    47
44569.7189468,  0.93222, 49147,    60
44569.7220023,  0.23861, 49147,    60
44569.7308565,  0.63083, 64382,    46
44569.8018981,  0.93575, 65011,    47
44569.8190394,  0.23870, 64382,    60
44569.9539352,  0.95090, 64382,    46
44569.9563426,  0.60772, 49147,    47
44570.0442014,  0.95195,   769,    47
44570.0533796,  0.88266,  9177,    61
44570.1037384,  0.86771, 49147,    59
44570.1599653,  0.30350, 63430,    47
44570.2309375,  0.58531, 25061,    46
44570.3144560,  0.61243, 39056,    60
44570.3558796,  0.49452, 48641,    47
44570.4108449,  0.12463, 63474,    47
44570.4233218,  0.07565, 49147,    60
44570.4368750,  0.10402,  3063,    60
44570.5835301,  0.90508, 64382,    47
44570.5954167,  0.24451,  3098,    46
44570.6132292,  0.42751, 49147,    47
44570.6228356,  0.22188, 63474,    60
44570.6359722,  0.52862, 64382,    46
44570.6383912,  0.79175, 63474,    47
44570.7810764,  0.95075, 64382,    49
44570.7870023,  0.59654, 64382,    47
44570.8735417,  0.89027, 16366,    46
44570.8912616,  0.22351, 14369,    46
44570.9144560,  0.61562, 49147,    60
44570.9500347,  0.75561, 49147,    46
44571.0485764,  0.72590, 64382,    60
44571.0609954,  0.50452, 64382,    47
44571.0692593,  0.63338, 49147,    47
44571.0753125,  0.23513, 49147,    56
44571.0805440,  0.57828, 64382,    59
44571.1159259,  0.23851,  9177,    61
44571.1229398,  0.34149, 57730,    47
44571.1248495,  0.79298, 25883,    46
44571.1660995,  0.54967, 49147,    53
44571.2046528,  0.53400, 28775,    60
44571.3631597,  0.30770,  5087,    60
44571.3804630,  0.46363, 16366,    47
44571.4658333,  0.63055, 64382,    47
44571.4659259,  0.13020, 64382,    60
44571.4677778,  0.18773, 49147,    47
44571.5027662,  0.00665, 63474,    46
44571.5209375,  0.85543, 49147,    47
44571.5410417,  0.11686, 62925,    45
44571.5515394,  0.29129, 49147,    60
44571.5550579,  0.81707, 64382,    47
44571.6068519,  0.19781, 49147,    47
44571.6800347,  0.80056, 39056,    47
44571.7141551,  0.49934, 49147,    48
44571.7980671,  0.77503, 64382,    46
44571.8608912,  0.09422, 64382,    46
44571.8927315,  0.73010, 12678,    46
44571.9125810,  0.57014, 49147,    47
44571.9396644,  0.56587, 49147,    46
44571.9796644,  0.55512, 32926,    60
44571.9896412,  0.05741, 49147,    46
44572.0032986,  0.07025, 49147,    60
44572.0254282,  0.12739, 49147,    59
44572.0683912,  0.59868, 49147,    60
44572.2865625,  0.23652, 49147,    60
44572.2934606,  0.81803,  9177,    46
44572.2999074,  0.73910, 49147,    47
44572.3588542,  0.34949, 49147,    60
44572.3590046,  0.38049, 45596,    47
44572.4098958,  0.99537, 16366,    45
44572.4202315,  0.01426, 35842,    58
44572.4555208,  0.08023, 49717,    60
44572.4741898,  0.59028, 49147,    61
44572.5010069,  0.85576, 64382,    60
44572.5158333,  0.36756, 64382,    46
44572.5689005,  0.25085, 64382,    61
44572.6274306,  0.36350, 16366,    61
44572.6448264,  0.21173, 49147,    46
44572.6911690,  0.39604, 64382,    47
44572.7217824,  0.67562, 35449,    53
44572.7443519,  0.61783, 63808,    65
44572.7870255,  0.47661, 64382,    47
44572.8620023,  0.02892,  9177,    46
44572.8620486,  0.57508, 58376,    89
44572.8659259,  0.76012, 64382,    47
44572.8708565,  0.07822, 62222,    47
44572.8820370,  0.12286, 61249,    47
44572.9376968,  0.24465, 49147,    47
44572.9857986,  0.95862,  9447,    47
44573.0046412,  0.93570, 49147,    59
44573.0190856,  0.05633, 49147,    46
44573.0218981,  0.04121, 64382,    45
44573.0429630,  0.15919, 58857,    59
44573.0810069,  0.66899, 15230,    46
44573.1334491,  0.57645, 49662,    47
44573.1456134,  0.32676,  9177,    59
44573.1628356,  0.37768, 64382,    61
44573.1629282,  0.86404, 64382,    60
44573.2183333,  0.35599, 49147,    60
44573.2876736,  0.07584, 10162,    60
44573.3190509,  0.22445, 49147,    46
44573.4438657,  0.76823, 49147,    47
44573.4647106,  0.53436, 22563,    60
44573.4829398,  0.28281, 22386,    44
44573.4862616,  0.89094, 64382,    47
44573.4979630,  0.36864, 63474,    46
44573.5074653,  0.10157, 17926,    57
44573.5408449,  0.83913, 49147,    57
44573.7699769,  0.78230, 49147,    46
44573.7875926,  0.99698, 16366,    46
44573.7927662,  0.31550, 35842,    47
44573.8064120,  0.96371, 64382,    46
44573.8067130,  0.14001, 64382,    46
44573.8232292,  0.41692, 64382,    60
44573.8794676,  0.06941,  7631,    47
44573.8987269,  0.75347, 49147,    60
44573.9170255,  0.15456, 62925,    67
44574.1377315,  0.07483, 64382,    47
44574.1426505,  0.67893, 22386,    61
44574.2582060,  0.42969, 63474,    53
44574.2734722,  0.89421, 64382,    47
44574.2936111,  0.98387, 49147,    46
44574.3411574,  0.18708, 36894,    45
44574.3413194,  0.52053, 63430,    60
44574.3558218,  0.46840, 16366,    47
44574.4124653,  0.60511, 64382,    60
44574.4727315,  0.47296,  1903,    59
44574.5005324,  0.09713, 49147,    64
44574.5193634,  0.06238, 10363,    46
44574.5474190,  0.01464, 49147,    47
44574.5907176,  0.40087,  9177,    60
44574.6015046,  0.59589, 30864,    60
44574.6219907,  0.47412,  6713,    50
44574.6305903,  0.41162, 63557,    47
44574.6337037,  0.08278, 64382,    60
44574.6337384,  0.88192, 64382,    48
44574.6468866,  0.89418, 49147,    47
44574.6980787,  0.92219, 17926,    47
44574.7185301,  0.87609, 64382,    47
44574.7587037,  0.38685,  9177,    47
44574.7943287,  0.25260, 25869,    46
44574.8657986,  0.50428, 64382,    60
44574.8832986,  0.18101, 49147,    47
44574.8908796,  0.42652, 64382,    47
44574.9083218,  0.39278, 63430,    60
44574.9486690,  0.24093, 25869,    47
44574.9851157,  0.72223, 63430,    60
44575.0680556,  0.88038,  5239,    60
44575.1018171,  0.01339, 27150,    47
44575.1019213,  0.16469, 27150,    47
44575.1082292,  0.94698,  9177,    47
44575.1481944,  0.14777, 49147,    47
44575.2057986,  0.77145, 49147,    81
44575.2189005,  0.00425,  9177,    61
44575.2267477,  0.80579, 49147,    49
44575.3869676,  0.76747, 63474,    47
44575.3870718,  0.62783, 63474,    47
44575.3876042,  0.78583, 49662,    47
44575.4426968,  0.20395, 49147,    47
44575.4441204,  0.27297, 64382,    48
44575.5448032,  0.86131, 64382,    61
44575.5696412,  0.14825, 63474,    47
44575.6734375,  0.04066, 63474,    47
44575.7017940,  0.21638, 49147,    60
44575.7091667,  0.81232, 49147,    47
44575.7129514,  0.31231, 63474,    60
44575.7485764,  0.14815, 49147,    48
44575.7888773,  0.15249, 49147,    59
44575.7928356,  0.86659, 64382,    47
44575.7979861,  0.24362,  9447,    47
44575.8665394,  0.91262, 61402,    47
44575.8989699,  0.55156,  6193,    44
44576.0377431,  0.92817, 63474,    48
44576.0667940,  0.17683, 64382,    47
44576.0732176,  0.80788, 32926,    49
44576.1187616,  0.47827, 49147,    47
44576.1247222,  0.81518, 64382,    59
44576.1265741,  0.80483, 49147,    59
44576.1842708,  0.27067, 49147,    46
44576.1844676,  0.30825, 49147,    60
44576.3215278,  0.91689,   769,    47
44576.3284954,  0.14901, 49662,    47
44576.3699769,  0.40920, 49147,    61
44576.3779398,  0.33833, 15886,    47
44576.3859954,  0.45830, 49147,    60
44576.4007176,  0.59544, 49147,    47
44576.4212731,  0.78479, 16366,    60
44576.4363542,  0.12998, 65011,    47
44576.4695949,  0.10459, 49147,    60
44576.4898264,  0.80243, 22055,    56
44576.5392014,  0.12665, 25315,    48
44576.5590509,  0.94298, 49147,    59
44576.5851389,  0.30305, 49147,    47
44576.7332176,  0.15187, 48757,    48
44576.7560185,  0.18153, 64382,    47
44576.8159144,  0.38673,  5087,    59
44576.8648611,  0.96345, 64382,    61
44576.8719444,  0.14429, 48641,    46
44576.9224306,  0.29666, 16366,    60
44576.9620370,  0.66362, 49147,    49
44577.0456944,  0.79615, 49147,    47
44577.0993634,  0.51427, 49147,    46
44577.1086690,  0.38095, 22386,    47
44577.1238079,  0.94038, 49147,    60
44577.1292014,  0.86409, 16366,    47
44577.1357755,  0.54813, 64382,    47
44577.1435417,  0.93762, 64382,    60
44577.2619213,  0.47275, 12678,    54
44577.2868866,  0.45484, 39056,    60
44577.3333565,  0.66285, 64382,    54
44577.3393403,  0.92956,  9177,    47
44577.3484491,  0.33305, 49147,    47
44577.3487384,  0.06751, 49147,    47
44577.3547801,  0.07478, 49147,    47
44577.3952662,  0.15816, 64382,    47
44577.4493981,  0.19339, 48641,    61
44577.4608333,  0.70663, 64382,    47
44577.5252662,  0.64221, 49147,    46
44577.5587731,  0.07754, 49662,    57
44577.5682292,  0.61888,  3063,    60
44577.6493403,  0.55233, 30076,    47
44577.6932523,  0.59239, 64382,    60
44577.7463542,  0.29225, 49147,    47
44577.8090394,  0.18506, 49147,    60
44577.8112731,  0.23870, 49147,    60
44577.8173264,  0.63890,  3063,    60
44577.8299190,  0.93374, 63474,    47
44577.8917477,  0.79850,  3063,    70
44577.9220718,  0.61728, 64382,    47
44577.9221759,  0.44013, 64382,    47
44577.9478241,  0.69494, 49147,    47
44577.9880208,  0.58545, 64382,    60
44578.1083796,  0.72535, 49147,    60
44578.1837731,  0.42885, 49147,    54
44578.2278819,  0.13903,  5087,    47
44578.2312847,  0.97394, 32926,    47
44578.2493750,  0.20880, 64382,    60
44578.2603356,  0.46905, 54846,    47
44578.2606019,  0.90323, 49147,    61
44578.3060532,  0.10138, 49147,    46
44578.3871296,  0.54933, 49147,    47
44578.4327431,  0.51744, 49147,    47
44578.5642130,  0.67900, 49147,    60
44578.5642477,  0.54506, 49147,    47
44578.5867824,  0.64972, 10162,    60
44578.5934606,  0.95596, 63474,    47
44578.6321181,  0.90854, 49147,    60
44578.6420486,  0.00194,  3985,    47
44578.6487616,  0.34104, 42017,    60
44578.6726620,  0.01709, 49147,    60
44578.7039583,  0.15372, 64382,    47
44578.7601968,  0.39792, 64382,    47
44578.7851852,  0.46344, 22055,    60
44578.8799769,  0.56503, 49147,    46
44578.8822801,  0.37423, 57204,    60
44578.9654745,  0.45794, 49662,    46
44579.0758681,  0.15271, 49147,    47
44579.1394444,  0.20541,  3985,    47
44579.1481366,  0.99868, 49040,    45
44579.1625926,  0.93460, 16366,    46
44579.2460995,  0.34272,  5087,    47
44579.3176852,  0.04486, 49147,    60
44579.4006713,  0.79394, 65011,    47
44579.4102315,  0.27962, 63474,    46
44579.4728009,  0.02621, 64382,    47
44579.4783218,  0.13997, 49147,    47
44579.4980093,  0.92440, 64382,    46
44579.5267130,  0.33681, 49147,    47
44579.5532755,  0.54055, 49147,    45
44579.5547685,  0.73391, 63474,    46
44579.6143519,  0.09478, 49147,    59
44579.7770833,  0.29208, 64382,    60
44579.9030440,  0.78847, 64382,    47
44579.9875810,  0.32069, 49147,    60
44579.9942824,  0.31872, 63474,    47
44580.0186227,  0.59013, 58857,    47
44580.0298380,  0.30725, 62222,    60
44580.0588194,  0.91941, 49147,    60
44580.1933102,  0.83603, 64382,    59
44580.2099769,  0.25449, 49147,    60
44580.2101505,  0.56522, 49147,    60
44580.2514468,  0.96626, 64382,    48
44580.2755903,  0.00211, 64382,    60
44580.2772338,  0.24633, 63474,    60
44580.3227894,  0.06034, 53221,    54
44580.3280903,  0.80721, 16366,    60
44580.5171528,  0.38258, 64382,    46
44580.6062963,  0.26342, 49147,    47
44580.6342824,  0.41740, 64382,    46
44580.6889583,  0.55286, 49147,    46
44580.7081481,  0.35011,   769,    47
44580.7186921,  0.17433, 14369,    48
44580.7638542,  0.86709, 49147,    47
44580.7974884,  0.96599, 14085,    47
44580.8043403,  0.08842, 49147,    46
44580.8337963,  0.97353, 64382,    47
44580.8405208,  0.38112, 16366,    47
44580.8406829,  0.95486, 16366,    68
44580.8590856,  0.91326, 64382,    47
44580.9614005,  0.40384, 62222,    60
44581.0113889,  0.22209, 14369,    53
44581.0194444,  0.79048, 62086,    47
44581.0886574,  0.26234, 30266,    47
44581.0930324,  0.46622, 49147,    46
44581.1450463,  0.37929, 49147,    47
44581.2268750,  0.06247,  9177,    60
44581.2299074,  0.35695, 16366,    60
44581.3514120,  0.45052, 59746,    60
44581.3703356,  0.78664, 64382,    60
44581.6234838,  0.78194, 35842,    47
44581.6278356,  0.13173, 43551,    47
44581.6353588,  0.87647, 49147,    45
44581.6968634,  0.95466, 16580,    47
44581.7091319,  0.54235, 16366,    60
44581.8025000,  0.01702, 16366,    47
44581.8787963,  0.74236, 62086,    45
44581.8930787,  0.84321, 49147,    47
44581.9049884,  0.66122, 49147,    47
44581.9139005,  0.86836, 64382,    59
44581.9351273,  0.21185, 63474,    46
44581.9715162,  0.33185, 64382,    46
44582.0275000,  0.69251, 49147,    44
44582.0851736,  0.75619,  3985,    46
44582.1513889,  0.06679, 49147,    47
44582.1773611,  0.76387,  9177,    47
44582.1978009,  0.84976, 49147,    47
44582.2075926,  0.56923, 64382,    60
44582.2130787,  0.46936, 64382,    47
44582.2315278,  0.36223, 64382,    60
44582.2416898,  0.39604, 64382,    47
44582.3095139,  0.10447, 64382,    46
44582.3101852,  0.57926, 64382,    48
44582.3622801,  0.29808,  9177,    56
44582.3637616,  0.81803, 28775,    59
44582.4515509,  0.06667, 33838,    60
44582.5503472,  0.66314, 49040,    56
44582.5867014,  0.66830,  9177,    47
44582.6482986,  0.81206, 32926,    46
44582.6736227,  0.30175, 63474,    46
44582.6745255,  0.65702,  9792,    47
44582.6775463,  0.62625,  9177,    47
44582.7032755,  0.24638,  9177,    48
44582.7409838,  0.05510, 49147,    60
44582.7544213,  0.08251, 64382,    70
44582.7794792,  0.34567, 49147,    47
44582.7795255,  0.29345, 49147,    61
44582.7795718,  0.31236, 49147,    59
44582.8044907,  0.24449, 49147,    60
44582.8922685,  0.48885,  5087,    47
44582.9193171,  0.19219, 63474,    46
44582.9671875,  0.35237,   769,    46
44583.1024306,  0.24705, 62086,    60
44583.1284954,  0.53611, 15886,    47
44583.1805787,  0.28265,  4985,    48
44583.1922685,  0.81789, 64382,    60
44583.2020833,  0.91780, 49147,    60
44583.2379398,  0.93976, 49147,    49
44583.2506597,  0.22783, 49147,    61
44583.2955903,  0.11388, 64382,    46
44583.3812963,  0.45156, 64382,    47
44583.3887616,  0.05928, 64382,    47
44583.4156944,  0.04740, 35842,    60
44583.4232870,  0.12026, 64382,    47
44583.4696181,  0.02309, 64382,    61
44583.5479861,  0.87851, 64382,    61
44583.5667708,  0.27305, 58190,    52
44583.7354051,  0.51285, 49147,    47
44583.7354167,  0.43375, 49147,    47
44583.7715509,  0.67838, 16366,    46
44583.7759954,  0.49792, 49147,    46
44583.8513542,  0.43365, 49147,    46
44583.8514005,  0.97725, 49147,    49
44583.8601389,  0.78441, 54846,    54
44583.8692361,  0.27129, 49147,    60
44583.9195486,  0.41973, 64382,    60
44583.9197917,  0.15657, 64382,    47
44583.9476852,  0.93621, 39056,    47
44583.9935995,  0.06545, 49147,    46
44584.0318519,  0.84578, 64382,    56
44584.0519213,  0.79816, 49147,    60
44584.0616435,  0.49977,  9177,    61
44584.0758102,  0.37612, 62222,    59
44584.1029514,  0.61380, 64382,    61
44584.1112153,  0.12034, 49147,    58
44584.1529977,  0.87743, 49147,    60
44584.1913657,  0.39355, 32926,    46
44584.2232986,  0.39904, 33774,    58
44584.2819907,  0.77337, 49662,    60
44584.3285995,  0.21139, 49147,    60
44584.3343750,  0.77219, 63474,    60
44584.3827662,  0.05028, 64382,    47
44584.4376736,  0.57379, 49147,    48
44584.4492708,  0.67768,  5136,    46
44584.4502546,  0.46682, 63474,    46
44584.4628356,  0.38952, 64382,    47
44584.6589583,  0.43048, 48641,    60
44584.8794444,  0.82199, 47129,    60
44584.9313310,  0.86709, 64382,    60
44584.9943750,  0.19317, 49147,    54
44585.0135417,  0.61264, 49147,    61
44585.0547685,  0.03230, 24838,    46
44585.0681481,  0.51988,  9177,    46
44585.0936227,  0.02335,   769,    59
44585.1170833,  0.52795, 64382,    48
44585.1914352,  0.69427, 16580,    47
44585.2541088,  0.91900,  3063,    47
44585.2571412,  0.45794, 27150,    58
44585.3435764,  0.45636, 53243,    47
44585.3715162,  0.35889,  9177,    60
44585.3928356,  0.54835,  5087,    47
44585.4720255,  0.47805, 28775,    60
44585.4913426,  0.01210, 63474,    58
44585.5280556,  0.57297, 63474,    46
44585.5592014,  0.58099, 49147,    47
44585.6023148,  0.94533, 65525,    59
44585.6330556,  0.27564, 64382,    56
44585.6679167,  0.08436, 16366,    47
44585.6863426,  0.35102, 49147,    54
44585.6877778,  0.98078, 49147,    47
44585.7315625,  0.25589, 49147,    60
44585.7457060,  0.71327, 12678,    53
44585.7700000,  0.09055, 49147,    47
44585.8251389,  0.74270, 64382,    45
44585.8591319,  0.01757, 49147,    48
44585.8680324,  0.77443, 64382,    47
44586.2287731,  0.91684,  1903,    50
44586.2776968,  0.17837, 58376,    48
44586.3250463,  0.33065, 49147,    47
44586.3393403,  0.11520, 64382,    47
44586.3550810,  0.61344, 48641,    60
44586.3605556,  0.16209, 49147,    58
44586.4057755,  0.21499, 16580,    46
44586.4062847,  0.65927, 30266,    60
44586.4295833,  0.30403,   769,    47
44586.4449653,  0.06386, 64382,    58
44586.5076157,  0.57009, 49147,    46
44586.7038310,  0.20844, 63430,    46
44586.7211227,  0.50282, 64382,    51
44586.7228125,  0.85303, 49147,    59
44586.7560764,  0.50649, 49147,    60
44586.8542361,  0.77567, 64382,    56
44586.8595949,  0.78283, 49147,    47
44586.9297917,  0.47786, 49147,    60
44586.9353935,  0.57883, 49147,    46
44586.9390394,  0.78535, 64382,    60
44586.9450231,  0.43082, 35449,    46
44587.0245486,  0.57369, 49147,    46
44587.0561227,  0.65227, 49147,    60
44587.0567593,  0.34553, 49147,    60
44587.1078472,  0.88223, 64382,    60
44587.2589236,  0.07231,  9177,    47
44587.3720139,  0.44692, 49147,    60
44587.4977431,  0.48304,  9177,    46
44587.5142940,  0.32942, 49662,    59
44587.5200463,  0.14726, 64382,    54
44587.5580324,  0.22819,  9177,    60
44587.6596181,  0.20061,  9177,    47
44587.6859722,  0.25236, 49147,    57
44587.6944444,  0.54417, 63474,    44
44587.6983565,  0.60681, 64382,    47
44587.7259259,  0.95582, 64382,    47
44587.7462037,  0.25680, 63474,    47
44587.7588773,  0.34941, 49147,    47
44587.7729167,  0.22070, 17926,    47
44587.8383449,  0.87278, 64382,    48
44587.8444213,  0.72225, 28775,    60
44587.8530556,  0.48525, 49147,    46
44587.8625810,  0.82293, 49147,    60
44587.8659028,  0.85199, 25869,    47
44587.9096296,  0.50930, 25869,    47
44587.9258681,  0.62304, 49147,    60
44587.9271065,  0.74695, 16366,    47
44587.9285301,  0.92656, 49662,    47
44587.9795370,  0.07454, 64382,    47
44588.0249884,  0.57585, 63474,    46
44588.0463079,  0.64684, 42017,    47
44588.0774884,  0.49831, 49147,    47
44588.1146875,  0.03329, 49147,    60
44588.1287500,  0.93414, 64382,    46
44588.2376505,  0.49768, 49147,    46
44588.2483681,  0.10754, 16366,    47
44588.2564583,  0.06046, 49147,    47
44588.2935417,  0.21708, 64382,    47
44588.3004745,  0.96086,  2868,    59
44588.3456366,  0.47889, 16366,    46
44588.3737384,  0.11642, 65011,    47
44588.3752083,  0.60967, 16366,    46
44588.4045949,  0.87208, 64382,    47
44588.4298958,  0.20241, 49147,    53
44588.4537037,  0.54696, 49147,    46
44588.4584722,  0.67348, 49147,    60
44588.4869676,  0.53488, 64382,    46
44588.5653241,  0.56224, 64382,    47
44588.6069676,  0.99479,  3098,    47
44588.6191782,  0.55082, 49147,    48
44588.6232986,  0.78863,  3098,    60
44588.6389931,  0.76341, 49147,    61
44588.6683565,  0.54244, 63430,    56
44588.7077083,  0.43250,  9177,    60
44588.7129745,  0.58840, 64382,    46
44588.7263542,  0.10990,  9177,    47
44588.7395255,  0.22238, 64382,    47
44588.7841435,  0.73857, 49147,    48
44588.8145023,  0.94638, 49147,    47
44588.8346875,  0.38006, 12678,    47
44588.8831134,  0.27859, 16366,    60
44588.8938889,  0.91490, 49147,    45
44588.9040394,  0.18463, 48641,    47
44588.9170833,  0.89094, 22055,    53
44588.9223843,  0.87047, 64382,    47
44588.9531481,  0.87460, 49147,    47
44588.9809954,  0.25745, 64382,    60
44589.0049653,  0.62390, 63474,    61
44589.0159491,  0.18869, 64382,    46
44589.0200926,  0.90208, 49147,    46
44589.0326157,  0.06941, 49147,    60
44589.0428704,  0.02153, 64382,    60
44589.0684838,  0.22848, 49147,    47
44589.0760301,  0.34166, 64382,    47
44589.1187500,  0.17153, 49147,    47
44589.1398727,  0.89546, 64382,    60
44589.1910648,  0.18938, 12678,    60
44589.1930093,  0.70898, 49147,    60
44589.2076273,  0.59289, 64382,    47
44589.2788426,  0.94403, 64382,    60
44589.3246065,  0.42129, 64382,    59
44589.3353356,  0.59719, 58376,    47
44589.3399653,  0.87167, 49147,    47
44589.3515394,  0.71668, 32926,    60
44589.3516782,  0.28233,  9177,    46
44589.3518750,  0.46144,  9177,    47
44589.3893519,  0.86325, 32926,    47
44589.4630556,  0.13517, 64382,    46
44589.4946181,  0.76828,  9177,    46
44589.5265509,  0.53911, 63474,    69
44589.5709954,  0.13541, 64382,    60
44589.5884722,  0.85125, 49147,    47
44589.6290162,  0.71911, 49147,    47
44589.6721181,  0.08146,  3985,    59
44589.6908565,  0.62997, 64382,    46
44589.7503009,  0.41428, 64382,    60
44589.8235995,  0.76487, 49147,    46
44589.8249306,  0.91060, 16366,    46
44589.8591204,  0.33917,  9177,    60
44589.9185301,  0.43015, 63474,    51
44589.9268287,  0.49548, 35842,    47
44589.9853704,  0.22675, 49147,    45
44590.0571875,  0.88468, 64382,    59
44590.0807176,  0.54739,  3098,    46
44590.0958796,  0.66967, 49147,    46
44590.0994329,  0.03005, 49662,    47
44590.1431019,  0.89723, 49147,    60
44590.2024537,  0.31181, 49147,    60
44590.2530903,  0.45408, 16366,    47
44590.3187731,  0.22279, 64382,    46
44590.3389352,  0.62049, 64382,    60
44590.3419213,  0.40159, 49147,    60
44590.3765856,  0.04231, 64382,    47
44590.3900694,  0.44762, 49147,    47
44590.4206134,  0.50023,  5087,    61
44590.4782986,  0.83939, 62925,    60
44590.4911806,  0.15715, 10363,    60
44590.5026620,  0.42760, 64382,    60
44590.5812963,  0.85672, 49147,    47
44590.6088426,  0.05566, 64382,    60
44590.6209722,  0.05642, 49147,    46
44590.6328819,  0.62006, 64382,    46
44590.6448958,  0.36943,  3098,    47
44590.6582060,  0.91245, 49147,    47
44590.6671181,  0.72307, 30864,    47
44590.7734838,  0.33981, 16366,    47
44590.8167477,  0.02450, 16366,    47
44590.8462500,  0.57672, 49147,    46
44590.8586690,  0.03197, 49147,    46
44590.8606366,  0.98085,  9177,    46
44590.8742940,  0.62788, 49147,    46
44590.9325810,  0.10421, 16366,    59
44590.9419560,  0.11842, 49147,    47
44590.9798495,  0.98560, 49147,    47
44591.0108681,  0.15468, 64382,    58
44591.0297569,  0.48991, 64382,    46
44591.0716898,  0.63955, 49147,    59
44591.0758218,  0.57559, 64382,    49
44591.1366898,  0.44148,  3985,    47
44591.1698611,  0.09974, 49147,    60
44591.1722801,  0.86426, 16366,    47
44591.3052662,  0.20121, 17926,    46
44591.3372569,  0.68443, 57730,    47
44591.3602778,  0.62426, 35842,    46
44591.3780903,  0.26352, 64382,    59
44591.3782639,  0.07687, 64382,    46
44591.3787847,  0.10740, 63474,    47
44591.4248611,  0.15403, 16580,    60
44591.4755208,  0.72597, 49147,    46
44591.4796991,  0.65795, 64382,    46
44591.4896759,  0.28137, 49147,    46
44591.4989005,  0.51487, 64382,    46
44591.5358912,  0.74087, 53243,    60
44591.5687616,  0.07044, 15886,    46
44591.5750694,  0.74623, 28775,    46
44591.5913194,  0.75364,  7631,    53
44591.6292245,  0.00252, 16366,    51
44591.6353704,  0.82139, 64382,    47
44591.6564236,  0.16401, 49147,    46
44591.7146759,  0.33732,   799,    47
44591.7526852,  0.82022, 14085,    59
44591.8057755,  0.07610, 57972,    58
44591.8156597,  0.39472, 49147,    46
44591.8557176,  0.68279, 15230,    46
44591.8882870,  0.15626, 11664,    59
44591.9482176,  0.13377, 64382,    59
44591.9737500,  0.65812, 64382,    53
44591.9843981,  0.29839, 57204,    47
44592.0496181,  0.07258, 53243,    47
44592.0578588,  0.59037, 23579,    47
44592.0830556,  0.97166, 49147,    60
44592.1756019,  0.00458, 64382,    47
44592.1838194,  0.35592, 49147,    47
44592.2266782,  0.38323, 49147,    61
44592.2290162,  0.01519,  9177,    60
44592.3178704,  0.41186, 49147,    60
44592.3380787,  0.62870, 64382,    60
44592.4149769,  0.46370,  5239,    55
44592.4410301,  0.92898, 57730,    60
44592.4426157,  0.03403, 49147,    47
44592.5016898,  0.16641, 49147,    47
44592.5053588,  0.31896, 62222,    59
44592.5186921,  0.72777, 64382,    53
44592.5224653,  0.49790, 49147,    47
44592.5650000,  0.13459, 49147,    53
44592.5650926,  0.97938, 49147,    47
44592.6228125,  0.22425, 49147,    60
44592.6229630,  0.23057, 49147,    48
44592.6515972,  0.39151, 49147,    58
44592.6669907,  0.85586, 57730,    59
44592.7134491,  0.68891, 49147,    59
44592.7576273,  0.05376, 49147,    47
44592.8867477,  0.43466, 64382,    47
44592.9219444,  0.76046, 64382,    46
44592.9462037,  0.49435, 15886,    47
44592.9682292,  0.98673, 63474,    60
44592.9772338,  0.63189, 49662,    60
44592.9920602,  0.30206,  9177,    48
44592.9985995,  0.89834, 35842,    57
44593.0002431,  0.01303, 49147,    47
44593.0003704,  0.35174, 49147,    48
44593.0230903,  0.14261, 49147,    47
44593.0629282,  0.84544, 49147,    46
44593.2248032,  0.57693, 62086,    47
44593.2386921,  0.82300, 63474,    47
44593.2767245,  0.72909, 12678,    48
44593.3341088,  0.01870, 63474,    59
44593.4193171,  0.31553, 39327,    47
44593.6185880,  0.82526, 24453,    58
44593.6248148,  0.96405, 49147,    47
44593.6328241,  0.15833,  4114,    47
44593.6786690,  0.27053, 64382,    58
44593.7353819,  0.65231, 49147,    46
44593.7462616,  0.84782, 49147,    60
44593.7557292,  0.64526, 52062,    46
44593.7770139,  0.79197, 63474,    47
44593.7976389,  0.12074, 39056,    47
44593.7978356,  0.17361, 49147,    46
44593.7992130,  0.67531, 43080,    46
44593.8602546,  0.45328, 64382,    46
44593.8649190,  0.96208, 49147,    46
44593.8754167,  0.41863,  3098,    46
44593.8766551,  0.51348, 49147,    46
44593.8808796,  0.82336, 63474,    46
44593.9222338,  0.84028, 64382,    56
44593.9410648,  0.56604, 64382,    46
44593.9937847,  0.98282, 64382,    50
44594.0315509,  0.40279, 64382,    59
44594.1657639,  0.11693, 49147,    60
44594.2588773,  0.47726, 49147,    60
44594.2853472,  0.79175, 64382,    61
44594.2856250,  0.73898, 64382,    60
44594.2920486,  0.36252, 49147,    46
44594.3669097,  0.69242, 49147,    59
44594.3769560,  0.45499, 49147,    60
44594.4123264,  0.29246, 64382,    60
44594.4417361,  0.42000, 49147,    46
44594.4432755,  0.33398, 49147,    47
44594.4492940,  0.94816, 49147,    49
44594.4604630,  0.80546, 64382,    47
44594.4606250,  0.50539, 64382,    46
44594.5033102,  0.64099, 49147,    46
44594.5035764,  0.84897, 49147,    60
44594.5493056,  0.96002, 35842,    56
44594.5645718,  0.73151, 49147,    47
44594.5646528,  0.48854, 49147,    60
44594.5908218,  0.68918, 49147,    47
44594.5946412,  0.54304, 12368,    48
44594.5973148,  0.67228, 16580,    48
44594.6025579,  0.67161, 49147,    46
44594.6200579,  0.04246, 49147,    46
44594.6201968,  0.18761, 49147,    60
44594.6420486,  0.16795, 49147,    49
44594.6489120,  0.28334, 49147,    60
44594.6727778,  0.51343, 49147,    46
44594.6770370,  0.12226, 49147,    60
44594.6887269,  0.16761, 23262,    46
44594.6961690,  0.30341, 49147,    62
44594.7051968,  0.22272, 64382,    60
44594.7064468,  0.64216, 49147,    46
44594.7085417,  0.07709, 20681,    61
44594.7229630,  0.29815,  9054,    59
44594.7439699,  0.95908, 49147,    47
44594.7621875,  0.51612, 64382,    46
44594.7803472,  0.62752, 16580,    46
44594.8142130,  0.83594, 16366,    47
44594.8175000,  0.12897, 64382,    59
44594.8244097,  0.99201, 57204,    47
44594.8834954,  0.94979, 42017,    47
44595.0493287,  0.16757, 49147,    47
44595.0870139,  0.38959, 49147,    53
44595.1065162,  0.41188, 16366,    45
44595.1168634,  0.30636,  3985,    47
44595.1848611,  0.64701, 49147,    47
44595.1991435,  0.54208, 63474,    47
44595.2135995,  0.87415, 49147,    47
44595.2330324,  0.75376, 49147,    60
44595.2341088,  0.99069, 64382,    59
44595.2465856,  0.25826, 49147,    46
44595.2465972,  0.84911, 49147,    60
44595.2735532,  0.45225, 64382,    59
44595.2858565,  0.36379, 49147,    59
44595.3160648,  0.19269, 49147,    48
44595.3275000,  0.67677, 49147,    57
44595.3471181,  0.39722, 49147,    60
44595.3472801,  0.22284, 49147,    46
44595.3606134,  0.64648,  4114,    47
44595.3761458,  0.10210, 64382,    61
44595.4603241,  0.16759, 49147,    47
44595.5064352,  0.37284, 64382,    60
44595.6156481,  0.99117, 64382,    47
44595.7115394,  0.84614, 28775,    46
44595.7990394,  0.47544, 49147,    46
44595.8370833,  0.92138, 49147,    46
44595.8371296,  0.73720, 49147,    59
44595.8372222,  0.15101, 49147,    60
44595.8739005,  0.25219, 64382,    46
44595.8880787,  0.20030,  9177,    47
44595.8984144,  0.90239, 64382,    45
44595.9192824,  0.48470, 64382,    59
44595.9226389,  0.05549, 64382,    60
44595.9694444,  0.20978, 49147,    46
44595.9939699,  0.24480, 49147,    46
44596.0290046,  0.57074, 47595,    48
44596.0354398,  0.42631, 64382,    46
44596.0653009,  0.97283, 30266,    60
44596.0680440,  0.51852, 65011,    59
44596.0957870,  0.99203, 64382,    45
44596.0963773,  0.05990, 49147,    60
44596.1922222,  0.60513, 64382,    46
44596.2827778,  0.20846, 64382,    47
44596.3141782,  0.77056, 64382,    46
44596.3301852,  0.66820, 64382,    46
44596.3393403,  0.83891, 22386,    46
44596.4156829,  0.74344, 63474,    46
44596.4580324,  0.25325, 64382,    59
44596.4601852,  0.58800, 49147,    45
44596.4916667,  0.32609, 64382,    60
44596.5126736,  0.09850, 64382,    55
44596.7024190,  0.16478, 14085,    55
44596.7307060,  0.42410, 49147,    59
44596.7455093,  0.98942, 49147,    60
44596.7657870,  0.04258, 49147,    59
44596.8291435,  0.34269, 49147,    60
44596.8362731,  0.37802, 49147,    46
44596.9060648,  0.40389, 16580,    46
44596.9503472,  0.32105,  9177,    47
44596.9957523,  0.10877, 49147,    47
44597.0147222,  0.97588, 63474,    47
44597.0207407,  0.54247, 49147,    46
44597.0323958,  0.83167, 53243,    46
44597.0878009,  0.32371, 64382,    46
44597.0878241,  0.73675, 64382,    47
44597.1166782,  0.82965, 49147,    48
44597.1319444,  0.45403, 12678,    46
44597.1519676,  0.53539, 64382,    47
44597.1613542,  0.87990, 49147,    46
44597.1616551,  0.72568, 16580,    47
44597.2000926,  0.01241, 16580,    46
44597.2717130,  0.10258, 62606,    46
44597.3145486,  0.31845, 49147,    48
44597.3286921,  0.54789, 49147,    46
44597.3420139,  0.86493, 49147,    60
44597.4329630,  0.34735, 49147,    47
44597.4691551,  0.30249, 63474,    46
44597.5471644,  0.06175, 49147,    46
44597.5681481,  0.33420, 41459,    47
44597.5725347,  0.87542, 28775,    50
44597.5739583,  0.16891, 49147,    47
44597.6467477,  0.00746, 64382,    46
44597.6787731,  0.25694, 22386,    59
44597.6790625,  0.18132, 49147,    46
44597.6996065,  0.92020, 49147,    46
44597.8793981,  0.36146, 64382,    56
44597.9381829,  0.69691, 64382,    47
44597.9859028,  0.22833, 64382,    46
44598.0098148,  0.17417, 49147,    57
44598.0375116,  0.51369, 49147,    53
44598.0465856,  0.07574, 63474,    60
44598.0540972,  0.32827, 15886,    46
44598.0810185,  0.65575,   769,    46
44598.0815394,  0.22785, 49147,    46
44598.1016435,  0.46910, 64382,    46
44598.1521875,  0.91922, 49147,    47
44598.1694676,  0.73953, 49147,    58
44598.1783102,  0.72554, 64382,    46
44598.1901736,  0.26412, 49147,    60
44598.2136227,  0.53042, 33182,    46
44598.2137153,  0.27811,  9177,    47
44598.2265278,  0.87762, 33182,    60
44598.2491551,  0.95666, 64382,    46
44598.3600926,  0.36350, 64382,    48
44598.3614120,  0.44570, 62086,    46
44598.3920833,  0.20294, 49147,    47
44598.4441088,  0.52790, 64382,    47
44598.4497106,  0.36209, 16366,    46
44598.4577431,  0.68174, 64382,    47
44598.4930440,  0.27137, 64382,    46
44598.6001505,  0.28941, 42017,    60
44598.6172685,  0.68755, 64382,    46
44598.6261343,  0.08038, 32926,    58
44598.6515625,  0.86555, 47749,    46
44598.6644444,  0.51230, 49147,    60
44598.7529630,  0.70427, 49147,    57
44598.7628935,  0.03077, 49147,    56
44598.7868403,  0.17342, 49147,    46
44598.8153009,  0.94768,  3063,    47
44598.8173611,  0.91586, 63474,    46
44598.8251852,  0.39556, 49147,    47
44598.9253125,  0.45400, 64382,    46
44598.9559144,  0.82562, 64382,    46
44598.9781481,  0.63323, 49147,    47
44599.0180787,  0.08801, 49147,    47
44599.0291551,  0.34881, 49147,    46
44599.0455208,  0.38839, 49147,    60
44599.1098495,  0.32133, 64382,    60
44599.1459375,  0.22994, 64382,    46
44599.1837153,  0.96539, 49147,    60
44599.2120833,  0.78715, 11396,    47
44599.2427894,  0.63736, 49147,    47
44599.2559722,  0.46514, 49147,    46
44599.3065741,  0.56116, 64382,    60
44599.3882176,  0.68947, 49147,    46
44599.3883102,  0.91766, 49147,    60
44599.4329514,  0.52488,  3098,    59
44599.4346412,  0.22039, 14369,    59
44599.4445486,  0.88746, 64382,    60
44599.4677083,  0.50769, 12368,    47
44599.5843866,  0.69045, 49147,    48
44599.5984259,  0.17208, 49147,    46
44599.6728241,  0.25505, 49147,    47
44599.6917940,  0.56246,  3985,    47
44599.6992477,  0.12629, 49147,    60
44599.6992940,  0.50395, 49147,    47
44599.7387037,  0.70007, 63474,    47
44599.8561458,  0.55850, 42017,    46
44599.8739815,  0.97115,  9792,    47
44599.9025231,  0.80291, 29717,    46
44599.9712384,  0.45386, 33377,    49
44599.9790509,  0.66866, 49147,    47
44599.9811574,  0.22977, 49147,    46
44600.0540625,  0.98464, 49147,    47
44600.0867940,  0.62095, 12678,    47
44600.0890972,  0.90602, 28775,    59
44600.0929745,  0.23431, 57787,    59
44600.1068519,  0.31651, 49147,    60
44600.1209491,  0.42352, 16366,    66
44600.1320602,  0.64034, 49147,    59
44600.1374884,  0.57542, 49147,    46
44600.1574306,  0.75146, 16366,    46
44600.1693981,  0.61538, 12678,    60
44600.1799421,  0.82468, 49147,    59
44600.1991898,  0.56632, 24453,    56
44600.2212384,  0.90897, 35842,    60
44600.2309606,  0.20700, 17926,    47
44600.3364120,  0.75110, 64382,    60
44600.3777083,  0.62855, 16580,    47
44600.3785532,  0.06439, 64382,    44
44600.3908796,  0.66525, 16366,    60
44600.4303472,  0.03648,  9177,    60
44600.4959144,  0.47052, 16366,    47
44600.5119676,  0.70471, 49147,    47
44600.5284144,  0.76756, 49147,    47
44600.6462384,  0.52149, 16366,    56
44600.6556019,  0.51876, 16366,    58
44600.6825347,  0.99446, 22052,    47
44600.6861574,  0.12029,  3985,    47
44600.7066204,  0.34291, 36894,    47
44600.7069560,  0.38220, 25315,    46
44600.7298380,  0.33153, 60792,    60
44600.8210301,  0.34221, 49147,    47
44600.9636111,  0.17899, 65525,    67
44601.0002083,  0.86567, 28775,    47
44601.0430093,  0.40701, 16366,    54
44601.0796065,  0.67895, 49147,    59
44601.1472685,  0.17477, 49147,    47
44601.1570486,  0.53246, 64382,    47
44601.2550694,  0.50616, 53221,    47
44601.2681944,  0.23052, 49147,    46
44601.2727778,  0.00857, 16580,    59
44601.2977199,  0.48064, 57730,    46
44601.3090278,  0.59409, 49147,    55
44601.3315741,  0.73408, 13268,    61
44601.3829630,  0.99983, 49147,    55
44601.3921991,  0.62815, 49147,    58
44601.4570718,  0.75172, 12678,    46
44601.4666435,  0.09790, 14369,    61
44601.5379745,  0.91362,  3098,    46
44601.5925000,  0.17558, 39056,    60
44601.6109491,  0.29189, 64382,    60
44601.6151852,  0.97089, 22386,    48
44601.6393287,  0.13413, 49147,    45
44601.6464468,  0.14601, 63474,    59
44601.6530208,  0.34651, 49147,    60
44601.6876736,  0.89759, 16580,    59
44601.6927083,  0.91166, 49147,    47
44601.7020602,  0.76207, 49147,    46
44601.7269329,  0.18165, 64382,    58
44601.7530208,  0.21182,  7657,    45
44601.8312037,  0.22149, 28775,    60
44601.8331713,  0.48782, 57787,    60
44601.8870023,  0.04483, 49147,    48
44601.9290162,  0.03852, 49147,    59
44601.9873264,  0.61785, 64382,    47
44602.0156366,  0.69715, 64382,    47
44602.1899653,  0.49180, 49147,    63
44602.3128588,  0.54206, 16366,    46
44602.3325000,  0.07008, 64382,    46
44602.3421875,  0.62244, 64382,    46
44602.3424306,  0.14601, 64382,    48
44602.4001389,  0.32784, 64382,    46
44602.4065046,  0.56414, 64382,    60
44602.4264699,  0.27746, 64382,    46
44602.4459954,  0.33029, 63474,    46
44602.6370833,  0.24163, 47595,    46
44602.6633796,  0.74913, 63474,    53
44602.6646065,  0.91725, 64382,    60
44602.7028009,  0.82787, 16366,    46
44602.7080093,  0.27818,  4985,    58
44602.7253472,  0.76771, 53243,    46
44602.7891088,  0.60561, 49147,    47
44602.8360301,  0.98670, 49147,    59
44602.8670370,  0.11009, 49147,    58
44603.0405556,  0.15060, 53243,    69
44603.0449653,  0.63220, 12678,    46
44603.0482176,  0.97252, 49147,    46
44603.1252778,  0.58953, 48641,    45
44603.1743056,  0.10802, 49147,    58
44603.1811690,  0.75067, 64382,    46
44603.1963310,  0.68630,  9177,    53
44603.2266782,  0.00302, 64382,    59
44603.2329630,  0.73833,   769,    44
44603.2371875,  0.78436, 49147,    59
44603.2725463,  0.00293, 14369,    46
44603.3117361,  0.03756, 49147,    47
44603.3225926,  0.10483, 49147,    46
44603.3264236,  0.59606, 49147,    46
44603.3264583,  0.02666, 49147,    59
44603.3558102,  0.79660, 28775,    46
44603.3714005,  0.73811, 28775,    58
44603.4049074,  0.19092, 62222,    60
44603.4088542,  0.80642, 64382,    46
44603.4612616,  0.48360, 64382,    60
44603.4672338,  0.60057, 49147,    47
44603.4729398,  0.67550, 48685,    59
44603.5051736,  0.68896, 35842,    47
44603.5115509,  0.73519,  9177,    60
44603.5347454,  0.57453, 64382,    59
44603.5533449,  0.01529, 54846,    69
44603.5701157,  0.02587, 49147,    58
44603.5970718,  0.67111,  9177,    58
44603.6275926,  0.60897, 64382,    47
44603.6615162,  0.16301, 15886,    46
44603.6674537,  0.55845, 16366,    60
44603.6890741,  0.39520, 64382,    46
44603.7026620,  0.98879, 28775,    46
44603.7543519,  0.46932, 64382,    59
44603.8055556,  0.93405, 64382,    59
44603.8089699,  0.78247, 49147,    46
44603.8478009,  0.97432, 64382,    59
44603.8886806,  0.80275, 49147,    60
44603.9048148,  0.25874, 64382,    60
44603.9113773,  0.84143, 49147,    51
44603.9910185,  0.02328, 49147,    46
44603.9972106,  0.68399, 49147,    48
44604.0022569,  0.97370, 48641,    46
44604.0098032,  0.98886, 49147,    59
44604.0209491,  0.71339, 49147,    46
44604.0495718,  0.97432, 49147,    59
44604.1095718,  0.94746, 49662,    59
44604.1292361,  0.33866, 16366,    46
44604.2164468,  0.90062, 64382,    60
44604.2371875,  0.96638,   769,    60
44604.2489931,  0.94890, 16580,    47
44604.2544097,  0.28046,  9177,    60
44604.2921759,  0.88638, 16366,    46
44604.3835880,  0.80027, 49147,    60
44604.4270833,  0.05484, 10363,    47
44604.4940972,  0.17179, 49147,    59
44604.4947454,  0.72895, 64382,    47
44604.5070949,  0.92632, 49147,    59
44604.5290509,  0.92994, 49147,    46
44604.5679745,  0.75187, 12678,    60
44604.7116435,  0.31351, 49147,    47
44604.7159144,  0.44824, 16580,    47
44604.8080093,  0.33048,  3985,    46
44604.8172338,  0.77464,  9177,    55
44604.8873727,  0.36161, 49147,    46
44604.8880556,  0.23232, 15230,    46
44604.8917708,  0.15348, 64382,    60
44604.8919676,  0.10051, 64382,    47
44604.9332755,  0.06151, 16366,    47
44604.9337963,  0.69501, 49147,    47
44604.9883449,  0.62097, 16366,    47
44605.0181713,  0.09194, 64382,    47
44605.0463657,  0.35071, 64382,    60
44605.0563773,  0.30693, 42017,    60
44605.1907292,  0.87098, 49147,    55
44605.1912269,  0.05686, 49147,    61
44605.1914699,  0.52670, 49147,    48
44605.2214815,  0.95608, 49147,    60
44605.2463426,  0.19080, 49147,    47
44605.2481713,  0.49432,  3985,    60
44605.2681019,  0.08378, 49147,    60
44605.3056597,  0.89795, 49147,    47
44605.3220949,  0.77133,  7657,    47
44605.3718866,  0.32465, 63474,    60
44605.3735069,  0.44563, 28775,    47
44605.3845718,  0.66223, 14369,    47
44605.3976505,  0.98104, 49147,    61
44605.3991088,  0.01951, 49147,    61
44605.4287269,  0.95373, 64382,    47
44605.4866551,  0.80728, 16366,    47
44605.5483912,  0.49819, 49147,    46
44605.6124074,  0.57765, 48757,    46
44605.6789120,  0.13279, 57204,    47
44605.7003125,  0.56882, 63474,    59
44605.7253472,  0.85166, 64382,    47
44605.7742130,  0.99954, 49147,    47
44605.7930440,  0.01183, 49147,    60
44605.8295370,  0.10246, 49147,    60
44605.8547222,  0.83457, 49147,    58
44605.8660417,  0.52478, 49147,    47
44605.8703241,  0.51909, 49147,    61
44605.9676505,  0.88038, 28775,    60
44606.0036690,  0.11870, 49147,    47
44606.0507176,  0.96196, 36809,    47
44606.1439352,  0.14762, 63474,    47
44606.2479398,  0.10061, 64382,    47
44606.2499884,  0.13889, 63474,    60
44606.2587500,  0.76905, 64382,    47
44606.2647222,  0.10745, 64382,    60
44606.3097338,  0.25082, 49147,    60
44606.3424074,  0.93258, 49147,    47
44606.3474190,  0.43387, 64382,    48
44606.3513194,  0.99923, 49147,    60
44606.3886458,  0.09262,  9177,    47
44606.5340741,  0.20057, 12678,    46
44606.5835532,  0.90014, 16366,    47
44606.5858333,  0.67310, 64382,    47
44606.5958681,  0.44174, 22386,    47
44606.6220602,  0.17877, 49147,    60
44606.6298727,  0.99299, 64382,    47
44606.6396644,  0.89704,  9177,    44
44606.7341551,  0.34934, 49147,    60
44606.7384606,  0.28387, 28775,    47
44606.7428588,  0.76835, 55861,    46
44606.7485185,  0.49785, 49147,    47
44606.8009838,  0.60285, 16366,    49
44606.8365625,  0.25997,   769,    47
44606.8607986,  0.33557, 64382,    60
44606.9091435,  0.08546, 49147,    47
44606.9254051,  0.16466, 49147,    60
44606.9458681,  0.66383, 64382,    47
44606.9723843,  0.44200, 64382,    47
44607.0153704,  0.08383, 49147,    47
44607.0156019,  0.91569, 49147,    60
44607.0218403,  0.57256, 39056,    47
44607.0478472,  0.76406, 49147,    60
44607.0743519,  0.16567, 49147,    51
44607.0823495,  0.72179, 49147,    47
44607.0979398,  0.84904, 64382,    60
44607.1057639,  0.27619,  9177,    47
44607.1211111,  0.72748, 48641,    47
44607.1277199,  0.51835, 49147,    47
44607.1490162,  0.86815, 49147,    46
44607.2037616,  0.03828,  9177,    56
44607.2049884,  0.35297, 49147,    47
44607.2193750,  0.67161,  9177,    47
44607.3062500,  0.17210, 49147,    60
44607.3324769,  0.52137, 49147,    47
44607.3408218,  0.76531, 64382,    50
44607.3746296,  0.24477, 49147,    49
44607.4031713,  0.71260, 49147,    46
44607.4218056,  0.67689, 63474,    46
44607.5116435,  0.89322, 49147,    60
44607.5128125,  0.77162,   799,    47
44607.5428241,  0.89807, 49147,    47
44607.5751273,  0.13608, 64382,    60
44607.6103472,  0.16694, 49147,    60
44607.6595255,  0.38805, 64382,    60
44607.6697338,  0.05957, 64382,    47
44607.7086574,  0.19819, 64382,    47
44607.7288889,  0.41136, 49147,    47
44607.7405324,  0.44517, 64382,    46
44607.7741667,  0.58065, 64382,    47
44607.7814352,  0.61449, 49147,    47
44607.8056944,  0.20042, 64382,    60
44607.8304282,  0.06703,  5087,    60
44607.8577546,  0.63374, 33412,    46
44607.9024884,  0.71889, 63474,    46
44607.9667593,  0.34277, 64382,    58
44607.9790394,  0.62121,  5087,    46
44607.9889236,  0.23191, 28775,    46
44607.9922685,  0.03151, 65525,    59
44608.0357292,  0.64449, 64382,    60
44608.0459259,  0.18242, 49147,    47
44608.0684838,  0.73823, 49147,    47
44608.0795370,  0.38294, 64382,    48
44608.1218403,  0.99083, 64382,    47
44608.1744676,  0.51172,  9177,    60
44608.1937847,  0.73180, 49147,    60
44608.2052546,  0.34896, 49147,    47
44608.2629630,  0.58077, 49147,    47
44608.2732176,  0.15780, 49147,    60
44608.2919676,  0.07277, 49147,    60
44608.3126620,  0.84208, 64382,    60
44608.3440278,  0.71625, 49147,    60
44608.3466667,  0.36554, 49147,    47
44608.3750000,  0.55828, 49147,    59
44608.4067593,  0.47481, 49147,    60
44608.4484144,  0.75040, 15886,    58
44608.4622801,  0.64288, 24838,    47
44608.4895602,  0.80563, 64382,    60
44608.5471875,  0.21993, 49147,    60
44608.5698843,  0.87475, 64382,    48
44608.5835069,  0.10956, 27150,    46
44608.6485995,  0.83865, 49147,    50
44608.6504398,  0.81623, 63474,    47
44608.6504861,  0.93827, 63474,    46
44608.7283449,  0.78273,  3098,    59
44608.7409491,  0.21549, 49147,    68
44608.7816551,  0.28752, 64382,    60
44608.7848727,  0.28260, 64382,    59
44608.7884491,  0.51696, 16580,    46
44608.9187963,  0.79163, 12678,    46
44608.9951968,  0.10774,  3098,    46
44609.0331366,  0.10850, 63474,    46
44609.0554977,  0.59877, 63474,    59
44609.0565741,  0.52368,  9177,    47
44609.0650579,  0.60031, 48641,    46
44609.1020718,  0.84059, 49147,    46
44609.2072569,  0.76351, 64382,    58
44609.2137500,  0.84652, 63474,    59
44609.3373611,  0.76485, 22563,    46
44609.3457292,  0.58032, 49147,    46
44609.4063542,  0.58824, 64382,    44
44609.4234722,  0.91065, 49147,    46
44609.4235417,  0.70567, 49147,    46
44609.4934491,  0.73670, 49147,    46
44609.5961690,  0.57720, 62222,    46
44609.6071644,  0.89130, 28775,    59
44609.6148264,  0.84256, 49147,    46
44609.6784491,  0.38220, 49147,    46
44609.8410880,  0.91818, 65525,    45
44609.8411227,  0.52036, 65525,    46
44609.8560764,  0.86207,  3985,    47
44609.8577662,  0.06643, 64382,    52
44609.8790046,  0.66693, 49147,    46
44609.8985069,  0.24749, 49147,    45
44609.9007755,  0.59376, 16580,    46
44609.9036343,  0.47791, 57730,    54
44609.9724769,  0.50016,  3985,    68
44609.9899074,  0.74932, 64382,    46
44610.0208102,  0.71162,  3098,    43
44610.0608565,  0.07742,  5087,    46
44610.0711806,  0.59426, 58376,    59
44610.1237847,  0.74743,  5087,    58
44610.2711806,  0.60136, 63474,    45
44610.2760764,  0.91017, 35842,    46
44610.2944676,  0.79377, 24358,    46
44610.3152199,  0.03535, 28775,    68
44610.3251620,  0.85735, 58376,    59
44610.4159259,  0.34536, 64382,    58
44610.4493634,  0.43396, 64382,    46
44610.4499306,  0.13649, 49147,    59
44610.4759144,  0.87021, 64382,    46
44610.5866088,  0.80798, 49147,    58
44610.6373611,  0.19089,  5087,    57
44610.7219213,  0.33960, 48641,    46
44610.7350694,  0.06854, 49147,    46
44610.7495718,  0.42806, 49147,    58
44610.7645602,  0.13548,   769,    59
44610.8487269,  0.17239, 64382,    59
44610.9057755,  0.20205, 14369,    59
44610.9303819,  0.11542, 17926,    68
44610.9444676,  0.23513,   769,    58
44610.9466898,  0.04651, 49147,    46
44610.9760532,  0.59385, 11664,    47
44611.0037384,  0.97864,  9177,    59
44611.0800116,  0.16022,   799,    59
44611.1073495,  0.48048, 64382,    46
44611.1413194,  0.95063,  9177,    46
44611.1814236,  0.36309, 58376,    58
44611.2066435,  0.04946, 28775,    45
44611.2418750,  0.56870, 30266,    46
44611.2902199,  0.80205, 63474,    59
44611.3104051,  0.24113, 49147,    59
44611.3264931,  0.46552,  3985,    46
44611.3429630,  0.57369, 49147,    60
44611.3579745,  0.85790, 49147,    48
44611.3612847,  0.57062, 65011,    46
44611.4003472,  0.43327, 64382,    46
44611.5168056,  0.56618, 16366,    46
44611.5911690,  0.55852, 64382,    48
44611.6148380,  0.17846, 28775,    60
44611.6301042,  0.33545, 63474,    46
44611.6389005,  0.13730, 64382,    45
44611.6400579,  0.46735, 49147,    57
44611.6458912,  0.34802, 64382,    59
44611.6729745,  0.39103, 53221,    46
44611.6927894,  0.73144, 14369,    49
44611.7087384,  0.36554, 49147,    47
44611.7149769,  0.08796, 30864,    46
44611.7509606,  0.26793, 49147,    59
44611.7930208,  0.26844, 64382,    46
44611.7983912,  0.21525, 64382,    52
44611.8014931,  0.81122, 63474,    59
44611.8093171,  0.31142, 49147,    59
44611.8676157,  0.10334, 49147,    60
44611.8958565,  0.68387,  9177,    46
44611.9302778,  0.03410, 49147,    59
44611.9689005,  0.28745, 49147,    46
44611.9992824,  0.66741,  3985,    46
44612.0141551,  0.76838, 63474,    46
44612.0419676,  0.41745, 64382,    46
44612.0680440,  0.54691, 63474,    46
44612.1003125,  0.86786, 49147,    46
44612.1609838,  0.06178, 63474,    46
44612.1679630,  0.38875, 48641,    59
44612.1948264,  0.09979, 49147,    68
44612.1978588,  0.13394, 64382,    47
44612.3189699,  0.32637, 10363,    47
44612.3808681,  0.81743, 64382,    46
44612.4251736,  0.94108, 49662,    60
44612.4728704,  0.68234, 49147,    60
44612.4743981,  0.94485, 49147,    58
44612.4860648,  0.24492, 28775,    59
44612.4869444,  0.67252, 49147,    48
44612.5429282,  0.90354, 49147,    46
44612.5645718,  0.32947, 14369,    47
44612.5769676,  0.64847, 27150,    47
44612.5964931,  0.87273, 49147,    46
44612.6421181,  0.35225, 49147,    59
44612.6792708,  0.32292, 49147,    46
44612.7656713,  0.98118, 49147,    59
44612.7767940,  0.65805, 16366,    46
44612.8036921,  0.62457, 16366,    46
44612.8434028,  0.47001, 64382,    46
44612.9565856,  0.86755, 64382,    59
44612.9954167,  0.44932, 10363,    56
44613.0437731,  0.81811, 49147,    46
44613.0439005,  0.50404, 49147,    46
44613.0862153,  0.82262, 54846,    60
44613.1149306,  0.35815, 64382,    47
44613.2218750,  0.26930, 49147,    45
44613.2485532,  0.96618, 49147,    47
44613.2532523,  0.94614, 49662,    46
44613.3423843,  0.86685, 12678,    60
44613.3747222,  0.47095,  3985,    59
44613.3906250,  0.45513, 64382,    46
44613.4152083,  0.17801, 58190,    59
44613.4604630,  0.85615, 49147,    46
44613.5145139,  0.77085, 16366,    59
44613.5308333,  0.97029,   769,    47
44613.5726968,  0.16682, 16366,    46
44613.6250579,  0.38037, 49147,    46
44613.6512731,  0.51494,  9177,    51
44613.6519560,  0.86063, 65011,    46
44613.7070139,  0.75407, 62925,    59
44613.8848843,  0.45746, 65525,    46
44613.9390856,  0.76091, 49147,    60
44613.9637847,  0.40377, 49147,    46
44613.9679398,  0.24041,  9054,    69
44613.9974074,  0.26085, 49147,    59
44614.0996296,  0.62911, 16366,    60
44614.1376389,  0.19759, 49147,    46
44614.2133333,  0.12549, 64382,    46
44614.2277778,  0.06598, 24358,    60
44614.2769560,  0.06566, 57730,    47
44614.2774769,  0.51343,  3985,    60
44614.4314468,  0.07056, 15898,    66
44614.4316551,  0.63712, 15898,    57
44614.4318056,  0.01738, 15898,   101
44614.4318750,  0.20853, 15898,   215
44614.4319444,  0.40008, 15898,    49
44614.4321528,  0.98140, 15898,    63
44614.4640394,  0.60033, 49147,    47
44614.4983681,  0.61346, 64382,    60
44614.5077662,  0.17076, 49147,    46
44614.5118519,  0.11875, 49147,    46
44614.5425116,  0.12775, 49147,    60
44614.6109375,  0.68944, 16366,    60
44614.6118519,  0.74294, 64382,    46
44614.6217245,  0.41251,  9792,    61
44614.6658681,  0.89207, 39327,    59
44614.6784606,  0.36653, 12678,    47
44614.7343056,  0.91674, 49662,    46
44614.8164699,  0.05182, 49147,    46
44614.8282060,  0.65407, 16366,    61
44614.8906713,  0.12343, 14369,    47
44614.8973495,  0.28704, 14369,    46
44614.9365278,  0.96566, 49147,    60
44615.0309838,  0.70864, 49147,    46
44615.1951620,  0.73643, 49147,    58
44615.2236111,  0.20081, 16366,    46
44615.3464120,  0.42098, 64382,    51
44615.3691782,  0.50916, 22563,    60
44615.3816551,  0.49641,  1903,    60
44615.3969213,  0.31447, 49147,    46
44615.4432523,  0.56632, 48641,    46
44615.5109606,  0.27369, 63474,    47
44615.5224190,  0.70927, 58292,    54
44615.5437037,  0.06607, 49147,    46
44615.6152546,  0.50961, 39056,    59
44615.6565856,  0.27821, 28775,    53
44615.7024306,  0.96518, 64382,    46
44615.7414931,  0.62107, 63474,    46
44615.8669213,  0.39576, 49147,    46
44615.8793171,  0.72527, 49147,    59
44615.8962731,  0.84938, 54846,    59
44616.0164352,  0.81683, 43381,    46
44616.1124190,  0.04711, 50380,    47
44616.1377431,  0.64046, 64382,    46
44616.1379514,  0.84381, 64382,    60
44616.2783565,  0.93292, 53243,    54
44616.2786227,  0.98589, 53243,    54
44616.3700463,  0.10162, 64382,    59
44616.4265046,  0.28797, 49147,    46
44616.4272106,  0.74999, 49147,    60
44616.4593403,  0.37687, 15695,    45
44616.5714699,  0.16721, 49147,    46
44616.6183565,  0.98274,  6713,    60
44616.7526157,  0.16629, 49147,    46
44616.7553125,  0.90738, 49147,    44
44616.8808565,  0.94379, 49147,    60
44616.9436343,  0.66016, 57204,    46
44616.9493056,  0.70646, 39056,    46
44616.9501620,  0.53954, 64382,    46
44616.9505671,  0.94278, 42857,    46
44616.9723611,  0.19111, 49147,    46
44617.0455787,  0.58370, 64382,    46
44617.0735764,  0.56460, 64382,    46
44617.1626505,  0.39408, 49147,    47
44617.1807639,  0.17640, 49147,    46
44617.1811921,  0.94655, 63474,    46
44617.1976620,  0.36295, 62222,    52
44617.2678588,  0.26613, 64382,    60
44617.2819676,  0.72376, 64382,    60
44617.3190046,  0.62136, 49147,    46
44617.3823495,  0.83275, 49662,    60
44617.4345718,  0.11232, 63474,    46
44617.4690394,  0.28425, 64382,    44
44617.4731250,  0.11033,  7631,    59
44617.5317824,  0.88082, 64382,    46
44617.5689120,  0.67411,  9177,    47
44617.5691898,  0.61202,  9177,    46
44617.5903241,  0.00502, 48641,    47
44617.6934375,  0.40855, 64382,    46
44617.7034722,  0.64490, 49147,    47
44617.7100116,  0.01730, 16366,    47
44617.7308449,  0.77555, 49147,    55
44617.7402083,  0.46538, 14369,    52
44617.7996181,  0.49958,  9177,    47
44617.8150347,  0.11587,  7657,    46
44617.8342708,  0.53964,  3985,    46
44617.8484722,  0.49041, 49147,    59
44617.8949884,  0.16413, 49147,    57
44617.9038542,  0.44774, 13820,    47
44617.9540625,  0.89051, 62925,    60
44617.9679977,  0.24573, 49147,    59
44617.9679977,  0.62591, 64382,    47
44617.9714699,  0.10250, 41459,    58
44617.9715509,  0.54703, 49147,    46
44617.9867014,  0.72302, 64382,    60
44618.0069444,  0.58588,  3098,    46
44618.0134375,  0.69062, 49147,    46
44618.0432523,  0.07198, 49147,    60
44618.0751157,  0.74368, 49147,    46
44618.0928356,  0.54112, 64382,    46
44618.0987731,  0.86997, 57730,    47
44618.1392245,  0.36206,  3098,    46
44618.1565046,  0.24708,   769,    60
44618.1633218,  0.55792, 64382,    46
44618.2045370,  0.93338, 49147,    59
44618.2109491,  0.37675, 17926,    46
44618.2136574,  0.69969, 49147,    47
44618.2844676,  0.86059, 49147,    56
44618.3434375,  0.92404, 57730,    60
44618.5476389,  0.57019, 64382,    47
44618.5712616,  0.64283, 49147,    46
44618.5959259,  0.11458, 64382,    46
44618.6341088,  0.15302,  5087,    47
44618.6615972,  0.99371, 49147,    47
44618.7151620,  0.72796, 39310,    47
44618.7825000,  0.06185, 64382,    59
44618.8003356,  0.94535, 49147,    46
44618.8190509,  0.41378, 28775,    46
44618.8298032,  0.54847, 64382,    60
44618.8298611,  0.27662, 64382,    46
44618.8442014,  0.96126, 32926,    62
44618.8668634,  0.24132,  9177,    46
44618.8870139,  0.48873, 49147,    60
44618.9042593,  0.28713, 64382,    45
44618.9836921,  0.40236, 63474,    46
44619.0420139,  0.15607, 12678,    61
44619.0803819,  0.44935, 64382,    47
44619.1750926,  0.14141, 64382,    60
44619.2035417,  0.88780, 16366,    47
44619.2289699,  0.42684,  9177,    61
44619.2525347,  0.81304, 16366,    46
44619.2678472,  0.87566, 14369,    46
44619.3275810,  0.93734, 49147,    46
44619.3365278,  0.37135, 64382,    60
44619.4255324,  0.08177, 49147,    59
44619.4804630,  0.33739, 63474,    52
44619.5223958,  0.18845, 49147,    47
44619.5972569,  0.68140, 49147,    46
44619.6446759,  0.21019, 63474,    60
44619.6810648,  0.88026, 49147,    48
44619.7499421,  0.10430, 64382,    61
44619.7965625,  0.63741, 65525,    61
44619.8287384,  0.89058, 63474,    47
44619.8513310,  0.19279, 16366,    60
44619.8695486,  0.54657, 16366,    46
44619.9077778,  0.80947, 28775,    47
44619.9082176,  0.64389, 63474,    60
44619.9150579,  0.62224,  9177,    59
44620.0080671,  0.25634, 64382,    60
44620.0327083,  0.47004, 64382,    69
44620.0404861,  0.10999, 64382,    46
44620.1295023,  0.52384, 64382,    53
44620.1659259,  0.57026, 64382,    61
44620.2205324,  0.14289, 49147,    46
44620.2211227,  0.51105,  3985,    60
44620.2309375,  0.93957, 49147,    48
44620.2623380,  0.44335, 49147,    47
44620.2850810,  0.08954, 49147,    56
44620.2886458,  0.95838, 19278,    47
44620.3284491,  0.86020, 22563,    61
44620.3654977,  0.53395, 25974,    46
44620.4049653,  0.22637, 49147,    61
44620.4069444,  0.89483, 39056,    61
44620.4118403,  0.53052, 64382,    48
44620.4131829,  0.57480, 64382,    60
44620.4165162,  0.78271, 49147,    47
44620.4489005,  0.46274, 49147,    47
44620.4564005,  0.22574, 49147,    47
44620.5114699,  0.83248, 64382,    47
44620.5471065,  0.04190, 49147,    61
44620.5641435,  0.73915, 64382,    46
44620.5997685,  0.71073, 49147,    61
44620.6334028,  0.48369, 49147,    47
44620.6386458,  0.98538, 49147,    46
44620.6795255,  0.40989, 63474,    46
44620.6835185,  0.11561, 49147,    46
44620.6927546,  0.17635, 64382,    46
44620.7163773,  0.38829, 49147,    46
44620.7337963,  0.76459, 63474,    60
44620.7475231,  0.29373, 49147,    60
44620.7552083,  0.58819, 49147,    60
44620.7758681,  0.67435, 49147,    60
44620.8224306,  0.32136, 49147,    47
44620.8392824,  0.30377, 64382,    46
44620.9629861,  0.91432, 48641,    61
44620.9864120,  0.49663, 49147,    47
44620.9887963,  0.79235, 36894,    46
44621.0000231,  0.70504, 49147,    49
44621.0002894,  0.21413,  5087,    46
44621.0342708,  0.86186,  3985,    61
44621.0955787,  0.67348, 24838,    60
44621.1625810,  0.14834,  9177,    46
44621.2288542,  0.16706, 49147,    46
44621.2290741,  0.10174, 49147,    47
44621.2310185,  0.16200, 49147,    47
44621.2311806,  0.91302, 49147,    61
44621.2365509,  0.20390,  9177,    61
44621.2474074,  0.78544, 49147,    46
44621.2998148,  0.63784, 10363,    60
44621.3073495,  0.28817, 49147,    46
44621.4826389,  0.60468, 64382,    57
44621.5287616,  0.47551, 64382,    47
44621.5593981,  0.51547, 14369,    46
44621.5629282,  0.78580, 16366,    57
44621.6531019,  0.10176, 49147,    61
44621.6555787,  0.10992, 64382,    45
44621.6616088,  0.04001, 49147,    47
44621.6663542,  0.00874, 64825,    46
44621.7409954,  0.06737, 25061,    51
44621.7917245,  0.66770,  5239,    48
44621.9811458,  0.12000, 16366,    46
