44544.6270602,  0.50793,  9177,    55
44544.6366667,  0.07958, 64382,    56
44544.6390046,  0.56673, 16366,    42
44544.7678472,  0.72530, 65333,    56
44544.7894792,  0.21396, 49147,    55
44544.7990625,  0.67000, 49147,    43
44544.8729861,  0.45897, 64382,    42
44544.8839005,  0.68899, 49147,    55
44544.8871296,  0.80786, 28775,    42
44544.9765046,  0.22941,  6426,    42
44544.9843634,  0.52516, 16580,    56
44544.9935532,  0.27024, 49147,    56
44545.0313889,  0.62433, 64382,    55
44545.1179514,  0.85720, 27357,    42
44545.2268519,  0.61387, 27150,    41
44545.3366435,  0.44985, 49147,    41
44545.4222454,  0.24641, 10363,    55
44545.4376042,  0.69496, 42017,    42
44545.4405556,  0.54398, 49147,    56
44545.4517130,  0.69950, 49147,    55
44545.4646412,  0.41608, 64382,    55
44545.4957639,  0.53042,  3098,    42
44545.5692824,  0.93726, 49147,    56
44545.6103356,  0.58521, 63474,    41
44545.6388542,  0.74251, 49147,    41
44545.6765741,  0.36125, 61249,    47
44545.6819560,  0.57931, 62086,    41
44545.7237269,  0.10270, 16366,    41
44545.8598958,  0.83728, 64382,    42
44545.8981829,  0.96287, 64382,    56
44545.9101505,  0.97749, 49147,    56
44545.9678819,  0.70065, 49147,    41
44546.0496644,  0.40339, 49147,    42
44546.1244792,  0.67087, 32926,    41
44546.2167824,  0.64003, 49147,    41
44546.2762616,  0.83702, 62925,    40
44546.2979745,  0.74524, 64382,    50
44546.3136921,  0.39088, 64382,    56
44546.3439120,  0.60741,  3063,    55
44546.3606944,  0.36713,  3985,    41
44546.3836574,  0.58360, 22052,    41
44546.4283681,  0.42004,  3985,    55
44546.4764699,  0.25325,  5087,    56
44546.4780093,  0.79795,  5087,    41
44546.5074769,  0.99878, 64382,    41
44546.6060417,  0.61375, 16366,    51
44546.7888310,  0.71476, 64382,    42
44546.8359144,  0.53301, 25883,    41
44546.8405440,  0.31437, 53221,    41
44546.8722454,  0.87069, 49147,    41
44546.9637153,  0.36389, 35842,    41
44546.9678009,  0.82024,  1291,    55
44546.9708912,  0.22577, 30864,    55
44547.0333796,  0.99110, 63474,    42
44547.0978935,  0.10025, 64382,    56
44547.1219560,  0.22236, 49147,    42
44547.1425000,  0.90266, 49147,    41
44547.3194676,  0.76288, 49147,    40
44547.3434375,  0.12605, 49147,    41
44547.4365046,  0.61396,  5087,    41
44547.4936690,  0.98075, 49147,    56
44547.5041204,  0.95253, 49147,    54
44547.5175694,  0.81501, 64382,    56
44547.5358796,  0.31526, 22563,    41
44547.5430787,  0.01042, 49147,    55
44547.5525000,  0.96765,  9177,    49
44547.5596759,  0.53853, 12678,    46
44547.6313657,  0.08878, 60236,    54
44547.6608449,  0.42921,   769,    40
44547.6634606,  0.86579, 63430,    55
44547.6674074,  0.05018, 48641,    41
44547.7307639,  0.69926, 64382,    55
44547.7418519,  0.47457,  3098,    40
44547.7575926,  0.86827,  9177,    41
44547.9169907,  0.34269, 14369,    41
44547.9276620,  0.11986, 64382,    40
44548.0215972,  0.33235, 22386,    41
44548.0384722,  0.89644, 49147,    41
44548.1231713,  0.17357, 35842,    40
44548.1461343,  0.85852, 60236,    42
44548.1477894,  0.52768, 64382,    40
44548.1511111,  0.76735, 29717,    55
44548.2919676,  0.30986, 64382,    56
44548.3350694,  0.26198, 15886,    41
44548.3494792,  0.18741,  9177,    55
44548.3596065,  0.49233, 40977,    41
44548.3861574,  0.21693, 20681,    41
44548.4503704,  0.35815, 49147,    54
44548.4542940,  0.43020, 49147,    42
44548.4935648,  0.84170, 49147,    42
44548.6033912,  0.45878, 65333,    41
44548.6076042,  0.79168, 64382,    40
44548.6082986,  0.81806, 49147,    41
44548.6188079,  0.21417,  9792,    56
44548.6789583,  0.61341, 33412,    41
44548.7318403,  0.72364, 58376,    55
44548.7404514,  0.54249, 49147,    41
44548.7406597,  0.33681, 49147,    41
44548.8249537,  0.37382, 48641,    56
44548.8322917,  0.78823, 49147,    41
44548.8377662,  0.18960, 10162,    42
44548.8590046,  0.87268, 63474,    41
44548.8597569,  0.18857,  9177,    55
44548.8636574,  0.84009, 63474,    42
44548.9649884,  0.83152,  9177,    41
44549.0468403,  0.78343, 42017,    42
44549.1881250,  0.78458, 57204,    55
44549.2187616,  0.82679, 49147,    42
44549.2424537,  0.59976, 24453,    41
44549.2593750,  0.04572, 35842,    41
44549.2696412,  0.25661, 24838,    41
44549.3428588,  0.30828,  9792,    41
44549.3905324,  0.64759, 49662,    41
44549.4397917,  0.28058, 64382,    56
44549.4417593,  0.85415, 16366,    41
44549.4754398,  0.65867,  9234,    55
44549.5468866,  0.64941,  7631,    41
44549.5560417,  0.64521,  9177,    55
44549.5834028,  0.95800, 49147,    41
44549.5874884,  0.88142, 49147,    55
44549.6353356,  0.98214, 33123,    46
44549.7751505,  0.94290, 11039,    42
44549.8254282,  0.28625, 49147,    46
44549.8700463,  0.90542, 49147,    42
44549.8815625,  0.16579, 49147,    41
44549.9510185,  0.29906, 16366,    41
44550.0143403,  0.91922, 11039,    41
44550.0480440,  0.37421, 65525,    40
44550.1213310,  0.70303, 49662,    40
44550.1263773,  0.13519,  3063,    41
44550.2187847,  0.52384, 63474,    55
44550.3918519,  0.00619, 49147,    55
44550.4067245,  0.55713, 25315,    44
44550.4126157,  0.99806, 27150,    55
44550.4709722,  0.86428, 14369,    41
44550.5450926,  0.58531,  3098,    48
44550.5704977,  0.54172, 14369,    41
44550.5780787,  0.10272, 64797,    42
44550.6209144,  0.32460, 64382,    41
44550.6584954,  0.15290, 65011,    56
44550.6845255,  0.32239, 43324,    41
44550.7612963,  0.22637, 49147,    41
44550.8639583,  0.31070, 15898,    55
44550.8648727,  0.53263, 49147,    41
44550.8653241,  0.26635,  4274,    55
44550.9028935,  0.81470,  9177,    42
44550.9064236,  0.46260,  5087,    41
44550.9363657,  0.07819, 49662,    56
44551.0700231,  0.46370, 49147,    42
44551.1101042,  0.91314,  9177,    41
44551.1390972,  0.25790, 65011,    55
44551.1876968,  0.33513, 49147,    42
44551.2995023,  0.95946, 32926,    42
44551.3448264,  0.16742, 49147,    41
44551.5521991,  0.70495, 49147,    42
44551.6769329,  0.63350, 49147,    55
44551.7142014,  0.05378, 49147,    56
44551.7590162,  0.07481, 64382,    56
44551.7941898,  0.70708, 63474,    42
44551.8272222,  0.83956,  5087,    56
44551.8688773,  0.72259, 64382,    56
44551.9209722,  0.39960, 48641,    55
44551.9608681,  0.43692, 64382,    54
44551.9719329,  0.87069, 63474,    43
44552.0900116,  0.30235, 49147,    42
44552.1131366,  0.16711, 16366,    43
44552.1928472,  0.63820, 64382,    56
44552.3142824,  0.34622, 63474,    55
44552.3672222,  0.67017, 12678,    56
44552.3783333,  0.54204, 64382,    42
44552.3801505,  0.47829, 57787,    42
44552.3851620,  0.87235, 64382,    56
44552.3987500,  0.01046,   769,    44
44552.5278472,  0.72458, 28775,    42
44552.7284259,  0.85708, 41459,    45
44552.7412963,  0.94014, 49147,    57
44552.8128935,  0.76845, 49147,    52
44552.9247106,  0.15187, 64382,    50
44552.9376273,  0.53428, 64382,    43
44553.0522569,  0.80227, 49147,    43
44553.0612847,  0.53757, 54846,    51
44553.1156597,  0.44882, 64382,    43
44553.1603125,  0.19423, 49147,    45
44553.1604167,  0.63755, 49147,    57
44553.2068171,  0.61615, 48611,    43
44553.2189236,  0.20205, 14369,    42
44553.2592708,  0.46029, 63474,    42
44553.3008218,  0.41623, 30864,    43
44553.4072106,  0.26323, 49147,    57
44553.4696065,  0.32097, 64382,    56
44553.5195718,  0.53839, 16366,    54
44553.5783565,  0.68318, 49147,    52
44553.6190509,  0.47738, 49147,    42
44553.6925463,  0.97463, 24453,    42
44553.7120833,  0.21717, 64382,    56
44553.7532060,  0.76202, 49147,    55
44553.8675347,  0.31944, 16366,    42
44553.9122106,  0.58101, 64382,    43
44554.0044444,  0.40692, 49147,    56
44554.0196759,  0.64895, 49662,    42
44554.0652199,  0.28178, 46068,    43
44554.1065972,  0.07399,  1291,    43
44554.2322106,  0.81093, 10363,    44
44554.2565394,  0.03048, 49662,    57
44554.2868634,  0.16089, 64382,    43
44554.2973495,  0.87791, 49147,    57
44554.3457292,  0.12194, 49147,    56
44554.3600231,  0.46125, 64382,    42
44554.5135185,  0.93179, 15695,    44
44554.5943287,  0.26136, 12678,    44
44554.6321412,  0.94362,  9054,    43
44554.6322801,  0.95495, 16366,    42
44554.7163426,  0.47700, 53221,    44
44554.7389236,  0.65066, 62125,    57
44554.7649190,  0.74771, 49147,    44
44554.8644213,  0.64835, 23262,    57
44554.9975231,  0.17167, 49147,    43
44555.0736111,  0.39340, 24838,    42
44555.0985532,  0.11078,  6426,    41
44555.0990972,  0.95944, 49147,    42
44555.1225000,  0.76497,  9177,    56
44555.1789931,  0.57424, 49147,    42
44555.2527315,  0.11918, 16366,    54
44555.2620486,  0.78928,  5087,    56
44555.3153588,  0.29563, 63474,    56
44555.3329398,  0.71313, 64382,    56
44555.3509259,  0.92078, 16366,    43
44555.3613657,  0.76617,  5087,    42
44555.3734722,  0.55238,  9177,    42
44555.3736343,  0.01354, 49147,    56
44555.4827662,  0.23918,  9177,    56
44555.6096412,  0.96251, 49147,    42
44555.6218750,  0.37269,   799,    43
44555.7190162,  0.00307, 49147,    42
44555.7226968,  0.17846, 62222,    56
44555.7794444,  0.18737, 16366,    42
44555.8261458,  0.15252, 39327,    42
44555.8540509,  0.14373, 32926,    42
44555.9503704,  0.73403, 14369,    42
44556.0910417,  0.07889, 49147,    42
44556.0929514,  0.69059, 28464,    42
44556.1200347,  0.93803, 64382,    43
44556.1309838,  0.93904,  3985,    42
44556.1763542,  0.74608, 24358,    42
44556.1774884,  0.41265,  9177,    54
44556.2611227,  0.46514, 52062,    42
44556.3001042,  0.97881, 14369,    42
44556.3192130,  0.32465, 64382,    42
44556.4950463,  0.17649, 64382,    42
44556.5156713,  0.34531, 64382,    42
44556.5479977,  0.32892, 42017,    42
44556.5650463,  0.55377, 64382,    55
44556.5814699,  0.51472, 63808,    57
44556.5957176,  0.61192,   799,    56
44556.6756481,  0.43029, 49147,    44
44556.7409954,  0.10416, 64382,    56
44556.7522222,  0.67502, 64382,    41
44556.7887269,  0.87767, 62925,    41
44556.8495139,  0.12305, 57814,    43
44556.8679514,  0.43056, 36809,    57
44557.0234028,  0.15552, 49147,    43
44557.1425694,  0.34476, 42017,    43
44557.1540278,  0.20611,  3985,    57
44557.2454398,  0.52224, 49147,    57
44557.3215625,  0.33713, 64382,    57
44557.4360995,  0.43706, 49147,    56
44557.4905208,  0.65690, 16366,    43
44557.5465162,  0.50388, 49147,    56
44557.5720718,  0.41052, 64382,    42
44557.6433218,  0.83836, 49147,    42
44557.7004514,  0.91881, 49147,    55
44557.7020833,  0.88754, 11039,    52
44557.7667361,  0.36629,  2524,    55
44557.8164815,  0.14328, 49147,    42
44557.8844907,  0.96719, 25869,    43
44557.9854398,  0.37181, 63474,    41
44558.0389352,  0.81616, 65525,    56
44558.1585532,  0.51840,  9177,    43
44558.2048495,  0.31622, 64382,    56
44558.2192477,  0.32779, 64382,    42
44558.2619097,  0.98517, 63430,    56
44558.3508796,  0.25238, 64382,    56
44558.4179282,  0.47018, 64877,    42
44558.4312384,  0.88079, 64382,    57
44558.4373495,  0.43677, 48611,    43
44558.4674653,  0.72477, 49147,    42
44558.4676042,  0.21233, 49147,    42
44558.4741435,  0.50815, 63474,    42
44558.4751389,  0.75256, 49147,    42
44558.5038194,  0.80248, 49147,    42
44558.5286921,  0.51655, 49147,    56
44558.5552778,  0.69146, 64382,    42
44558.5854282,  0.80738,  3063,    42
44558.6172917,  0.40116,  9177,    42
44558.6422454,  0.76432, 49147,    42
44558.7323148,  0.54808, 63474,    55
44558.8040509,  0.62759, 64382,    56
44558.8056019,  0.58056,  5087,    62
44558.8346412,  0.59553, 42017,    56
44558.8492593,  0.78969, 63474,    53
44558.9084722,  0.65308, 64382,    56
44558.9476505,  0.26597, 10363,    42
44558.9747801,  0.69071, 49147,    42
44559.0170833,  0.75830, 57730,    45
44559.0597338,  0.18300, 22705,    42
44559.0707523,  0.69460, 33838,    42
44559.1173380,  0.08326, 10363,    44
44559.1574190,  0.81333, 16580,    42
44559.2057060,  0.29671, 33774,    55
44559.2283796,  0.44594,  9550,    49
44559.2284491,  0.63513,  9550,    54
44559.2285185,  0.82451,  9550,    39
44559.2287384,  0.40387,  9550,    57
44559.2288079,  0.59488,  9550,    42
44559.2427315,  0.14064, 49147,    51
44559.2687847,  0.07678,  9177,    42
44559.3962847,  0.27187, 28464,    55
44559.4626042,  0.07397, 39056,    42
44559.4674653,  0.63763, 64382,    56
44559.5470718,  0.99184, 49147,    42
44559.5914931,  0.83351,  9177,    42
44559.6811343,  0.01738, 33377,    55
44559.7177662,  0.33072, 63474,    55
44559.7440509,  0.77438, 64382,    55
44559.8849074,  0.90174, 49147,    54
44559.8984028,  0.11940, 49147,    55
44559.9280556,  0.34385, 57730,    42
44559.9707407,  0.11131, 49147,    55
44559.9886343,  0.92070,  4458,    54
44560.0085764,  0.84477, 25315,    42
44560.0087269,  0.19656, 25315,    41
44560.0091551,  0.23945, 25315,    42
44560.0092940,  0.58190, 25315,    45
44560.0162153,  0.47565, 32926,    42
44560.1760764,  0.56294,  7657,    42
44560.2954861,  0.75751, 64382,    55
44560.3136921,  0.35162, 50144,    54
44560.3208449,  0.29587, 15695,    42
44560.3279630,  0.80805, 65011,    41
44560.3416319,  0.90506, 64382,    41
44560.3484838,  0.56908, 49147,    41
44560.4191088,  0.61572, 58376,    41
44560.5960648,  0.47424, 64382,    42
44560.6130903,  0.52305, 49147,    54
44560.6424421,  0.01104, 48641,    54
44560.6756597,  0.35474, 11664,    54
44560.6892014,  0.51266, 36809,    55
44560.7069329,  0.11297, 25315,    41
44560.7643634,  0.29549, 63430,    41
44560.7965625,  0.83663, 49147,    41
44560.8806481,  0.57890, 16580,    55
44560.8938773,  0.56503, 64382,    41
44560.9218403,  0.41630, 32926,    55
44560.9816782,  0.32505, 57204,    41
44560.9942708,  0.19944,  5087,    41
44561.0116667,  0.68517, 50789,    55
44561.0182176,  0.78436, 64382,    41
44561.0183102,  0.76622, 64382,    53
44561.0346412,  0.26081, 49147,    87
44561.0574537,  0.42900, 65011,    41
44561.1385532,  0.16315, 49147,    41
44561.1623727,  0.49300, 63474,    41
44561.1758218,  0.32549, 64382,    42
44561.2089931,  0.34980, 63474,    41
44561.2441782,  0.43224,  3985,    41
44561.2799884,  0.88038, 16366,    54
44561.3162384,  0.10493, 64382,    41
44561.4163426,  0.36633, 49147,    54
44561.4906134,  0.74879, 49147,    41
44561.5776042,  0.50491, 25974,    41
44561.5846296,  0.01255,  3985,    40
44561.6370255,  0.74042, 16366,    41
44561.7543750,  0.08702, 64382,    53
44561.7641319,  0.01502,  3985,    41
44561.7667708,  0.07824, 14868,    64
44561.7752662,  0.74128, 36809,    55
44561.8585532,  0.39160, 48641,    41
44561.8904051,  0.76931, 39056,    54
44561.9518403,  0.60909, 64382,    41
44562.0105671,  0.63170, 49147,    41
44562.0203009,  0.43432, 33123,    41
44562.1239468,  0.49773,  9177,    55
44562.2282755,  0.38023, 12678,    54
44562.2911921,  0.25833, 49147,    41
44562.3064815,  0.12103, 49147,    41
44562.3268634,  0.65819, 49147,    48
44562.3714583,  0.54393,  3098,    41
44562.4511343,  0.14465, 64382,    40
44562.6408449,  0.31185, 64382,    41
44562.7140162,  0.80450, 28775,    41
44562.7296759,  0.84261, 36894,    54
44562.7584491,  0.29827, 15886,    54
44562.7936111,  0.29299, 64382,    41
44562.8427199,  0.93302,  9177,    46
44562.8575463,  0.70053, 16580,    40
44562.8725231,  0.47359, 64382,    40
44562.9042708,  0.07704, 40977,    40
44562.9395370,  0.26292,   769,    54
44562.9992245,  0.73819, 49147,    54
44563.0595949,  0.82106, 49147,    54
44563.0973264,  0.74632, 13268,    41
44563.1222917,  0.37749, 49662,    53
44563.1281366,  0.44402, 49147,    55
44563.1285069,  0.37684, 49147,    40
44563.1393403,  0.60321, 17926,    38
44563.1922222,  0.52240, 49147,    51
44563.2113773,  0.02762, 48641,    40
44563.2248148,  0.99239, 49147,    40
44563.3137500,  0.36607, 58376,    52
44563.3601620,  0.35493, 49147,    41
44563.4985764,  0.38868, 27150,    40
44563.5539815,  0.75448, 64825,    40
44563.5901273,  0.34349, 49662,    41
44563.7236458,  0.21907, 49147,    53
44563.7829051,  0.92946, 48685,    41
44563.7919560,  0.14798, 28775,    38
44563.9105093,  0.07805, 49147,    44
44563.9281944,  0.90323, 49147,    41
44563.9749074,  0.20318, 49147,    53
44564.0698032,  0.49886, 64382,    54
44564.0744444,  0.47913, 49147,    53
44564.0987269,  0.62460, 65525,    54
44564.1157523,  0.68411, 49147,    41
44564.2157986,  0.44253, 53221,    41
44564.2632986,  0.39230, 65525,    55
44564.2900000,  0.52483, 45562,    54
44564.3201620,  0.52435, 49147,    40
44564.4141667,  0.69705, 64382,    41
44564.4983102,  0.19236, 64382,    54
44564.5121181,  0.84974, 64382,    54
44564.5133449,  0.80707, 49147,    40
44564.5532755,  0.46960, 49147,    41
44564.5819560,  0.02203, 64382,    41
44564.7337847,  0.00634, 64382,    40
44564.8161343,  0.10980, 39327,    40
44564.8328125,  0.52660, 49147,    50
44564.9212847,  0.72875, 49147,    60
44565.0166898,  0.49836, 11396,    41
44565.0295718,  0.69746, 25061,    54
44565.0881944,  0.51067,   769,    53
44565.1941088,  0.05383, 16366,    41
44565.2160417,  0.49586, 64382,    41
44565.2405787,  0.82247, 64382,    40
44565.3048495,  0.39974, 14369,    42
44565.3278009,  0.04006, 39056,    54
44565.3505208,  0.18583, 49147,    41
44565.5810995,  0.78304, 27357,    54
44565.6680208,  0.45681, 27293,    50
44565.7427894,  0.74015, 35842,    51
44565.7715972,  0.50589, 19739,    40
44565.7795370,  0.82852, 49147,    41
44565.8097454,  0.90995, 17926,    41
44565.8917014,  0.13920, 16580,    54
44565.9150694,  0.52800, 27725,    41
44566.0066782,  0.69739, 29280,    53
44566.0314583,  0.82408, 53243,    54
44566.0337153,  0.48583, 49147,    54
44566.0499190,  0.20153, 41459,    54
44566.0586343,  0.71392,  5087,    40
44566.0749190,  0.12295, 62606,    41
44566.1705787,  0.68282, 64382,    51
44566.2278935,  0.48182, 14369,    53
44566.2730671,  0.95301, 65333,    41
44566.3235532,  0.81875, 64382,    41
44566.3482986,  0.16073, 57954,    55
44566.3483681,  0.28171, 57954,    49
44566.3484375,  0.40224, 57954,    45
44566.3485069,  0.52072, 57954,    58
44566.3485764,  0.64015, 57954,    72
44566.3780903,  0.10370,  3673,    54
44566.4199884,  0.00850, 48641,    41
44566.4236806,  0.42808, 49147,    41
44566.4777431,  0.86435,  3098,    49
44566.4905324,  0.44719, 60236,    41
44566.5265046,  0.96820, 49147,    41
44566.6147569,  0.66367, 12678,    40
44566.6609028,  0.19037, 22563,    54
44566.6832060,  0.34682, 63474,    41
44566.6832407,  0.12641, 63474,    41
44566.7285185,  0.43300, 42017,    41
44566.7718171,  0.27950, 62993,    41
44566.7727894,  0.64785, 65011,    55
44566.8749190,  0.68755, 49147,   150
44566.8749769,  0.55260, 49147,    42
44566.9093866,  0.07591, 45596,    55
44567.1760301,  0.90544, 16580,    54
44567.2257407,  0.06468,  9177,    43
44567.2635995,  0.18763, 12678,    41
44567.2748843,  0.44870,   769,    51
44567.3224306,  0.65114, 63558,    41
44567.3301273,  0.44172, 64382,    41
44567.3500116,  0.55963, 48641,    63
44567.4015162,  0.73696, 49147,    41
44567.4120602,  0.06924, 49147,    54
44567.4945255,  0.58939, 49147,    53
44567.5065394,  0.88612, 49147,    41
44567.5158681,  0.37644, 36894,    42
44567.5259954,  0.65323, 15695,    41
44567.6524306,  0.14709, 64797,    55
44567.6810185,  0.80426, 64382,    42
44567.7239236,  0.84199, 53349,    42
44567.8751389,  0.77519, 49147,    55
44567.9090972,  0.04282,  5087,    48
44567.9167014,  0.57525, 16366,    51
44567.9579861,  0.57487, 63808,    42
44567.9834028,  0.49041, 10363,    42
44568.0472801,  0.99582, 49147,    55
44568.0561690,  0.86447,  9177,    42
44568.0588194,  0.53829,  9177,    53
44568.0770370,  0.40101, 64382,    41
44568.1128125,  0.71731, 58376,    54
44568.1264120,  0.32412, 35842,    56
44568.1576852,  0.65313, 16366,    43
44568.2360185,  0.41392,  3985,    54
44568.2654745,  0.59704, 10363,    42
44568.2967014,  0.40411,  9177,    55
44568.3039583,  0.10697, 24838,    42
44568.3523727,  0.13507, 49147,    41
44568.3560648,  0.58968, 49147,    42
44568.4614120,  0.01930,  1903,    41
44568.5004051,  0.19589, 24838,    42
44568.5813773,  0.85696, 14369,    46
44568.7091551,  0.49432,  3985,    44
44568.8052315,  0.59724, 62222,    64
44568.8963194,  0.81739, 49147,    42
44569.0202894,  0.48211, 33377,    55
44569.0750000,  0.21665, 15230,    42
44569.1175579,  0.45283, 49147,    42
44569.1431597,  0.42916,  9177,    42
44569.1590394,  0.62364, 49147,    55
44569.1665625,  0.68971,  5087,    42
44569.1802431,  0.91384, 10363,    42
44569.2473032,  0.21525,  9177,    42
44569.2641088,  0.40596, 49662,    55
44569.2666204,  0.43250, 48641,    41
44569.3843287,  0.30811,   799,    42
44569.3887384,  0.94552, 49662,    42
44569.4132523,  0.42081, 49147,    42
44569.4448611,  0.61195,  3098,    56
44569.5528588,  0.91262, 64382,    54
44569.5914931,  0.56611,  3985,    55
44569.6077431,  0.06427, 62925,    55
44569.6188773,  0.64435, 24838,    42
44569.6568981,  0.05047,  9234,    55
44569.6700116,  0.32006, 14369,    42
44569.7494676,  0.43094, 65525,    55
44569.7685648,  0.95049, 64382,    55
44569.8637153,  0.94134, 64382,    42
44570.0712153,  0.28562, 16366,    43
44570.2013773,  0.91511, 64382,    43
44570.2385301,  0.28893, 39056,    42
44570.2437037,  0.56500, 63474,    42
44570.2961574,  0.64991,  9054,    56
44570.3685532,  0.18861,  5087,    42
44570.3928472,  0.63693, 64382,    42
44570.4353241,  0.57564, 14369,    43
44570.4444676,  0.48859, 65011,    41
44570.4648958,  0.10519, 64382,    56
44570.4651157,  0.57698, 64382,    42
44570.5184028,  0.07243, 63474,    56
44570.5208796,  0.71203, 64382,    42
44570.6107986,  0.13721, 41459,    56
44570.6623495,  0.15825, 15886,    42
44570.6764120,  0.75835, 15695,    55
44570.7234838,  0.41976, 22563,    42
44570.7820949,  0.95289, 64382,    43
44570.8297801,  0.63261, 53243,    42
44571.1056829,  0.98111, 49147,    55
44571.1519792,  0.33897, 57204,    42
44571.1684838,  0.80908, 49147,    42
44571.1879630,  0.83111, 64382,    55
44571.2013310,  0.41306, 39327,    56
44571.2590972,  0.05808, 64382,    56
44571.2743287,  0.81748, 49662,    55
44571.3273958,  0.89778, 64382,    53
44571.4508333,  0.65159, 49147,    41
44571.5525579,  0.73629, 49147,    42
44571.5581597,  0.22253,  3985,    55
44571.5997454,  0.54050, 15886,    42
44571.6039583,  0.99945, 64382,    51
44571.7005208,  0.43452, 12368,    51
44571.7413194,  0.59757, 65011,    42
44571.8099653,  0.31620, 58376,    56
44571.8269792,  0.95838, 64382,    55
44571.9159606,  0.66472,  5087,    55
44571.9438426,  0.28937,   769,    55
44571.9918056,  0.71450, 49147,    42
44572.0257986,  0.67643, 49147,    42
44572.0309144,  0.58860,  5087,    40
44572.0711227,  0.53164, 64382,    42
44572.0793634,  0.33036, 49147,    42
44572.0928588,  0.31118, 49147,    42
44572.1668287,  0.43360, 49147,    41
44572.1709491,  0.57808, 36894,    42
44572.2149653,  0.55548, 63474,    55
44572.2554051,  0.54902, 49147,    42
44572.2635880,  0.40068, 64382,    42
44572.4021644,  0.87678,  4274,    56
44572.4113194,  0.71217, 49147,    42
44572.4406481,  0.96755, 33123,    42
44572.5054745,  0.39408, 49147,    42
44572.5187616,  0.94833, 49040,    56
44572.5443981,  0.44620, 40977,    56
44572.7677546,  0.43668, 48641,    42
44572.7707986,  0.38143, 49147,    55
44572.7767245,  0.62402, 49147,    42
44572.7890856,  0.84657, 64382,    55
44572.8176273,  0.10639,  3985,    41
44572.9224421,  0.11861,  3063,    42
44572.9352199,  0.80023, 15886,    53
44572.9368056,  0.45686, 49662,    58
44572.9396412,  0.60835, 49717,    42
44572.9429282,  0.60710, 16366,    42
44572.9502315,  0.95958,   769,    53
44572.9646991,  0.80932, 14369,    43
44572.9764236,  0.79670, 16366,    55
44572.9871759,  0.33756, 64382,    43
44573.0075347,  0.67761,  3985,    42
44573.0877894,  0.81429, 36894,    42
44573.1128472,  0.29971, 49147,    42
44573.1185764,  0.53582, 64382,    47
44573.1243287,  0.83231, 64382,    41
44573.2227778,  0.73735, 30864,    55
44573.3050116,  0.74851, 47749,    42
44573.3250231,  0.89632, 64382,    42
44573.3576042,  0.58732, 12678,    43
44573.4140972,  0.51220, 36894,    41
44573.4434722,  0.32892, 14369,    42
44573.4603472,  0.33473, 49147,    52
44573.4773264,  0.45273, 16366,    42
44573.5654861,  0.60566, 62222,    62
44573.6689583,  0.24396, 48641,    42
44573.7030903,  0.29765, 17926,    54
44573.7493056,  0.44104, 64382,    55
44573.7863079,  0.40080, 11396,    51
44573.8321528,  0.52329, 64382,    42
44573.8571528,  0.87618, 63430,    54
44573.8996412,  0.25037,  5239,    42
44573.9424653,  0.75842, 63430,    42
44574.0888310,  0.92370, 49147,    42
44574.1045486,  0.00977, 17926,    42
44574.1829977,  0.14395, 49147,    55
44574.3049537,  0.45415, 49147,    42
44574.3070718,  0.76514, 49147,    42
44574.3177083,  0.36185, 49147,    56
44574.3243171,  0.27701, 64382,    56
44574.3971528,  0.96664, 49147,    56
44574.5528356,  0.05297, 27150,    56
44574.6302199,  0.50918, 25115,    42
44574.6645486,  0.54926, 33774,    42
44574.8122454,  0.60283, 49147,    57
44574.8460648,  0.77507, 48641,    55
44575.0211806,  0.38815,  7631,    42
44575.1738194,  0.76156, 49147,    55
44575.1860069,  0.51720, 64382,    43
44575.2533565,  0.24225, 13820,    56
44575.2687616,  0.94425, 48611,    56
44575.2865625,  0.93078, 16366,    42
44575.3461921,  0.35657, 49147,    42
44575.3551968,  0.02964, 64382,    42
44575.3820718,  0.44383, 16366,    42
44575.4011690,  0.52749, 49147,    42
44575.4881366,  0.47637,  6713,    42
44575.5222454,  0.33235, 64382,    42
44575.5268403,  0.96784,  9177,    44
44575.5365856,  0.40819,  5932,    55
44575.6295602,  0.84722, 63474,    55
44575.7041898,  0.12921,  7631,    42
44575.7474653,  0.02146, 49147,    56
44575.7480440,  0.38330, 64382,    56
44575.8260995,  0.94679, 64382,    56
44575.8262269,  0.98382, 64382,    43
44575.8276389,  0.40557,  5087,    53
44575.8554051,  0.43898, 64382,    42
44575.9628935,  0.06878, 49147,    42
44575.9651273,  0.18530,  9177,    42
44575.9860995,  0.50596, 49662,    42
44575.9899769,  0.70725, 62222,    40
44576.0375231,  0.83716, 64382,    42
44576.0798727,  0.27679, 48641,    43
44576.1283102,  0.11592,  9177,    56
44576.1309838,  0.86126, 49147,    52
44576.1570370,  0.48348, 53243,    43
44576.1747222,  0.73447, 16366,    42
44576.2014583,  0.43593, 49147,    42
44576.2133102,  0.93237, 64797,    56
44576.2221759,  0.74469, 59852,    57
44576.2476157,  0.80613,  3985,    55
44576.2493403,  0.48758,  5087,    55
44576.3241435,  0.43538, 49147,    40
44576.3246991,  0.70168, 49147,    42
44576.3678819,  0.96609,  9447,    42
44576.3737616,  0.20933, 11396,    56
44576.3970949,  0.53508, 22386,    43
44576.4583333,  0.16896, 49147,    42
44576.4915625,  0.39804, 61249,    42
44576.5034259,  0.80294,  2524,    43
44576.5748032,  0.09194, 64382,    62
44576.6409144,  0.40668, 64382,    41
44576.6677083,  0.91331, 64382,    46
44576.6683449,  0.08959, 49147,    43
44576.7631134,  0.84938, 39056,    42
44576.7828588,  0.02054, 50144,    56
44576.8048611,  0.70168, 49147,    43
44576.8049074,  0.43281, 49147,    44
44576.8125694,  0.15818, 64382,    42
44576.8411574,  0.40677,  9177,    56
44576.8885648,  0.93426, 12368,    42
44576.9479861,  0.20616, 28775,    42
44576.9798264,  0.98068, 60792,    43
44576.9921875,  0.76713, 49147,    42
44576.9981713,  0.17601, 22386,    56
44577.0346181,  0.52723, 57730,    54
44577.2834375,  0.97182, 30266,    42
44577.4063079,  0.49411, 39327,    40
44577.5519444,  0.22927,  9177,    57
44577.6138194,  0.35174, 64382,    42
44577.6210648,  0.64031, 49147,    42
44577.6559028,  0.24242,  5087,    39
44577.7600463,  0.45374,  3985,    42
44577.8246296,  0.51117,  3098,    56
44577.9376852,  0.85034, 49147,    42
44577.9390972,  0.19879, 64382,    42
44577.9686111,  0.22281,  4114,    42
44577.9841551,  0.55795, 33774,    42
44577.9878935,  0.41008, 49147,    51
44578.1032870,  0.30216, 49147,    53
44578.2013542,  0.87115, 12678,    55
44578.5284491,  0.03780, 64382,    42
44578.5320949,  0.58298, 64382,    45
44578.5407523,  0.93393, 57204,    54
44578.5647106,  0.60921, 49147,    56
44578.6831713,  0.40200,  3673,    56
44578.6963079,  0.05057, 10363,    51
44578.7497685,  0.29241, 64382,    56
44578.8688310,  0.88641, 49147,    55
44578.9155440,  0.35887, 63474,    42
44578.9701968,  0.32076, 49147,    40
44579.0298380,  0.24830, 63474,    43
44579.0328704,  0.13262, 15886,    42
44579.0599421,  0.29861, 15613,    55
44579.1894213,  0.51408,  1903,    54
44579.2343287,  0.44193, 39327,    56
44579.2638773,  0.04378, 49147,    56
44579.2731134,  0.18451, 32926,    42
44579.3392014,  0.06065, 19739,    55
44579.4787037,  0.34382, 36894,    55
44579.4816667,  0.46404, 64382,    42
44579.5762731,  0.94960, 11396,    55
44579.5782292,  0.20976, 49147,    41
44579.6014815,  0.77059, 40977,    42
44579.6198611,  0.91230,  6193,    44
44579.6632060,  0.15645, 24453,    41
44579.6893519,  0.66076, 49147,    56
44579.7380671,  0.18170, 63474,    42
44579.8053819,  0.08422, 53243,    43
44580.1038773,  0.59133, 49147,    56
44580.1200463,  0.97031,  9177,    62
44580.1603356,  0.26633, 64382,    55
44580.1770023,  0.00538,  9177,    42
44580.2634028,  0.68829, 54846,    50
44580.3352546,  0.07762, 49147,    56
44580.4236458,  0.71870, 49147,    56
44580.4297685,  0.13181, 28775,    42
44580.5460880,  0.07558,  4985,    51
44580.5735880,  0.44956, 63474,    41
44580.8056366,  0.91804,  9177,    56
44580.8186227,  0.64084,  9177,    56
44580.8190278,  0.02626, 64382,    42
44580.8252894,  0.32599, 10363,    42
44580.8509375,  0.37617, 49147,    42
44580.9213426,  0.30758, 49147,    42
44580.9579514,  0.51585, 64382,    56
44580.9884144,  0.63297, 63474,    55
44580.9999884,  0.08592, 49147,    52
44581.0335995,  0.31284,  5087,    55
44581.0706944,  0.72391, 33838,    55
44581.0918056,  0.18672, 26078,    41
44581.1116898,  0.82703, 49147,    56
44581.1906481,  0.10738, 49147,    42
44581.3124306,  0.70893,  9177,    55
44581.3386111,  0.55994, 36676,    42
44581.3435648,  0.47808,  9177,    54
44581.3525231,  0.34639, 49147,    42
44581.3632639,  0.57292, 54846,    42
44581.5215972,  0.81734, 49147,    43
44581.5843287,  0.63734, 64382,    54
44581.6123727,  0.76785, 49147,    42
44581.6576620,  0.98519, 49147,    55
44581.6592824,  0.45636,  9177,    42
44581.7163889,  0.00187, 11396,    55
44581.7450116,  0.16476, 24453,    42
44581.7527431,  0.82526, 49147,    42
44581.7889005,  0.15504, 64382,    43
44581.8230556,  0.20789, 28775,    55
44581.8314120,  0.19812, 65525,    43
44581.8898843,  0.38164, 64382,    42
44581.8907060,  0.49135, 49147,    42
44581.9052662,  0.45525, 49147,    42
44581.9316204,  0.31212, 49147,    55
44581.9426389,  0.61262, 58190,    42
44581.9909375,  0.53160, 62925,    50
44582.0613079,  0.73334, 49147,    42
44582.0693056,  0.69446, 49147,    43
44582.0855671,  0.91838, 54846,    42
44582.0900926,  0.69539, 12678,    42
44582.0949421,  0.95934, 27357,    42
44582.1191898,  0.54957, 39171,    40
44582.3221759,  0.03516, 65525,    42
44582.3555440,  0.75743, 17926,    42
44582.4410301,  0.66290, 39327,    56
44582.4703935,  0.76219, 24358,    42
44582.4969097,  0.66465, 16366,    40
44582.4969329,  0.56527, 64382,    41
44582.5772454,  0.63227, 12678,    42
44582.6451389,  0.19229, 28775,    56
44582.6623611,  0.23827, 64382,    56
44582.6963079,  0.13457,  9177,    57
44582.7014931,  0.95805, 49717,    42
44582.7042245,  0.20796,  7631,    56
44582.8314468,  0.55598, 64382,    42
44582.8376505,  0.20522, 54846,    44
44582.8428125,  0.02222, 49147,    43
44582.8457523,  0.92889, 33774,    42
44582.8700463,  0.65635, 62925,    42
44582.8773958,  0.08868, 36809,    55
44582.8901273,  0.00667, 14369,    43
44582.9016898,  0.43281, 32926,    43
44582.9551157,  0.70039, 17926,    42
44583.0471644,  0.69535, 14369,    43
44583.0625694,  0.66753,   769,    42
44583.0646759,  0.28754,  6193,    42
44583.0876157,  0.03302, 49147,    55
44583.1213657,  0.05090, 16366,    56
44583.1462500,  0.01997,  5239,    56
44583.1984259,  0.02412, 49147,    56
44583.2141551,  0.47035, 49147,    42
44583.2188773,  0.53018, 49147,    41
44583.2303819,  0.98440, 14085,    42
44583.2784375,  0.23030, 28775,    42
44583.2985995,  0.94734, 15613,    42
44583.3021065,  0.61932, 63474,    42
44583.3071181,  0.85279,  3063,    42
44583.3158449,  0.11585, 63474,    44
44583.3332292,  0.66897, 63474,    56
44583.3799537,  0.79456, 22052,    42
44583.4974769,  0.32633,  9177,    41
44583.5327083,  0.07118, 49147,    43
44583.5540278,  0.78683, 28775,    51
44583.6097222,  0.68006, 64382,    42
44583.6949884,  0.21314, 64382,    42
44583.7145255,  0.75458,  9447,    57
44583.7291898,  0.79202, 64382,    42
44583.7339120,  0.89601, 15886,    51
44583.9874190,  0.87386, 49147,    54
44584.0486921,  0.60156,  9177,    41
44584.0759028,  0.81995, 49147,    42
44584.0949421,  0.65464, 64382,    41
44584.1781019,  0.80303, 33838,    42
44584.2177431,  0.37433, 63474,    55
44584.2989236,  0.32995, 51026,    42
44584.3152315,  0.20501, 49147,    42
44584.3516782,  0.32635,   769,    42
44584.3529282,  0.36741, 64382,    45
44584.3695486,  0.25380, 64382,    42
44584.3812731,  0.48328, 64382,    42
44584.4395602,  0.18638,  3098,    56
44584.4485069,  0.06754, 49147,    53
44584.4485185,  0.76343, 49147,    42
44584.4685532,  0.75643,  3063,    56
44584.4829398,  0.87393, 64382,    55
44584.5091435,  0.11131, 16366,    42
44584.5200810,  0.88202,  5087,    42
44584.5520949,  0.85694, 10363,    42
44584.5553704,  0.99304, 48611,    42
44584.6936690,  0.83483, 28775,    56
44584.7089352,  0.36677, 53243,    42
44584.7349306,  0.82883, 11039,    55
44584.7492361,  0.82259, 30864,    42
44584.8132755,  0.14522, 42017,    55
44584.8267014,  0.97146, 64382,    51
44584.8304861,  0.61226, 14369,    42
44584.8644444,  0.23906, 64382,    42
44584.9118981,  0.29911, 51026,    56
44584.9330093,  0.62371, 49147,    55
44584.9722106,  0.63009, 32926,    56
44584.9725000,  0.25293, 32926,    42
44584.9833565,  0.30437, 49147,    49
44585.0883565,  0.59366, 49147,    61
44585.1795602,  0.04272, 12678,    42
44585.2302315,  0.42300, 49147,    56
44585.2536343,  0.59875, 64382,    42
44585.2682523,  0.93822, 65011,    44
44585.2720139,  0.43747, 58376,    41
44585.2751852,  0.18749, 49147,    56
44585.2928009,  0.02206, 49147,    55
44585.2929977,  0.87741, 49147,    42
44585.3242361,  0.11662, 49147,    42
44585.3347917,  0.08791, 49147,    55
44585.3831134,  0.27962,  9177,    44
44585.4066204,  0.72935, 49147,    42
44585.4222106,  0.47208, 49147,    63
44585.5375694,  0.66887, 63474,    42
44585.6191667,  0.24353, 49147,    56
44585.6381250,  0.35565, 64382,    41
44585.7135069,  0.25005, 16366,    55
44585.7960301,  0.03542, 64382,    42
44585.7963773,  0.41692, 16366,    42
44585.8251736,  0.32342,  9177,    56
44585.8976157,  0.82444, 35842,    56
44585.9063889,  0.13819, 64382,    42
44585.9152315,  0.44260, 49147,    42
44586.0125694,  0.13589, 16366,    55
44586.0240741,  0.34418, 49147,    55
44586.0352431,  0.19265, 49147,    49
44586.0415046,  0.11014, 42017,    41
44586.0882523,  0.84671, 63474,    55
44586.1193056,  0.59928, 64382,    42
44586.1262963,  0.60811, 18058,    57
44586.1910417,  0.04457, 49147,    42
44586.2994097,  0.14460,  9054,    42
44586.3638657,  0.49706, 30266,    44
44586.3939815,  0.64888, 30864,    42
44586.4814236,  0.86102, 64382,    55
44586.5771296,  0.34790, 49147,    43
44586.5978704,  0.74198,  5239,    54
44586.6109838,  0.92562, 11039,    42
44586.6131250,  0.67615, 12678,    63
44586.7217593,  0.16452, 63474,    56
44586.7259722,  0.59911,  5087,    55
44586.7279398,  0.82048, 49147,    56
44586.8370833,  0.15048,  1291,    56
44586.9726157,  0.14683, 49662,    42
44586.9818287,  0.07745, 49147,    41
44586.9877431,  0.97329,  1291,    56
44587.0950231,  0.57412, 49147,    55
44587.1145602,  0.77044, 64382,    42
44587.1375116,  0.05700, 63474,    42
44587.1634838,  0.38186,  9177,    55
44587.2494097,  0.25836, 63474,    56
44587.3538079,  0.99592,  9177,    42
44587.3694907,  0.96755, 64382,    42
44587.4220602,  0.48000, 49147,    42
44587.4273958,  0.24074, 14085,    42
44587.5153125,  0.01452, 27150,    56
44587.5440741,  0.85835, 28775,    56
44587.5709375,  0.70737,  5087,    43
44587.5711574,  0.72933, 24453,    56
44587.6153704,  0.06257,  9177,    55
44587.7512153,  0.03614, 49147,    42
44587.7790625,  0.47575, 63474,    55
44587.7975000,  0.44140, 12368,    56
44587.8042824,  0.87352, 49147,    56
44587.8718287,  0.45456, 64382,    56
44587.8718750,  0.10351, 64382,    52
44587.8755440,  0.59805, 49147,    56
44588.0012037,  0.83841, 40977,    55
44588.0112384,  0.54410, 64382,    56
44588.0521065,  0.43831, 57730,    44
44588.1602199,  0.78311, 64382,    56
44588.1974769,  0.47469, 28775,    56
44588.3511806,  0.13677, 64382,    42
44588.4364352,  0.24593, 49147,    56
44588.4943750,  0.27516, 49147,    42
44588.4945949,  0.16337, 49147,    56
44588.5126273,  0.31637, 28464,    53
44588.5176389,  0.11556, 49147,    55
44588.5253588,  0.96731, 28775,    49
44588.5390162,  0.81434, 65333,    42
44588.7367477,  0.43108, 49147,    56
44588.7583449,  0.69352,  3985,    42
44588.7694329,  0.86894,  9177,    56
44588.7862963,  0.70953, 22052,    49
44588.7874769,  0.36276,  3063,    57
44588.8191319,  0.14479, 47595,    54
44588.8525926,  0.99491, 10162,    41
44588.8923264,  0.02064, 64382,    50
44588.9236458,  0.28416, 24358,    56
44588.9329745,  0.11122,  4114,    49
44589.1713426,  0.99616, 16366,    42
44589.1921528,  0.04822, 63474,    55
44589.2142014,  0.05618, 64382,    42
44589.3378125,  0.44373, 27150,    42
44589.3834259,  0.99710, 14369,    42
44589.4186111,  0.51720, 49147,    55
44589.4267593,  0.01723, 64382,    42
44589.4975810,  0.50788, 63474,    43
44589.5891088,  0.08405, 64382,    41
44589.5953241,  0.89310,   769,    43
44589.6082639,  0.67891, 17926,    41
44589.6721412,  0.41232,  9177,    43
44589.6777894,  0.35489, 63474,    43
44589.7131944,  0.69506,   769,    55
44589.7383449,  0.54614, 54846,    56
44589.7810995,  0.91038, 49147,    41
44589.9049537,  0.14753, 64382,    55
44589.9224537,  0.06149, 65525,    44
44589.9435648,  0.99395, 49147,    55
44589.9559375,  0.94509, 15886,    42
44590.0090741,  0.33806,  9054,    56
44590.0261690,  0.98622, 28775,    42
44590.0569907,  0.16334, 49147,    52
44590.0716898,  0.53400, 49147,    42
44590.2254630,  0.37082, 49147,    43
44590.2544792,  0.99530, 12678,    64
44590.2576968,  0.51304, 48641,    42
44590.3508796,  0.25800, 46068,    47
44590.4821296,  0.71066, 53243,    56
44590.4864120,  0.35745, 49147,    43
44590.5762384,  0.74450, 49147,    56
44590.6044213,  0.11458, 36809,    44
44590.6236343,  0.31862, 57730,    43
44590.6395023,  0.47524, 39056,    42
44590.6660532,  0.49536,  7657,    42
44590.7105093,  0.56512, 49147,    55
44590.7403819,  0.60139,  3098,    42
44590.7526389,  0.95094, 30266,    56
44590.8480208,  0.47368, 49147,    42
44590.9119560,  0.50532, 39327,    42
44590.9360417,  0.16512, 11396,    56
44590.9776852,  0.23141, 63474,    55
44591.0658565,  0.55557, 64382,    42
44591.2997917,  0.35832, 49147,    43
44591.3018519,  0.67555, 49147,    42
44591.3149537,  0.11093, 16366,    55
44591.3451389,  0.41040, 63474,    48
44591.3500463,  0.43276, 49147,    55
44591.4199653,  0.61063, 33038,    42
44591.4255440,  0.06446, 12678,    42
44591.5680440,  0.13497,  9177,    55
44591.5972917,  0.73879, 49147,    42
44591.6891319,  0.53296, 14369,    42
44591.7145255,  0.07896,  3985,    42
44591.7908912,  0.70094, 48641,    41
44591.8650926,  0.17964, 12678,    42
44591.9642014,  0.72141, 49147,    42
44592.1680903,  0.23388, 64382,    41
44592.2068634,  0.57489, 64382,    42
44592.2133333,  0.29990, 49662,    42
44592.2727083,  0.50527, 63474,    56
44592.2857523,  0.46507, 64382,    56
44592.2995255,  0.76684, 14369,    43
44592.3264120,  0.10330, 16366,    55
44592.3708912,  0.99405, 49662,    42
44592.4499769,  0.24840, 64382,    52
44592.4572569,  0.17673, 49147,    55
44592.5037037,  0.92450, 49147,    42
44592.6590394,  0.02256, 17926,    43
44592.6656366,  0.30749, 49147,    51
44592.6690625,  0.07445,  9177,    43
44592.6707523,  0.80875, 28775,    43
44592.7165741,  0.27266, 16366,    44
44592.7412384,  0.40284, 49147,    43
44592.8925926,  0.46670, 12678,    53
44592.9484028,  0.80200, 25061,    42
44592.9571991,  0.36571, 49147,    42
44593.0480903,  0.80246, 49147,    42
44593.1728125,  0.36540, 14369,    43
44593.2950116,  0.92872, 45737,    56
44593.3071181,  0.35757, 65011,    42
44593.3158333,  0.71361, 53243,    42
44593.3581829,  0.49876,  9177,    56
44593.3785764,  0.84391, 15898,    43
44593.3838194,  0.89253, 24838,    42
44593.4150231,  0.06310, 64382,    42
44593.4198380,  0.41522, 49147,    56
44593.4527315,  0.67012, 53243,    42
44593.4911227,  0.04294, 64382,    41
44593.5465972,  0.10330, 30864,    56
44593.5487731,  0.74234, 49147,    56
44593.5750463,  0.49802, 64382,    55
44593.5847222,  0.38724, 49147,    43
44593.6334144,  0.93419, 64382,    42
44593.6792361,  0.85864, 57730,    49
44593.7298611,  0.82780, 49662,    42
44593.7658565,  0.65135, 17926,    55
44593.8351620,  0.60727, 49147,    53
44593.8597685,  0.02292, 54846,    42
44593.8763310,  0.21091, 49147,    51
44593.9445023,  0.46742, 28775,    42
44593.9661921,  0.14486, 63474,    54
44594.0004167,  0.11767, 42711,    42
44594.0540046,  0.25932, 49147,    42
44594.0895718,  0.70955, 64382,    55
44594.1301852,  0.65920, 49662,    56
44594.1503704,  0.38745, 64382,    42
44594.1743634,  0.66059, 49147,    56
44594.2162269,  0.87254, 49147,    55
44594.3526968,  0.96412, 49147,    54
44594.4417477,  0.20781, 49147,    42
44594.4552431,  0.49576, 49147,    56
44594.4571296,  0.70543, 63474,    42
44594.5221296,  0.14121, 28775,    42
44594.5372917,  0.13519, 36894,    43
44594.5600116,  0.87832,   799,    45
44594.5966898,  0.63931, 49147,    41
44594.6149421,  0.09835, 39056,    55
44594.6253241,  0.93738, 64382,    45
44594.6611458,  0.10154, 64382,    42
44594.6872569,  0.47544,  9177,    42
44594.7409491,  0.79341,  9177,    55
44594.7748958,  0.30417,  3098,    55
44594.8076505,  0.01291, 49147,    54
44594.8168981,  0.70562, 27150,    42
44594.8670255,  0.59443, 64382,    42
44594.9771181,  0.18192, 10363,    54
44595.0045949,  0.13277, 42370,    43
44595.0468171,  0.82315, 61970,    51
44595.0835995,  0.60566, 32926,    43
44595.0999306,  0.14436, 49147,    54
44595.1383681,  0.28082,  9177,    44
44595.1663194,  0.28869, 20999,    54
44595.1920023,  0.42492, 57787,    56
44595.2221644,  0.84494, 64382,    55
44595.2346875,  0.86603, 14085,    44
44595.2981713,  0.80999,  3098,    55
44595.3440972,  0.65759, 49147,    49
44595.5163194,  0.18036, 63474,    41
44595.5377199,  0.38925, 49147,    54
44595.6925116,  0.05736, 49147,    42
44595.7205671,  0.53959, 49147,    55
44595.7321991,  0.87642, 64382,    42
44595.8036574,  0.92409, 49147,    51
44595.8393981,  0.05131, 48641,    52
44595.8651505,  0.14169, 49147,    42
44595.9116088,  0.64607, 64382,    42
44595.9692824,  0.42288, 49147,    42
44595.9858565,  0.68068, 32926,    42
44596.1056944,  0.46286, 49147,    56
44596.1399190,  0.46339, 64382,    56
44596.2402778,  0.16289, 49147,    42
44596.2761343,  0.41184, 16366,    48
44596.2890046,  0.62755, 12678,    44
44596.2892014,  0.56407, 12678,    43
44596.3704514,  0.35781, 33774,    42
44596.4616319,  0.41539, 49147,    42
44596.4950116,  0.19389, 64382,    42
44596.5813773,  0.10783, 49147,    55
44596.6196296,  0.03737, 48641,    51
44596.6815278,  0.67180, 64382,    55
44596.7235995,  0.91480, 63474,    55
44596.7237500,  0.31533, 63474,    42
44596.7395139,  0.86025, 63474,    56
44596.7713773,  0.53851,  9177,    55
44596.7977315,  0.05952, 62222,    41
44596.8270486,  0.51552, 64382,    41
44596.8699421,  0.63619, 14369,    41
44596.9259606,  0.64567,  3501,    42
44596.9522917,  0.61903, 28775,    55
44596.9646412,  0.75407,   769,    55
44597.1864583,  0.95697, 16366,    42
44597.2602894,  0.32750, 64382,    55
44597.2731481,  0.81335, 49147,    56
44597.2772569,  0.08959, 63474,    42
44597.2955556,  0.28344, 64382,    48
44597.3755556,  0.58490, 49147,    42
44597.3979630,  0.15129,  9177,    51
44597.4249306,  0.89826,  4114,    41
44597.4435185,  0.52996, 65525,    53
44597.4451042,  0.78811, 18058,    55
44597.5031481,  0.80651, 14369,    42
44597.5405208,  0.94746, 49147,    41
44597.5465162,  0.15773, 16366,    40
44597.5739352,  0.01385,  5087,    42
44597.6158796,  0.04435, 64382,    44
44597.6258449,  0.23337, 64382,    41
44597.6601852,  0.28617,  3985,    55
44597.6873495,  0.79231, 39056,    42
44597.8104051,  0.59750, 49147,    42
44597.8252315,  0.57372, 49147,    42
44597.8399537,  0.04658, 64382,    41
44597.8595602,  0.03564, 64382,    42
44597.8955671,  0.60746, 58376,    54
44597.9530903,  0.02844, 49147,    55
44597.9883681,  0.36374, 63474,    42
44598.0759028,  0.79843, 64382,    42
44598.0817940,  0.26069, 49147,    42
44598.0820370,  0.81729, 64382,    55
44598.0845833,  0.36216, 36809,    42
44598.0930208,  0.72381, 64382,    68
44598.2353704,  0.28517, 62222,    42
44598.3012731,  0.88374, 49147,    53
44598.3733565,  0.98075, 16366,    63
44598.4181597,  0.58195, 64382,    42
44598.4223958,  0.18336, 10363,    42
44598.5008218,  0.34879, 15695,    42
44598.6013773,  0.66659, 28775,    41
44598.6196991,  0.24902,  3098,    41
44598.6482292,  0.06782, 63474,    42
44598.8344329,  0.36540, 49662,    41
44598.8728704,  0.54472, 16366,    41
44598.8847338,  0.50304, 57787,    42
44598.9441667,  0.50044, 49147,    55
44599.2006597,  0.10598, 49147,    42
44599.2131944,  0.02453,  3985,    42
44599.4399769,  0.16061, 64382,    55
44599.4885069,  0.77731, 64382,    55
44599.5359838,  0.46576,  3985,    43
44599.6588310,  0.01402,  3985,    42
44599.7041667,  0.39489, 49147,    56
44599.7515625,  0.93023, 24838,    47
44599.7711458,  0.71961, 15886,    42
44599.8193866,  0.21240, 49147,    55
44599.8480093,  0.28171, 49147,    42
44599.8776505,  0.96962, 49147,    56
44599.8938773,  0.64233, 63474,    42
44599.9496644,  0.87208, 15886,    42
44599.9688657,  0.02674, 63430,    42
44600.1098032,  0.18355, 64382,    44
44600.1117824,  0.62260, 49147,    42
44600.1156829,  0.46874, 27357,    39
44600.2073495,  0.55173, 58857,    57
44600.3006597,  0.09929, 49147,    53
44600.3086227,  0.69220, 64382,    56
44600.3418056,  0.02309, 16366,    61
44600.3855324,  0.06458, 64382,    42
44600.4257639,  0.13670, 49147,    42
44600.4438773,  0.19116, 30076,    52
44600.4945023,  0.87988, 64382,    55
44600.5251620,  0.57115, 49147,    55
44600.5715625,  0.88336, 57204,    42
44600.6614236,  0.20779, 64382,    55
44600.6967245,  0.40060, 64382,    42
44600.7086343,  0.01205,  9177,    55
44600.7149537,  0.14131, 64382,    42
44600.7168056,  0.50738, 49147,    42
44600.7256481,  0.18398, 49147,    42
44600.7817014,  0.98250, 64382,    42
44600.7907407,  0.26539, 25883,    55
44600.8023264,  0.29025, 53243,    49
44600.8023380,  0.12739, 16366,    52
44600.8095486,  0.09924, 55633,    42
44600.8239815,  0.62006, 64382,    41
44600.8844329,  0.06293, 49147,    42
44600.9036921,  0.63484, 63430,    43
44600.9094792,  0.81590, 49147,    43
44600.9984028,  0.60693, 26078,    56
44601.0094676,  0.02520, 64382,    50
44601.1543634,  0.82682, 62925,    41
44601.1839815,  0.79917,  5136,    42
44601.2258102,  0.14095,  9177,    55
44601.2524769,  0.06797, 64382,    42
44601.3547222,  0.17743, 48611,    43
44601.3687153,  0.83937, 16366,    42
44601.3984375,  0.99947,  3098,    41
44601.4253241,  0.89956, 49147,    42
44601.4904630,  0.90302, 64382,    55
44601.5529977,  0.35265, 57730,    53
44601.6161574,  0.58581, 49147,    55
44601.6809838,  0.82471, 16366,    42
44601.7063310,  0.14767, 20999,    41
44601.7699769,  0.57218, 64382,    41
44601.7918634,  0.74831, 49147,    55
44601.7984722,  0.63393, 42017,    42
44601.8358102,  0.52176,  1291,    43
44601.9484606,  0.38335, 57730,    42
44602.0370139,  0.27677, 57730,    55
44602.0427431,  0.21115, 49147,    42
44602.1495023,  0.65615, 49147,    54
44602.1567824,  0.25641, 64382,    42
44602.1703125,  0.56656, 64382,    41
44602.2244329,  0.08981, 59746,    41
44602.2782292,  0.37564, 64382,    56
44602.3732986,  0.34303, 30266,    50
44602.4227894,  0.54844, 15613,    38
44602.4431829,  0.74416, 49147,    55
44602.4487847,  0.69220,  5136,    55
44602.5218981,  0.73994, 33038,    56
44602.5539699,  0.98502, 21672,    55
44602.8391667,  0.28449, 30266,    42
44602.8503356,  0.09650, 29280,    41
44602.8774653,  0.64593, 49147,    56
44602.8865625,  0.86104, 63474,    42
44602.9219097,  0.97406, 64382,    55
44602.9427315,  0.57067, 47749,    41
44603.0055903,  0.61048, 64382,    41
44603.0056250,  0.23709,  9177,    43
44603.0957292,  0.61593, 49147,    55
44603.1743981,  0.29676,  3098,    55
44603.1808333,  0.83800, 23262,    41
44603.2090972,  0.46908, 32926,    41
44603.2390509,  0.31692,  9177,    41
44603.2618634,  0.67051, 39327,    41
44603.2641898,  0.51926, 49147,    41
44603.2822106,  0.06648, 39056,    42
44603.3591898,  0.02777, 28775,    42
44603.3657639,  0.50611, 16366,    41
44603.3676389,  0.20693, 44680,    42
44603.3703009,  0.70130,  5087,    55
44603.3704167,  0.39988,  5087,    55
44603.3825694,  0.65918, 49662,    55
44603.3859144,  0.85850,  3098,    55
44603.3957639,  0.47676, 64382,    41
44603.4822338,  0.91326, 16366,    56
44603.4937037,  0.45588, 64797,    41
44603.5660995,  0.20179, 16366,    41
44603.6813079,  0.76298, 49147,    43
44603.7087153,  0.80786, 32926,    41
44603.8169213,  0.66400, 63474,    42
44603.8288773,  0.07322, 49147,    42
44603.8442824,  0.29491, 49147,    55
44603.9534144,  0.53829, 17926,    41
44604.1029630,  0.55514, 30864,    41
44604.2374190,  0.89702, 28775,    41
44604.2715972,  0.12022, 49147,    55
44604.2801389,  0.34857, 64382,    56
44604.3232870,  0.92858, 22386,    42
44604.4214583,  0.67519, 49147,    52
44604.4521644,  0.34598, 39056,    42
44604.5147454,  0.78734, 64382,    41
44604.5621991,  0.67859, 39327,    42
44604.5864931,  0.43044, 64382,    56
44604.5867477,  0.19538, 64382,    62
44604.6581134,  0.88326,  9177,    43
44604.6627199,  0.16425, 64382,    55
44604.6658218,  0.28608, 20681,    41
44604.6901042,  0.97850, 39327,    56
44604.7862153,  0.74282, 49147,    42
44604.8246644,  0.83896, 64382,    49
44604.8247106,  0.52500, 63474,    42
44604.8248611,  0.67569, 64382,    55
44604.8517940,  0.79963, 59852,    55
44604.8959375,  0.96846, 27293,    42
44605.0140162,  0.97756, 16366,    40
44605.0299306,  0.41260,  7631,    56
44605.0764236,  0.71683, 14369,    42
44605.1472222,  0.27441,  9177,    55
44605.1725347,  0.29769, 54846,    42
44605.1804977,  0.43044, 63474,    42
44605.2592477,  0.17049, 55633,    57
44605.2928588,  0.00386, 49147,    41
44605.3040972,  0.04546, 39056,    42
44605.4016088,  0.58425, 63474,    42
44605.4600579,  0.27242, 49147,    56
44605.5349537,  0.84319, 33182,    42
44605.5578588,  0.47359, 64382,    42
44605.5711343,  0.54484,  6193,    42
44605.5879282,  0.98608, 29280,    50
44605.7011690,  0.24499, 12678,    43
44605.7372454,  0.95332, 49147,    56
44605.7553009,  0.20945, 57730,    42
44605.7772801,  0.40725, 53243,    42
44605.8019792,  0.67451, 15886,    42
44605.8423264,  0.48254, 64382,    43
44605.8827083,  0.84508,  2868,    39
44605.9025347,  0.91720, 49147,    52
44605.9126736,  0.09893, 63474,    42
44605.9126968,  0.15012, 63474,    56
44605.9358218,  0.25917, 36894,    43
44605.9759491,  0.57950, 64382,    56
44605.9859375,  0.46730, 64382,    42
44606.0153241,  0.90489,  3098,    58
44606.1269907,  0.12751, 49147,    42
44606.1620139,  0.57535, 14085,    56
44606.1668866,  0.37704,  4114,    43
44606.1739931,  0.65342, 64382,    56
44606.1759144,  0.22555, 39056,    45
44606.1890278,  0.26109, 52062,    43
44606.2269907,  0.91317,  9054,    42
44606.3120023,  0.14666, 16366,    43
44606.3477083,  0.51873, 64382,    56
44606.3550579,  0.51624, 64382,    42
44606.4293519,  0.79120, 28775,    44
44606.4697106,  0.01334, 49147,    42
44606.4756597,  0.48465, 63474,    56
44606.5165856,  0.74699, 64382,    42
44606.5424074,  0.69633, 49147,    52
44606.6092245,  0.79811, 64382,    43
44606.6131597,  0.55514, 64382,    43
44606.6259954,  0.39057, 49147,    42
44606.6346181,  0.10886, 49147,    42
44606.6376389,  0.45770, 49662,    57
44606.7680787,  0.60028, 28775,    42
44606.7720255,  0.86092, 43551,    42
44606.8904398,  0.85463, 54846,    55
44607.0088657,  0.04018, 42370,    40
44607.0381019,  0.55051, 64382,    42
44607.1655903,  0.67219, 49147,    54
44607.1697222,  0.51772, 16580,    41
44607.1828125,  0.52903, 49147,    56
44607.2303009,  0.61632, 64382,    52
44607.2323032,  0.91794, 64382,    42
44607.2371644,  0.47704, 53221,    42
44607.3347801,  0.82855, 16580,    51
44607.3623958,  0.59164, 49147,    42
44607.4392361,  0.54369, 15886,    42
44607.4570718,  0.62280, 62925,    56
44607.4777315,  0.37972, 57204,    43
44607.4978935,  0.22183, 53349,    46
44607.5102546,  0.95361,  4114,    41
44607.5259722,  0.73963, 49147,    41
44607.5276505,  0.57513, 57730,    56
44607.5326620,  0.86731, 63474,    41
44607.5528819,  0.81165,  7657,    42
44607.5571412,  0.90815, 49147,    56
44607.5824769,  0.34781, 17926,    42
44607.6484028,  0.39715, 64382,    42
44607.7328356,  0.28034, 40977,    42
44607.8286343,  0.46939, 28775,    48
44607.9138773,  0.59320, 35842,    42
44607.9884606,  0.86229, 64382,    42
44607.9993056,  0.63592, 49147,    51
44608.0543519,  0.10373, 36894,    55
44608.0719676,  0.28656, 64382,    55
44608.1024421,  0.84825, 64382,    55
44608.1131019,  0.73559, 49147,    42
44608.1170370,  0.48679, 14369,    42
44608.1172685,  0.79399, 64382,    41
44608.1491204,  0.35107, 49147,    55
44608.1706481,  0.95394, 49147,    42
44608.2200116,  0.66587, 36676,    42
44608.2227431,  0.22961, 49147,    64
44608.2464699,  0.60444, 49147,    56
44608.2991435,  0.41916, 48641,    56
44608.3228819,  0.49000, 16366,    64
44608.3815278,  0.77044, 16580,    54
44608.3916551,  0.06545, 33123,    42
44608.4495023,  0.19694, 64382,    56
44608.4862616,  0.33021,  5087,    55
44608.5884954,  0.94341, 65011,    42
44608.6101620,  0.03077, 61402,    42
44608.6292593,  0.56824, 39056,    42
44608.6481366,  0.76948, 49147,    55
44608.6507176,  0.39686, 49147,    61
44608.7178588,  0.80599, 64382,    43
44608.8238194,  0.61598, 16366,    55
44608.8822801,  0.36590, 30864,    47
44609.0064352,  0.83620, 53221,    55
44609.0258449,  0.67327, 64382,    55
44609.0889815,  0.39564, 58376,    40
44609.0890509,  0.31241, 15886,    41
44609.1309954,  0.90100, 16580,    41
44609.2021528,  0.29100,  3985,    55
44609.2139120,  0.29985, 64382,    41
44609.2480671,  0.83495,  1903,    41
44609.2693634,  0.16766, 63474,    55
44609.2694329,  0.68875, 63474,    41
44609.3787500,  0.36667,  9177,    40
44609.4062384,  0.65344, 63474,    55
44609.5134491,  0.12118, 49147,    41
44609.5158796,  0.04589, 53243,    41
44609.5503472,  0.92337, 64382,    54
44609.5909838,  0.23395, 64382,    54
44609.6077199,  0.80044,  2524,    41
44609.6943981,  0.26882, 63474,    41
44609.7084838,  0.29066, 64382,    41
44609.7367940,  0.87698, 49147,    42
44609.7504745,  0.16949, 49147,    50
44609.8295023,  0.02302, 63474,    41
44609.8401505,  0.18033, 63474,    54
44609.8566088,  0.04788, 64382,    54
44609.8592361,  0.42715, 63474,    55
44609.9454630,  0.41241,  4985,    41
44609.9677199,  0.20976,  9177,    54
44609.9968866,  0.28670,  3985,    54
44610.0861806,  0.66319, 49147,    41
44610.0898264,  0.88286, 36894,    42
44610.2160995,  0.19363, 33123,    54
44610.3098380,  0.69266, 64797,    50
44610.3583333,  0.51460,  4171,    41
44610.4333912,  0.35251, 64382,    42
44610.4889236,  0.18960, 54846,    41
44610.5562037,  0.43106, 32926,    55
44610.5737847,  0.79699, 49147,    55
44610.5969676,  0.73187,  9177,    41
44610.6615162,  0.58017, 64382,    40
44610.7345255,  0.86975, 49147,    54
44610.7476389,  0.60559, 16580,    55
44610.8074769,  0.35469, 65011,    41
44610.9578588,  0.21247, 64382,    41
44610.9620139,  0.79819,  3098,    40
44610.9921644,  0.71771, 49147,    42
44611.0009491,  0.04882, 39056,    54
44611.0169676,  0.20599, 64382,    41
44611.1260995,  0.44239, 10363,    41
44611.1307986,  0.10402,  3098,    55
44611.1372222,  0.62683,  9177,    51
44611.1754745,  0.04735, 64382,    42
44611.1946181,  0.61941, 41459,    41
44611.2165046,  0.46418,  9177,    54
44611.3048843,  0.88974, 64382,    53
44611.3282060,  0.63741, 22496,    54
44611.3902662,  0.44784, 64382,    42
44611.6273032,  0.92152, 64382,    44
44611.7442708,  0.16999, 16366,    55
44611.7631134,  0.05143, 65011,    41
44611.7784722,  0.46485, 49147,    42
44611.7835995,  0.86373, 49662,    55
44611.8753819,  0.79550, 49147,    55
44611.8975463,  0.83212, 62222,    43
44611.9054861,  0.69031, 64382,    52
44611.9609375,  0.48086, 63474,    42
44611.9991319,  0.55610, 49147,    41
44612.0341667,  0.25272, 64382,    42
44612.0600347,  0.19440, 49147,    54
44612.0700463,  0.28673, 64382,    56
44612.1701505,  0.11618, 62925,    55
44612.2286574,  0.18624, 49147,    54
44612.2298032,  0.80174, 64382,    42
44612.2313889,  0.66232, 49147,    42
44612.2604398,  0.40003, 49147,    42
44612.3328819,  0.34025, 64382,    55
44612.3643056,  0.27785, 49147,    41
44612.3721181,  0.84506, 16366,    62
44612.4137153,  0.72071, 25315,    42
44612.4536806,  0.51396, 45562,    42
44612.5027199,  0.03852, 16580,    41
44612.5311806,  0.08621, 64382,    56
44612.5354861,  0.73120, 49147,    46
44612.7019560,  0.15137, 28775,    42
44612.7358681,  0.49077, 63474,    55
44612.7641204,  0.07918, 63474,    40
44612.8710417,  0.14978, 64382,    55
44612.8950810,  0.97194,  9177,    55
44612.9325231,  0.13469, 63474,    55
44612.9643287,  0.96573, 57204,    41
44613.0759722,  0.63261, 49147,    55
44613.0809606,  0.07896, 20999,    41
44613.1185995,  0.75477, 32926,    40
44613.1544907,  0.91053, 29717,    55
44613.1632639,  0.13685, 49147,    55
44613.2140162,  0.27701, 36809,    42
44613.2200231,  0.29685, 64382,    43
44613.2253704,  0.89906, 15613,    55
44613.2624074,  0.28041, 49147,    42
44613.3260995,  0.62860,  5136,    55
44613.4046528,  0.25478, 16366,    42
44613.4047454,  0.99251, 16366,    56
44613.4236458,  0.67461, 64382,    42
44613.4525810,  0.70370, 49147,    55
44613.5114931,  0.07961, 64382,    42
44613.6205903,  0.50690, 49147,    41
44613.6587153,  0.40584,  3098,    55
44613.7629630,  0.11256,  9177,    55
44613.7905787,  0.63112, 49147,    42
44613.8208681,  0.01222,   769,    40
44613.8255903,  0.77375, 62925,    55
44613.9344329,  0.90189, 53243,    49
44613.9378588,  0.92550, 64382,    38
44613.9472222,  0.21518, 15613,    41
44614.0549306,  0.91972, 49147,    42
44614.0759375,  0.22447, 15613,    44
44614.0792940,  0.91910, 49147,    42
44614.0943519,  0.21753, 16580,    42
44614.2670023,  0.76027, 58376,    42
44614.3021759,  0.41253, 49147,    56
44614.3506366,  0.92421,  3063,    41
44614.3576968,  0.26774,  3985,    54
44614.3593287,  0.21405,  3985,    55
44614.4017708,  0.64557, 25883,    55
44614.4618634,  0.56580,  3985,    42
44614.5018634,  0.43543, 63474,    40
44614.5829514,  0.80395, 25115,    56
44614.6813426,  0.87496, 49147,    42
44614.7145486,  0.05434, 28464,    41
44614.7674190,  0.19591, 49147,    55
44614.8633102,  0.99378, 49147,    42
44614.8830903,  0.58876, 63474,    43
44615.0392940,  0.92440, 33652,    42
44615.0638310,  0.16776, 63474,    42
44615.0840162,  0.52168, 48641,    41
44615.1355671,  0.57511, 48641,    41
44615.2198611,  0.57343,  9447,    42
44615.2215972,  0.33434, 63474,    42
44615.2455440,  0.68975, 49147,    55
44615.2463310,  0.13149, 49662,    55
44615.3359954,  0.87638, 49147,    55
44615.4579861,  0.69777, 49147,    42
44615.5125463,  0.94535,  3098,    42
44615.6334375,  0.55728,  4114,    41
44615.7805093,  0.94989,  5087,    44
44615.8504745,  0.56220, 49662,    51
44615.8778704,  0.07037, 57787,    41
44615.9200694,  0.66347, 49147,    41
44615.9204977,  0.85142, 49147,    42
44615.9729282,  0.14556,  9177,    50
44615.9940046,  0.66338, 49147,    56
44616.0120486,  0.66496, 63474,    41
44616.0514583,  0.01056, 49147,    55
44616.0670370,  0.30189, 16366,    54
44616.0976968,  0.32438, 48641,    56
44616.2634606,  0.84302, 49147,    56
44616.4397106,  0.24972, 49147,    41
44616.4474653,  0.44844, 49147,    41
44616.4525926,  0.59772, 49147,    53
44616.4942361,  0.40567, 16366,    43
44616.5337963,  0.39168, 64382,    41
44616.5339468,  0.57129, 64382,    41
44616.6782292,  0.88307,  9177,    41
44616.7169097,  0.18629, 35449,    41
44616.8697801,  0.40742, 62925,    42
44616.8748611,  0.88766,  9054,    41
44616.9523495,  0.57112, 64382,    42
44617.0071759,  0.79358, 25061,    42
44617.0234144,  0.39350, 64382,    42
44617.0461574,  0.30657, 64382,    41
44617.0463657,  0.11239, 64382,    41
44617.0772685,  0.31392, 49147,    42
44617.1011343,  0.88149,  9177,    42
44617.1058333,  0.51196, 64382,    40
44617.1234375,  0.81160, 48641,    41
44617.1633565,  0.43257,  9177,    55
44617.2132407,  0.05926, 64382,    55
44617.2695833,  0.22795, 64382,    42
44617.2842361,  0.80990, 16366,    47
44617.3449306,  0.89538, 49147,    41
44617.3450000,  0.03022, 49147,    41
44617.4384606,  0.21602, 49147,    41
44617.5404861,  0.46908, 63558,    41
44617.6364352,  0.07358, 42017,    55
44617.6425694,  0.58008,  9792,    41
44617.6465162,  0.70271, 49147,    42
44617.6582523,  0.11076, 28775,    41
44617.7051042,  0.14527, 49147,    56
44617.7656019,  0.79531,  9177,    41
44617.8310417,  0.15645, 46068,    55
44617.8430671,  0.15180, 28775,    54
44617.8432292,  0.97799, 28775,    42
44617.8441435,  0.71224, 49147,    42
44617.9030556,  0.07106, 16366,    51
44618.0643634,  0.88216,  3985,    41
44618.0911111,  0.81602,  6193,    56
44618.1087269,  0.48760, 63430,    42
44618.1669560,  0.49010, 24358,    54
44618.2003819,  0.25742, 16580,    41
44618.2576273,  0.30681, 49147,    41
44618.3864699,  0.16651, 49147,    42
44618.4877546,  0.81993, 54846,    55
44618.6439236,  0.45794, 49147,    41
44618.6500694,  0.57172, 49147,    41
44618.7047454,  0.11503, 49147,    56
44618.7876273,  0.91898, 17926,    41
44618.8081366,  0.51866, 49147,    56
44618.9462847,  0.02498, 17926,    41
44618.9614005,  0.74930,   799,    42
44619.0064005,  0.69465, 49147,    55
44619.0064352,  0.80491, 49147,    49
44619.0599769,  0.72784, 49147,    41
44619.1271181,  0.07164, 49147,    42
44619.1291898,  0.42756, 16366,    56
44619.1297106,  0.60621, 63474,    56
44619.1609722,  0.47647, 64382,    56
44619.1687153,  0.85982, 63474,    56
44619.2158796,  0.06214, 16366,    43
44619.2231713,  0.08806, 14369,    41
44619.3114005,  0.03902, 28775,    41
44619.3471991,  0.87964, 35842,    42
44619.3599884,  0.16349, 65011,    42
44619.3861343,  0.97480, 27150,    42
44619.4021875,  0.79943, 20999,    42
44619.4050116,  0.97422, 63474,    56
44619.4400116,  0.81299, 57730,    56
44619.4761921,  0.23165, 49147,    46
44619.5386111,  0.33813, 49147,    41
44619.6211806,  0.62939, 64825,    41
44619.6404745,  0.51859,  9177,    42
44619.7066782,  0.70003, 22496,    56
44619.7167824,  0.68407, 64382,    41
44619.7570370,  0.50292, 49147,    41
44619.7832870,  0.80637, 16366,    41
44619.8219444,  0.85727, 49147,    42
44619.8221528,  0.41419, 49147,    42
44619.8222685,  0.95310, 49147,    56
44619.8636806,  0.79523, 57787,    55
44620.0079398,  0.95049, 49147,    42
44620.0143287,  0.84299, 16580,    41
44620.0631829,  0.15835, 64797,    42
44620.0765972,  0.28109, 64382,    43
44620.1032523,  0.74959, 63430,    56
44620.1373495,  0.79891, 54846,    41
44620.1532292,  0.63256, 64382,    42
44620.2052894,  0.43346, 49147,    57
44620.2995486,  0.42645, 49147,    42
44620.3676736,  0.92464, 49147,    41
44620.3799769,  0.49387, 63474,    41
44620.4329051,  0.75787, 48641,    41
44620.4481829,  0.11914, 64382,    56
44620.4664815,  0.34147, 64382,    56
44620.5301736,  0.56685, 64382,    42
44620.5374884,  0.79847, 16366,    41
44620.6135764,  0.19860, 16580,    56
44620.6669792,  0.67413,   799,    56
44620.6999884,  0.76331, 64382,    41
44620.7057176,  0.72141, 64382,    42
44620.7412037,  0.44584,  3985,    42
44620.7717014,  0.20726, 64382,    56
44620.7768287,  0.46536, 49147,    56
44620.9215856,  0.80483, 64382,    42
44620.9255671,  0.56700, 64382,    56
44620.9304745,  0.24300, 64382,    56
44620.9367477,  0.82773, 63474,    41
44621.1353935,  0.39187, 11039,    41
44621.2194907,  0.23882, 33182,    42
44621.3062384,  0.44820, 49147,    63
44621.3691551,  0.66079, 64382,    38
44621.3817593,  0.72472, 12678,    56
44621.3828125,  0.67792, 49147,    52
44621.4237500,  0.44011, 32926,    42
44621.5362384,  0.76391, 57787,    41
44621.5444097,  0.87319,  4274,    42
44621.5666551,  0.18650, 64382,    41
44621.6006481,  0.41548, 49147,    55
44621.6272685,  0.33890, 64382,    51
44621.7197917,  0.74603, 15886,    54
44621.7473727,  0.42345,  4274,    48
44621.8040162,  0.33137,  3063,    32
44621.8785069,  0.96150, 28775,    32
44621.8982986,  0.83949, 49147,    32
44621.9097106,  0.74251, 30864,    34
