40909.0061806,  0.48081, 49147,    38
40909.0120833,  0.27163, 49147,    39
40909.1191088,  0.01447, 49147,    48
40909.1316551,  0.12264, 55633,    61
40909.1372454,  0.46843, 49147,    48
40909.1567824,  0.96352, 32926,    48
40909.1636458,  0.24489, 49147,    62
40909.1812269,  0.30213, 49147,    49
40909.1813889,  0.69971, 49147,    48
40909.1904630,  0.98978, 39327,    48
40909.1920602,  0.09302, 49147,    48
40909.2370602,  0.55483, 49147,    48
40909.3158449,  0.23157, 34852,    48
40909.3897917,  0.50052, 36809,    48
40909.4355324,  0.62004, 16580,    47
40909.4594792,  0.16171, 49147,    62
40909.6160648,  0.56947, 63474,    62
40909.6203704,  0.29940, 49662,    48
40909.6271412,  0.34495, 48641,    61
40909.6309259,  0.28293, 49147,    48
40909.6630093,  0.75427, 49147,    48
40909.7498264,  0.63189, 28775,    49
40909.8037269,  0.52111, 64382,    48
40909.8108796,  0.53815, 49147,    62
40909.8317477,  0.55375, 12678,    48
40909.8445255,  0.64617, 49147,    53
40909.8834491,  0.80296, 64382,    62
40909.9248380,  0.18146, 16366,    57
40909.9665046,  0.87028, 64382,    48
40910.0626620,  0.54518, 49147,    62
40910.0987731,  0.84623, 64382,    48
40910.1188657,  0.69136, 60792,    48
40910.1255324,  0.37137, 30266,    62
40910.2390972,  0.92255, 49147,    48
40910.2393634,  0.83572, 49147,    61
40910.3132986,  0.57597, 42017,    48
40910.3156250,  0.31248,  5087,    48
40910.3865856,  0.37123, 34852,    47
40910.3880556,  0.29541, 48641,    48
40910.4123611,  0.14405, 49147,    48
40910.4144444,  0.38923, 49147,    49
40910.4660185,  0.42285, 48757,    49
40910.5101852,  0.04246, 64382,    61
40910.5149074,  0.94074, 64382,    61
40910.5418750,  0.73583, 63474,    54
40910.5452315,  0.97197, 49147,    62
40910.5648032,  0.91305, 49147,    61
40910.5786806,  0.92085, 49147,    57
40910.6221991,  0.25320, 64382,    48
40910.6387037,  0.66059, 49147,    48
40910.7484954,  0.33125,  3985,    48
40910.7675463,  0.78943, 49147,    60
40910.8374421,  0.66950, 49147,    48
40910.8416898,  0.06574,  3098,    61
40910.8643287,  0.29352,  9177,    61
40910.8763542,  0.05155, 49147,    48
40910.9091898,  0.95930, 64382,    48
40910.9186227,  0.46315, 17926,    52
40910.9483912,  0.32889, 49147,    61
40910.9520486,  0.01054, 64382,    48
40911.0204282,  0.08887, 64382,    62
40911.1420023,  0.65584, 64797,    47
40911.1965509,  0.85996, 63557,    49
40911.2479861,  0.76598,  9177,    48
40911.4297222,  0.27264, 49147,    48
40911.4384838,  0.19793, 64382,    61
40911.4520602,  0.37137,   769,    61
40911.5012384,  0.66391, 57204,    48
40911.5049769,  0.96834, 49147,    48
40911.5052315,  0.26299, 49147,    48
40911.5191088,  0.90261, 48641,    61
40911.5475116,  0.26582, 49147,    62
40911.5852546,  0.66487, 64382,    61
40911.6199537,  0.23385,  9177,    61
40911.7989468,  0.65505, 49147,    61
40911.8481597,  0.37620, 16366,    48
40911.8650579,  0.33158, 64382,    47
40911.9021528,  0.89306, 14369,    48
40911.9077662,  0.29011, 49147,    61
40911.9223032,  0.84909, 15886,    61
40911.9577431,  0.90066, 16366,    47
40911.9653009,  0.51607,  4985,    47
40911.9892824,  0.60645,  3985,    61
40912.0186574,  0.62990,  3501,    47
40912.0477083,  0.05057, 49147,    48
40912.0648264,  0.49058, 64382,    47
40912.1432523,  0.86042, 49147,    48
40912.1447801,  0.87522,  9177,    47
40912.1537384,  0.56232, 63474,    48
40912.2549190,  0.78362, 64382,    48
40912.3775926,  0.73679,  1291,    48
40912.3857870,  0.35073, 28775,    61
40912.5557292,  0.48938, 35842,    48
40912.6667245,  0.71294, 64382,    48
40912.6768750,  0.75410, 49662,    49
40912.6807407,  0.23750, 64382,    62
40912.6947569,  0.34802, 64382,    61
40912.7070139,  0.42861, 53243,    61
40912.7092940,  0.09742,  9177,    48
40912.8081481,  0.13221, 57730,    47
40912.8434144,  0.14712, 54846,    47
40912.8951157,  0.02100, 49147,    61
40912.9259375,  0.51283, 48641,    61
40912.9617014,  0.78218, 49147,    48
40913.0126736,  0.79682,  9177,    49
40913.1043056,  0.33482, 16366,    62
40913.1164236,  0.77224, 64382,    48
40913.1396065,  0.02297, 49147,    62
40913.1580440,  0.27487, 49662,    62
40913.2218519,  0.35491, 27725,    62
40913.2221296,  0.10822, 64382,    62
40913.2634722,  0.74728, 64382,    50
40913.2897917,  0.12300, 49147,    47
40913.3297106,  0.04152, 16366,    62
40913.3930903,  0.88626, 64382,    48
40913.4136111,  0.19380, 49147,    62
40913.4581829,  0.83543, 16366,    48
40913.4690856,  0.94593, 65333,    61
40913.6201042,  0.46586, 64382,    48
40913.7893519,  0.34481, 64382,    48
40913.8445718,  0.83817, 49147,    47
40913.8446644,  0.59366, 49147,    45
40913.8614815,  0.07836, 64382,    62
40913.8814583,  0.02746, 64382,    62
40913.9108796,  0.64077, 64382,    61
40913.9111343,  0.54348, 64382,    48
40914.0316319,  0.26083, 64382,    48
40914.0853935,  0.13538, 64382,    48
40914.0981019,  0.83733,  9177,    49
40914.1112037,  0.60727, 33123,    62
40914.1257176,  0.64576, 64382,    47
40914.1707870,  0.21905, 29418,    48
40914.2456481,  0.16169, 49147,    51
40914.3044097,  0.27072, 43080,    48
40914.3478935,  0.97994,  3985,    48
40914.4477546,  0.10800, 49147,    47
40914.4975579,  0.58178, 49147,    48
40914.6383796,  0.76466, 28775,    48
40914.6431597,  0.34836, 64382,    52
40914.6871296,  0.44121, 48641,    47
40914.7080324,  0.77469,  5932,    48
40914.7216088,  0.33643, 64382,    47
40914.7234954,  0.39751, 36894,    48
40914.7239236,  0.81059, 49147,    48
40914.7418981,  0.36957, 57204,    61
40914.8014931,  0.14057, 62086,    48
40914.8322106,  0.24597,  9177,    47
40914.8731134,  0.24734, 12678,    62
40914.9292824,  0.36859, 36894,    48
40915.0575463,  0.12396, 49662,    47
40915.1557639,  0.81086, 65011,    61
40915.1995023,  0.27146,  9177,    61
40915.2087963,  0.94703, 49147,    61
40915.2166667,  0.46154, 64382,    62
40915.2385995,  0.13555,  3985,    47
40915.3564583,  0.07973, 64382,    61
40915.4692940,  0.53431, 24838,    62
40915.4930787,  0.30576, 33123,    48
40915.5025116,  0.30921,  9177,    62
40915.5062037,  0.85425, 49147,    50
40915.5113426,  0.21257, 57730,    62
40915.5228356,  0.15007, 64382,    60
40915.5229630,  0.75215, 64382,    61
40915.5415741,  0.64629, 15886,    48
40915.5676157,  0.29738, 49147,    49
40915.5700926,  0.08674, 49147,    61
40915.5963079,  0.07166, 64382,    48
40915.6604745,  0.16596, 63474,    48
40915.6764236,  0.92313, 64382,    62
40915.7214583,  0.50169, 57204,    49
40915.7301042,  0.81799, 64382,    48
40915.7834375,  0.13797, 28775,    48
40915.8358449,  0.60388, 64382,    48
40915.8606250,  0.56932, 11396,    62
40915.8653819,  0.74786, 49147,    50
40915.8944213,  0.09950, 48641,    48
40915.8991319,  0.68027, 61249,    48
40915.9119097,  0.10094, 63474,    62
40915.9152894,  0.12991, 64382,    48
40915.9370139,  0.59301, 30266,    48
40915.9443866,  0.55833,   769,    62
40915.9958333,  0.92274,  9177,    62
40916.0216898,  0.87431, 36894,    48
40916.0527199,  0.87585, 42017,    48
40916.0643403,  0.81333, 17926,    48
40916.0661921,  0.35942,  3098,    48
40916.0964931,  0.61072, 64382,    48
40916.1195023,  0.29083, 49147,    81
40916.1317708,  0.11299, 64382,    48
40916.1610069,  0.32364, 63557,    62
40916.1789236,  0.10344, 49147,    62
40916.3158218,  0.69983,  3063,    48
40916.3587384,  0.34641, 53243,    62
40916.3856366,  0.07978, 49147,    50
40916.4056597,  0.65320, 22563,    48
40916.4583449,  0.78969, 28775,    62
40916.5523727,  0.12564,  9177,    64
40916.6605324,  0.09689, 17926,    48
40916.6844792,  0.63405, 36809,    48
40916.6911690,  0.38064, 49147,    53
40916.6924537,  0.11206, 24358,    62
40916.7235764,  0.00226, 49147,    48
40916.7262847,  0.13965, 64382,    49
40916.7861458,  0.50301, 48641,    63
40916.8740394,  0.87731, 16366,    48
40916.8771412,  0.83051, 64382,    48
40916.9023264,  0.74723, 63474,    59
40916.9407523,  0.97492, 49147,    58
40916.9414468,  0.22082, 64382,    49
40916.9414583,  0.52915, 64382,    52
40916.9798958,  0.95051, 63430,    63
40917.0068750,  0.44534, 16366,    62
40917.0908449,  0.58008, 16366,    49
40917.2325347,  0.04642, 29717,    48
40917.2488310,  0.86428, 63808,    49
40917.2966204,  0.51252, 63474,    49
40917.3127315,  0.48357, 64382,    63
40917.3143403,  0.57722, 64382,    62
40917.3548495,  0.42595, 64382,    48
40917.3550347,  0.39681, 55633,    49
40917.3608333,  0.39283, 54846,    48
40917.4208102,  0.91602, 16580,    48
40917.4432523,  0.03060, 64382,    49
40917.4989931,  0.95793, 15886,    49
40917.5040741,  0.96549, 64382,    49
40917.5650810,  0.44018, 49147,    49
40917.5765509,  0.92891, 39056,    49
40917.6334954,  0.48532, 49147,    62
40917.6573148,  0.24506, 60792,    48
40917.7286574,  0.73679, 62222,    49
40917.7408449,  0.54556, 16366,    49
40917.7973958,  0.86428, 22563,    49
40917.8138194,  0.28829, 49147,    49
40917.9191667,  0.63206, 49147,    63
40917.9235880,  0.35580, 49147,    49
40917.9303241,  0.84758, 49147,    48
40917.9509144,  0.81117, 22496,    63
40917.9739005,  0.75364, 28775,    58
40917.9923148,  0.56820, 49147,    48
40917.9926852,  0.39206, 63474,    63
40918.0711458,  0.48948, 64382,    49
40918.1795602,  0.70963, 64382,    49
40918.1897685,  0.66967, 58376,    62
40918.2119676,  0.71675, 28775,    49
40918.3282060,  0.39422, 49147,    62
40918.3622338,  0.22989, 64382,    63
40918.3754977,  0.40351, 36894,    49
40918.4253588,  0.56553, 49147,    49
40918.4356134,  0.65138, 64382,    55
40918.4563079,  0.59949, 63474,    63
40918.4696181,  0.50030, 36809,    49
40918.5273495,  0.11856, 14369,    63
40918.5745139,  0.86145, 64382,    63
40918.6185301,  0.13344, 64382,    63
40918.6185764,  0.67132, 64382,    49
40918.6315162,  0.58888, 28775,    48
40918.6549421,  0.44808, 12678,    49
40918.7683218,  0.44810, 62222,    47
40918.7705208,  0.49747, 22563,    49
40918.8112963,  0.23097, 25869,    63
40918.8424074,  0.47376, 64382,    49
40918.8426042,  0.11383, 64382,    63
40918.9315741,  0.34764, 49147,    63
40918.9319792,  0.57717, 35842,    49
40919.1457755,  0.02914,   769,    63
40919.1507755,  0.11155, 49662,    49
40919.1960069,  0.91876, 64382,    63
40919.2000694,  0.96443, 49147,    62
40919.2472222,  0.47949, 52062,    62
40919.5630903,  0.12156, 49147,    49
40919.5711111,  0.33002, 49147,    64
40919.5941319,  0.71553, 27725,    63
40919.6171991,  0.82799, 64382,    49
40919.6220255,  0.39684, 64382,    63
40919.6642361,  0.60931, 65011,    56
40919.6803935,  0.82600, 49147,    49
40919.8228935,  0.81021, 48611,    49
40919.8412616,  0.74668, 64382,    49
40919.9042708,  0.88194,  4985,    49
40919.9368056,  0.74589,  9177,    49
40919.9696065,  0.70312, 39327,    49
40920.0307523,  0.08561,  3985,    49
40920.0437037,  0.43516, 65011,    48
40920.0544329,  0.18797, 63430,    63
40920.0654630,  0.14964, 35842,    50
40920.0970486,  0.94010, 33123,    64
40920.1253241,  0.82219,  9177,    61
40920.1969213,  0.86354, 49147,    49
40920.2051157,  0.49672, 25974,    49
40920.2356134,  0.34320, 49147,    62
40920.3023264,  0.59942, 49147,    56
40920.3653935,  0.20803, 49147,    63
40920.4349421,  0.81875, 49147,    49
40920.4896412,  0.97000, 57730,    62
40920.5630208,  0.17753, 49147,    49
40920.6062153,  0.06300, 48641,    49
40920.6251389,  0.04685, 49147,    48
40920.6780787,  0.65803,  3985,    62
40920.7022801,  0.49164, 48641,    49
40920.7190394,  0.38344, 49147,    48
40920.7277315,  0.38220, 49147,    49
40920.8500000,  0.49605, 14369,    48
40920.8725694,  0.34317, 22563,    49
40920.8808449,  0.22058, 64382,    62
40920.8967245,  0.44985, 63474,    49
40920.9133565,  0.41820,  9177,    49
40920.9214120,  0.71978, 64382,    63
40920.9821296,  0.18163, 50380,    63
40921.0408681,  0.57792, 49147,    62
40921.1625579,  0.97890, 40977,    49
40921.2279514,  0.20263,  4985,    49
40921.2414699,  0.33177, 49147,    62
40921.2635532,  0.03910, 49147,    63
40921.2969676,  0.04903, 64382,    50
40921.3459259,  0.00888, 49147,    48
40921.3904977,  0.41200, 49147,    63
40921.4306134,  0.21288, 63474,    63
40921.5820833,  0.80803, 36809,    62
40921.6232870,  0.94230, 27725,    62
40921.6509838,  0.45124, 49147,    49
40921.7089352,  0.61272, 64382,    48
40921.7552894,  0.03331, 49147,    50
40921.7629514,  0.32441, 49147,    64
40921.8323495,  0.49459, 39056,    50
40921.8958681,  0.82708, 49147,    63
40921.9308912,  0.89438,  5087,    49
40921.9756019,  0.50690, 63430,    49
40922.0104514,  0.61665, 49147,    62
40922.0173495,  0.53817, 10363,    49
40922.0220370,  0.42163, 49147,    62
40922.0911227,  0.31507, 49147,    49
40922.1903241,  0.36857, 49147,    50
40922.2779514,  0.89459, 16366,    63
40922.3491898,  0.94648, 49147,    49
40922.3725810,  0.27957, 16366,    62
40922.3795255,  0.79103, 64382,    49
40922.4642245,  0.70970, 28775,    49
40922.5977894,  0.97797,  9177,    49
40922.6229282,  0.50671, 12678,    49
40922.7075000,  0.09946, 49147,    48
40922.7393403,  0.39847, 28775,    50
40922.8198727,  0.27914, 64382,    49
40922.9133102,  0.59508, 49147,    49
40922.9142245,  0.79216, 49147,    58
40922.9410185,  0.50025,  3985,    63
40922.9534491,  0.31589, 49147,    62
40922.9558218,  0.78861, 49147,    62
40922.9717824,  0.95632, 65011,    48
40922.9781366,  0.07118, 49147,    63
40923.0261458,  0.26719, 49147,    48
40923.0338426,  0.18317, 49147,    62
40923.0538542,  0.20241, 64382,    49
40923.0682176,  0.92430, 15230,    61
40923.1357176,  0.97763, 49147,    62
40923.1686574,  0.50397,  9792,    62
40923.2166088,  0.06070, 24838,    62
40923.2526042,  0.49732, 64382,    49
40923.2659838,  0.81220, 16366,    62
40923.2716898,  0.88919, 64382,    48
40923.2719560,  0.45710, 14085,    49
40923.3071644,  0.68025, 49147,    62
40923.3347338,  0.01133, 50144,    51
40923.3766898,  0.67931, 49147,    49
40923.4188310,  0.95975, 15613,    50
40923.4548148,  0.60751, 16366,    48
40923.4550116,  0.13704, 16366,    49
40923.5080440,  0.71800,   799,    49
40923.5084028,  0.99750,  5239,    49
40923.5323148,  0.50306, 12368,    49
40923.5350463,  0.33871, 64382,    62
40923.5824421,  0.13377, 16366,    62
40923.6444560,  0.56752,  5087,    61
40923.6523148,  0.54931, 33652,    62
40923.6806134,  0.13853, 64382,    49
40923.7177315,  0.45146, 64382,    49
40923.7487384,  0.49188,  5136,    49
40923.7682176,  0.99597, 49147,    62
40923.7708681,  0.67898,  5087,    62
40923.7790278,  0.11662, 27245,    62
40923.7791667,  0.54465, 27245,    48
40923.7798148,  0.48424, 27245,    46
40923.7801042,  0.34543, 27245,    58
40923.7802431,  0.77851, 27245,    46
40923.7808912,  0.73055, 27245,    45
40923.7809606,  0.94617, 27245,    48
40923.7812500,  0.81343, 27245,    49
40923.7814005,  0.24885, 27245,    49
40923.7849769,  0.52752, 65011,    48
40923.8013310,  0.03818, 63474,    48
40923.8040856,  0.39592, 49147,    62
40923.8080671,  0.41174, 49147,    49
40923.8842708,  0.37075, 62724,    54
40923.8851968,  0.94127, 62724,    60
40923.8853472,  0.34356, 62724,    58
40923.8854861,  0.74188, 62724,    45
40923.8855556,  0.94178, 62724,    46
40923.8857755,  0.53623, 62724,    63
40923.8858449,  0.73363, 62724,    81
40923.8859144,  0.93102, 62724,   178
40923.8861343,  0.53323, 62724,    94
40923.8862037,  0.73375, 62724,    74
40923.8862731,  0.93443, 62724,    70
40923.8864931,  0.54050, 62724,    60
40923.9323380,  0.64010,  9550,    49
40923.9326273,  0.42520,  9550,    46
40923.9613889,  0.45919,  9054,    59
40923.9627546,  0.75597,  9054,    48
40923.9629745,  0.43303,  9054,    62
40923.9630440,  0.65829,  9054,    48
40923.9632639,  0.33463,  9054,    48
40923.9633333,  0.56143,  9054,    62
40924.0058218,  0.85595, 62222,    49
40924.0077199,  0.77294, 49147,    49
40924.0394329,  0.95210, 49147,    49
40924.0495486,  0.86493, 24838,    48
40924.0496991,  0.19497, 24838,    49
40924.0497685,  0.35971, 24838,    62
40924.0498380,  0.52466, 24838,    61
40924.0499769,  0.85324, 24838,    47
40924.0501968,  0.34512, 24838,   124
40924.0502662,  0.50920, 24838,   131
40924.0503356,  0.67449, 24838,   296
40924.0504051,  0.84242, 24838,   300
40924.0519097,  0.39801, 24838,    48
40924.1531481,  0.62256,  3985,    48
40924.1734606,  0.12811, 33038,    48
40924.2150231,  0.36113, 29280,    49
40924.2804861,  0.88739, 34852,    48
40924.3083449,  0.64857, 12368,    48
40924.3144907,  0.14292, 28775,    48
40924.3649421,  0.64413, 33377,    47
40924.3652315,  0.29453, 33377,    47
40924.3654398,  0.77481, 33377,    61
40924.3655093,  0.93441, 33377,   149
40924.3764931,  0.27821, 45562,    60
40924.3781944,  0.76010, 45562,    61
40924.3815741,  0.48021,  6713,    61
40924.3884144,  0.04507,  6193,    47
40924.3886227,  0.64497,  6193,    61
40924.4434375,  0.39628, 12678,    48
40924.4521412,  0.03269,  9177,    61
40924.4825116,  0.96098, 64382,    61
40924.5098264,  0.42060, 30864,    68
40924.5099653,  0.77289, 30864,    64
40924.5100347,  0.95025, 30864,    53
40924.5102546,  0.47481, 30864,    61
40924.5688426,  0.32191, 53221,    62
40924.6134259,  0.55804, 57814,    48
40924.6139931,  0.67000, 40977,    49
40924.6141435,  0.42405, 57814,    57
40924.6142130,  0.60996, 57814,    46
40924.6142824,  0.79696, 57814,    58
40924.6189815,  0.92661, 35834,    60
40924.6191319,  0.26532, 35834,    48
40924.6192708,  0.60664, 35834,    58
40924.6194097,  0.94396, 35834,    45
40924.6194907,  0.11287, 35834,    61
40924.6195602,  0.28293, 35834,    59
40924.6196296,  0.45112, 35834,    46
40924.6196991,  0.62148, 35834,    46
40924.6197685,  0.78988, 35834,    60
40924.6199190,  0.13089, 35834,    47
40924.6362153,  0.74452, 49147,    62
40924.6993171,  0.93899,  9054,    49
40924.7033681,  0.91758, 25315,    59
40924.7034491,  0.09362, 25315,    52
40924.7306481,  0.41920, 49662,    61
40924.7480324,  0.36746, 64382,    62
40924.7659838,  0.97605, 64382,    61
40924.7984375,  0.71807, 28464,    63
40924.8453588,  0.76706, 49147,    48
40924.9055556,  0.27189, 15613,    48
40924.9122454,  0.69621, 63430,    61
40924.9165394,  0.18691, 49147,    62
40924.9483912,  0.55106, 16366,    47
40924.9851620,  0.56757, 49147,    48
40924.9937731,  0.60700, 49147,    49
40925.0153472,  0.59697, 28775,    61
40925.0231829,  0.23049, 49147,    48
40925.0314468,  0.92332, 16580,    61
40925.1225000,  0.84271, 63474,    48
40925.1534954,  0.00238, 57204,    48
40925.2123032,  0.26349,  9177,    48
40925.2297338,  0.88718, 47595,    61
40925.2406019,  0.20676, 49147,    61
40925.2452778,  0.35441,  9177,    61
40925.3050116,  0.92920, 64382,    61
40925.3525231,  0.06326, 42711,    47
40925.3526620,  0.31989, 42711,    46
40925.4054282,  0.71630, 64382,    53
40925.4116667,  0.44508, 49147,    49
40925.4803704,  0.68515, 33774,    48
40925.4822222,  0.62997, 64382,    48
40925.5607755,  0.22653, 63430,    49
40925.5851852,  0.22481, 49147,    48
40925.5968287,  0.80212, 64382,    48
40925.6064815,  0.45168, 64382,    61
40925.6120949,  0.21093, 53243,    48
40925.6426389,  0.78309,  9177,    48
40925.6756366,  0.67307, 58857,    47
40925.6757060,  0.78307, 58857,    47
40925.7396991,  0.62131, 48347,    47
40925.7494907,  0.32731, 65011,    50
40925.7665394,  0.39777, 63474,    47
40925.7726273,  0.19291,  3985,    48
40925.7764699,  0.19877, 33123,    48
40925.8099190,  0.13536, 50542,    48
40925.9115856,  0.10884,  7631,    48
40925.9737847,  0.74270, 33838,    60
40926.1287500,  0.03230, 14369,    60
40926.1334028,  0.16130,  9177,    48
40926.2078472,  0.05513, 64382,    48
40926.2654167,  0.52036, 64382,    48
40926.3581481,  0.35604,  9177,    61
40926.4296875,  0.34075,  9177,    47
40926.4556366,  0.67946, 14868,    63
40926.4559259,  0.15480, 14868,    49
40926.4571991,  0.31289, 14868,    62
40926.5378125,  0.39451, 41546,    47
40926.6494792,  0.77999, 49147,    59
40926.6530903,  0.87376,  3098,    47
40926.6920139,  0.35798, 15886,    47
40926.7416898,  0.68767, 63474,    48
40926.7531366,  0.97473, 48641,    61
40926.7937384,  0.74798, 49147,    51
40926.8338657,  0.24818,  7631,    48
40926.9562731,  0.05902, 35842,    60
40926.9872222,  0.76353, 49147,    48
40927.1686690,  0.07678, 64382,    46
40927.1766782,  0.49737, 64382,    47
40927.1856481,  0.55305, 28775,    47
40927.2829977,  0.14479,  3098,    47
40927.5704398,  0.15677, 62993,    47
40927.5731019,  0.40857, 64382,    60
40927.5757292,  0.30509, 63558,    60
40927.5848495,  0.19325, 49147,    47
40927.5936574,  0.70816, 49147,    47
40927.6077431,  0.73430, 49147,    47
40927.6289931,  0.08220,  9177,    60
40927.6586806,  0.62402, 49147,    61
40927.6632870,  0.19101, 49147,    47
40927.6782639,  0.46912, 24838,    47
40927.7296991,  0.94674, 61402,    48
40927.7728472,  0.60153, 64382,    47
40927.8403009,  0.17673, 10363,    47
40927.8867593,  0.12893, 39056,    48
40927.9001157,  0.77637,  3098,    60
40927.9213079,  0.14575, 49147,    47
40927.9869792,  0.54885, 49147,    47
40928.2164236,  0.78107,  9177,    61
40928.2465394,  0.73039, 64382,    48
40928.3438889,  0.02762, 49147,    60
40928.3604167,  0.57991, 49147,    58
40928.3605208,  0.35076, 49147,    47
40928.3667593,  0.28507, 16366,    60
40928.4637731,  0.70379, 49147,    60
40928.4848148,  0.53426, 16366,    45
40928.4848843,  0.65891, 16366,    47
40928.4849537,  0.78535, 16366,    59
40928.4855208,  0.78290, 16366,    45
40928.4858102,  0.29287, 16366,    42
40928.4859491,  0.54849, 16366,    57
40928.4861574,  0.93206, 16366,    46
40928.4862384,  0.05921, 16366,    44
40928.4863079,  0.18494, 16366,    60
40928.4865162,  0.56210, 16366,    60
40928.4868056,  0.06391, 16366,    45
40928.4869444,  0.31332, 16366,    50
40928.4870833,  0.56340, 16366,    57
40928.4872917,  0.94151, 16366,    57
40928.4873727,  0.06763, 16366,    45
40928.4876505,  0.58060, 16366,    59
40928.4943981,  0.23057, 49147,    60
40928.5109491,  0.47570, 64382,    48
40928.5195949,  0.67199, 49147,    48
40928.5491551,  0.30084, 64382,    57
40928.5602546,  0.83363, 64382,    47
40928.6359375,  0.86827, 16366,    47
40928.6936343,  0.67552, 49147,    60
40928.7051620,  0.82708,  9177,    61
40928.7087963,  0.84710, 49147,    60
40928.7702894,  0.62771, 64382,    47
40928.8086343,  0.86183, 41459,    48
40928.8179282,  0.21782, 64382,    48
40928.8846296,  0.55118, 49147,    47
40928.8940509,  0.87343, 63474,    48
40928.9461343,  0.47704, 64382,    47
40928.9926505,  0.98752, 49147,    47
40929.1567708,  0.10997, 65333,    47
40929.1807639,  0.75244, 58376,    47
40929.2300116,  0.36465, 49147,    61
40929.2505093,  0.87376, 49147,    48
40929.2627315,  0.64672, 63474,    47
40929.3305556,  0.03156, 49147,    47
40929.3719097,  0.71063,  5087,    47
40929.4440625,  0.61910, 64382,    60
40929.4454282,  0.48655, 48641,    60
40929.4920718,  0.94571,  9177,    61
40929.5175116,  0.43461,  9177,    51
40929.6115162,  0.90052, 63474,    47
40929.6244792,  0.98997, 29280,    60
40929.6371528,  0.96117, 49147,    49
40929.6496065,  0.57532, 25061,    48
40929.7473495,  0.05712, 10162,    48
40929.7580787,  0.17148, 63474,    47
40929.8253935,  0.17412, 29280,    48
40929.8720602,  0.89433, 49147,    47
40929.9292245,  0.75549, 64382,    48
40929.9381134,  0.38164, 64382,    48
40930.0220602,  0.20270, 57787,    60
40930.0643750,  0.63393, 39327,    48
40930.1083218,  0.81184, 14369,    47
40930.1273958,  0.07493, 64382,    47
40930.1716435,  0.90758, 49147,    47
40930.2282407,  0.24857, 33377,    60
40930.2355440,  0.70166, 28775,    47
40930.3324653,  0.51840, 48641,    50
40930.3440972,  0.35937, 12678,    47
40930.3965972,  0.50306,   769,    48
40930.3971759,  0.50834, 20058,    47
40930.3972454,  0.66923, 20058,    43
40930.3973843,  0.99717, 20058,    47
40930.4312847,  0.29328,  7433,    47
40930.4314236,  0.60648,  7433,    54
40930.4314931,  0.76615,  7433,    46
40930.4315625,  0.92579,  7433,    76
40930.4873380,  0.27837, 64382,    61
40930.5036921,  0.61329, 49147,    60
40930.5170139,  0.23390, 64382,    47
40930.5345023,  0.25533, 64825,    46
40930.5717130,  0.80903,  7631,    47
40930.5893750,  0.10637, 16366,    61
40930.7677315,  0.01546, 63474,    61
40930.7694676,  0.83188, 48641,    48
40930.7767477,  0.76149, 49147,    47
40931.0316204,  0.07584, 49147,    60
40931.0715625,  0.92951, 65525,    47
40931.0926273,  0.40672, 61402,    48
40931.0995255,  0.97809, 49147,    61
40931.1415046,  0.77296, 63557,    57
40931.1827778,  0.10262, 64382,    47
40931.1874653,  0.29479, 10363,    61
40931.1983681,  0.51369,  9177,    48
40931.2754282,  0.45710, 12678,    48
40931.2842130,  0.43509, 53243,    50
40931.4109954,  0.48254, 16366,    48
40931.4526736,  0.43718, 49147,    48
40931.4609722,  0.91168, 62222,    47
40931.4777778,  0.64070, 63474,    48
40931.5264699,  0.90746, 49147,    61
40931.5683565,  0.93861,  9177,    48
40931.5766088,  0.10219, 58857,    61
40931.6361921,  0.43286, 64382,    48
40931.6926620,  0.86138, 64382,    49
40931.7383218,  0.11045, 49147,    48
40931.7448843,  0.56570, 65011,    61
40931.7574190,  0.79792, 49147,    60
40931.8002431,  0.92478, 49147,    48
40931.8008681,  0.23061, 64382,    63
40931.8140972,  0.23601, 49147,    61
40931.8246875,  0.79737,  9177,    48
40931.8532639,  0.76051,  3985,    48
40931.8785069,  0.94329, 49147,    48
40931.8844329,  0.61178, 16366,    48
40931.9709028,  0.51096, 15886,    49
40931.9727894,  0.82307,  4274,    48
40932.0199537,  0.54453, 64382,    48
40932.0738079,  0.20870, 49147,    47
40932.0810069,  0.48309, 48641,    48
40932.0971759,  0.38188, 17926,    48
40932.1019213,  0.79543, 32926,    62
40932.1563657,  0.79886, 33652,    48
40932.1635764,  0.55960, 16580,    62
40932.2037153,  0.87760, 14369,    62
40932.2318634,  0.02491, 32926,    48
40932.2520486,  0.55778, 49147,    61
40932.2901968,  0.25925, 49147,    48
40932.3273843,  0.22584, 63474,    48
40932.4832176,  0.85485, 24838,    47
40932.4925000,  0.09574, 49147,    61
40932.5122917,  0.38695,  9177,    48
40932.5213542,  0.30938, 49147,    61
40932.5216435,  0.06763, 49147,    49
40932.5518634,  0.84328, 49147,    48
40932.5645718,  0.37941, 49147,    48
40932.5749190,  0.35549, 15886,    61
40932.6314005,  0.64430, 64382,    62
40932.6514352,  0.85343,  5087,    48
40932.6609838,  0.16831, 49147,    61
40932.7062616,  0.09960,  1903,    51
40932.7586343,  0.18374, 49147,    48
40932.7935185,  0.81026, 49147,    48
40932.8096296,  0.16301, 64382,    61
40932.8367245,  0.38008, 49147,    51
40932.9051389,  0.27564, 49147,    48
40932.9564236,  0.99405, 16366,    49
40932.9629282,  0.52288,  9177,    62
40933.0133218,  0.29630,  6713,    49
40933.0602894,  0.17453, 53243,    62
40933.0939815,  0.81940, 49147,    62
40933.1101736,  0.11335, 49147,    49
40933.1195255,  0.47145, 64382,    49
40933.1454745,  0.02333,  9177,    49
40933.2059954,  0.23501, 64382,    50
40933.2062731,  0.97643, 14369,    48
40933.2324074,  0.83049,  9177,    62
40933.3148727,  0.40850, 49147,    48
40933.3273380,  0.70245, 49147,    62
40933.3792014,  0.14061, 64382,    48
40933.4275347,  0.86591,  4114,    52
40933.5249306,  0.59889, 49147,    61
40933.6241435,  0.63208, 49147,    62
40933.6308565,  0.88941, 49147,    49
40933.6488542,  0.50772,  3985,    61
40933.6818750,  0.60024, 10363,    62
40933.6854398,  0.44803,  5087,    49
40933.6919792,  0.52053,  9177,    62
40933.7188426,  0.02594, 49147,    49
40933.7313194,  0.38752, 12678,    48
40933.7339352,  0.18979, 64382,    62
40933.7955208,  0.32013, 64382,    49
40933.8183102,  0.96486,  9447,    48
40933.8396644,  0.88014, 49147,    48
40933.9218403,  0.16925, 48757,    49
40933.9278241,  0.86015, 64382,    49
40933.9336458,  0.56412, 49147,    48
40933.9747685,  0.10673, 33123,    48
40934.0012500,  0.63895, 40977,    49
40934.0160069,  0.55658, 11039,    49
40934.0880903,  0.20491, 49147,    49
40934.2046528,  0.70502, 63474,    48
40934.2334606,  0.19500,  3098,    62
40934.2764699,  0.75035, 49147,    61
40934.3176736,  0.58411, 12678,    49
40934.3938773,  0.04754, 65011,    62
40934.4014468,  0.50596, 64382,    61
40934.5295255,  0.94288, 64382,    56
40934.5367708,  0.81686, 64382,    48
40934.5661921,  0.30895, 16366,    53
40934.5758218,  0.74939, 64382,    48
40934.6048380,  0.65236, 64382,    59
40934.7316088,  0.41577, 49147,    62
40934.8015625,  0.91228, 64382,    62
40934.8066204,  0.99028, 62925,    48
40934.8221644,  0.68368, 49147,    48
40934.9444676,  0.60379, 49147,    62
40934.9446412,  0.40370, 49147,    49
40934.9728356,  0.91890, 63474,    49
40935.0320718,  0.27710, 64382,    48
40935.0698148,  0.26417, 49147,    62
40935.0800000,  0.27465, 64382,    49
40935.0979514,  0.43257, 14369,    51
40935.1971296,  0.92685, 49147,    62
40935.2065972,  0.23237, 49662,    62
40935.2426042,  0.66021, 28775,    49
40935.2492361,  0.52336, 63808,    49
40935.4048380,  0.34622, 49147,    48
40935.4701273,  0.91370, 65525,    49
40935.5223958,  0.00475, 49147,    49
40935.5299653,  0.62443, 30864,    49
40935.5336458,  0.28209,  3063,    48
40935.5419329,  0.94574, 64382,    49
40935.8359375,  0.95200, 35842,    48
40935.8389931,  0.27055, 49147,    62
40935.8867014,  0.81083, 49147,    62
40935.8991551,  0.00182, 15886,    48
40935.9763079,  0.93914, 49147,    48
40935.9797801,  0.23822, 28775,    49
40935.9810301,  0.79243, 64382,    62
40935.9811574,  0.45235, 64382,    49
40936.0065509,  0.44284, 49147,    62
40936.0731250,  0.30734, 49147,    62
40936.1362037,  0.76348,  5932,    48
40936.1809144,  0.68375, 64382,    49
40936.3259491,  0.18593, 49147,    50
40936.4152083,  0.77774, 49147,    52
40936.4231481,  0.24009, 10162,    49
40936.4304051,  0.38275, 10363,    62
40936.4565394,  0.80963, 57730,    52
40936.4898611,  0.45520, 14369,    50
40936.5287847,  0.49581, 49147,    62
40936.5299421,  0.35004, 64382,    48
40936.5299421,  0.37519, 49147,    62
40936.6031250,  0.89082, 64382,    50
40936.6218171,  0.86222, 39056,    47
40936.6422685,  0.06038,  9177,    49
40936.6553009,  0.67787,  3098,    62
40936.6570370,  0.29227,  9177,    61
40936.7743634,  0.90988, 64382,    49
40936.8229514,  0.16673, 64382,    47
40936.8958218,  0.95934, 35842,    62
40936.9317361,  0.22013, 49147,    48
40936.9530208,  0.92198,  9177,    61
40937.0209259,  0.66040, 49147,    48
40937.0264120,  0.03814, 63474,    49
40937.0390509,  0.81295, 64382,    49
40937.0814931,  0.51187, 16366,    48
40937.0843981,  0.78763, 64382,    48
40937.0871296,  0.64977, 63474,    48
40937.1770255,  0.97986, 16366,    48
40937.2613079,  0.28742, 28775,    49
40937.2922685,  0.51117, 49147,    61
40937.3277083,  0.85094, 49147,    62
40937.3400231,  0.30907, 49147,    49
40937.3697222,  0.81391,  5087,    62
40937.4561690,  0.46843, 64382,    48
40937.4786227,  0.93141,  5087,    49
40937.5471412,  0.46401, 64382,    62
40937.5831250,  0.37279, 64382,    48
40937.5857407,  0.58653, 48641,    51
40937.5961921,  0.45381, 36809,    48
40937.6058449,  0.49780, 49147,    49
40937.6140509,  0.59167, 64382,    49
40937.6177199,  0.87686, 49147,    50
40937.6417361,  0.99256, 49147,    48
40937.6679051,  0.53001, 49147,    62
40937.7365509,  0.93599, 64382,    49
40937.8136690,  0.25689, 16366,    49
40937.8339815,  0.73300, 28775,    48
40937.8343403,  0.49965,  5087,    54
40937.8675231,  0.53774, 57787,    61
40937.9224884,  0.00586, 24838,    49
40937.9414815,  0.02364, 64382,    62
40938.0277431,  0.00972, 64382,    49
40938.0616204,  0.41155, 64382,    61
40938.0694792,  0.98891, 49147,    49
40938.0812963,  0.85713, 49662,    62
40938.0961343,  0.02976, 49147,    62
40938.1005556,  0.20947, 49147,    62
40938.1093056,  0.38356, 64382,    49
40938.1637269,  0.57477,  3985,    49
40938.2116204,  0.85792, 64382,    48
40938.2368866,  0.47433, 64382,    63
40938.2710185,  0.31509, 49147,    62
40938.3134028,  0.74539, 64382,    49
40938.3403009,  0.03826, 49147,    62
40938.3804514,  0.98572, 49147,    48
40938.3889236,  0.68637, 14369,    50
40938.4364931,  0.97526, 49147,    49
40938.5758333,  0.13632,  9234,    54
40938.6041435,  0.62224, 20999,    48
40938.6076736,  0.15722, 65011,    61
40938.6762616,  0.60837, 63474,    50
40938.6862037,  0.40812,  3985,    62
40938.7153704,  0.08357,   769,    62
40938.7179745,  0.62599, 64382,    62
40938.7836227,  0.08508, 49147,    62
40938.8026505,  0.12199,  9177,    49
40938.9019444,  0.50637, 64382,    48
40938.9499306,  0.66823,  9177,    49
40938.9548843,  0.30077, 28775,    49
40939.0594792,  0.32534, 57204,    57
40939.0603009,  0.25039, 39056,    49
40939.0686921,  0.33249, 12678,    48
40939.0817477,  0.52312, 64797,    61
40939.1387616,  0.28262, 12678,    50
40939.1579745,  0.30151,  5087,    49
40939.1657755,  0.73756, 28775,    61
40939.2273495,  0.21014, 49147,    49
40939.2427546,  0.28754, 19739,    62
40939.2470370,  0.71798, 64382,    49
40939.2499074,  0.91550,  9177,    63
40939.2637037,  0.50085,  3098,    62
40939.3450810,  0.47517, 63474,    49
40939.3510185,  0.30801, 49147,    48
40939.4702083,  0.92858, 64382,    61
40939.4875231,  0.37005, 49147,    49
40939.5957407,  0.31298, 63474,    49
40939.6475810,  0.21509,  3985,    62
40939.6509028,  0.63830, 63474,    49
40939.6834606,  0.18288, 49147,    49
40939.6960069,  0.33537, 32926,    48
40939.7136458,  0.52154, 49147,    61
40939.7795139,  0.97485, 64382,    62
40939.7892130,  0.54004,  6713,    62
40939.7927546,  0.35405, 57730,    61
40939.8300116,  0.90270, 65011,    49
40939.8548843,  0.71428,  9177,    61
40939.8591088,  0.91226, 64382,    49
40939.9141782,  0.22766, 49147,    62
40939.9142130,  0.31961, 49147,    49
40939.9879167,  0.27617, 57730,    49
40940.0341435,  0.06283, 49147,    60
40940.0962731,  0.46358, 12368,    63
40940.1009375,  0.32769,   769,    49
40940.1874190,  0.71803, 64382,    62
40940.2363079,  0.84098, 49147,    49
40940.2724306,  0.33403, 63474,    62
40940.2775231,  0.48590, 28775,    62
40940.2816898,  0.13147, 28775,    63
40940.3699884,  0.23241, 28775,    62
40940.3811574,  0.79838, 58376,    62
40940.4469329,  0.55209, 49147,    62
40940.5059954,  0.19207, 64382,    62
40940.5296065,  0.35035, 49662,    62
40940.5721875,  0.99045, 16366,    62
40940.5861921,  0.08455, 16366,    62
40940.5899074,  0.98752, 64382,    52
40940.5940394,  0.55744, 49147,    49
40940.6286343,  0.16514, 49147,    49
40940.6996296,  0.79907, 49147,    50
40940.7854745,  0.56990, 64382,    49
40940.8138889,  0.30492, 49147,    62
40940.8278819,  0.81182, 49147,    49
40940.8493519,  0.54787, 35449,    59
40940.8765856,  0.14042, 49147,    50
40940.8772338,  0.71313, 24358,    49
40940.8815278,  0.26637, 49147,    49
40940.9022454,  0.34752,  6713,    49
40940.9164005,  0.42722, 49147,    50
40941.0614583,  0.27077, 49147,    62
40941.0863773,  0.26961, 57730,    49
40941.0870602,  0.76514, 65011,    49
40941.1976042,  0.21317, 49147,    62
40941.2273380,  0.20299, 49147,    61
40941.2273611,  0.67787, 16580,    55
40941.2704745,  0.72496, 64382,    49
40941.2888079,  0.38644, 49147,    49
40941.3116782,  0.61944, 12678,    49
40941.3555093,  0.77275, 39056,    49
40941.4970718,  0.74882,  3098,    49
40941.5072801,  0.75544, 49147,    48
40941.5250347,  0.39278, 49147,    49
40941.5290046,  0.76154, 61402,    51
40941.5786458,  0.45861,   769,    90
40941.6425000,  0.01922, 63474,    48
40941.7769907,  0.88406, 49147,    63
40941.8385880,  0.62877, 16366,    49
40941.9892245,  0.63261, 64382,    50
40942.0395139,  0.68817, 57787,    62
40942.1396412,  0.86078, 49662,    49
40942.1775810,  0.10541,  1291,    82
40942.2091667,  0.34680,  9177,    60
40942.3045833,  0.11333, 49147,    62
40942.3420833,  0.16733, 47595,    49
40942.3639468,  0.05309,  4114,    49
40942.4915856,  0.12885, 16366,    50
40942.5027315,  0.16889, 49147,    49
40942.5635880,  0.03180, 49147,    62
40942.5637153,  0.03024, 49147,    62
40942.5765046,  0.24033, 49147,    49
40942.5790162,  0.53647, 49147,    49
40942.6204398,  0.13046, 64382,    62
40942.7395718,  0.48904, 49147,    62
40942.7614699,  0.86071, 49147,    49
40942.7653588,  0.63643,  9177,    49
40942.7933796,  0.85372, 36809,    49
40942.8030093,  0.97624,  5087,    48
40942.8944907,  0.00446, 49147,    48
40942.9076736,  0.00154, 64382,    49
40942.9406250,  0.85159,  1291,    49
40943.0282292,  0.50942, 24358,    58
40943.0550694,  0.34416, 64382,    61
40943.0687616,  0.77399, 64382,    62
40943.0960532,  0.98610, 54188,    48
40943.1200000,  0.17078, 64382,    49
40943.1547569,  0.97698, 48641,    48
40943.2088889,  0.96791, 25061,    49
40943.2236227,  0.05117, 64382,    48
40943.2373611,  0.65243, 64382,    49
40943.3443750,  0.85802, 49147,    52
40943.3646644,  0.77930, 64382,    49
40943.3910417,  0.24600, 64382,    49
40943.4520486,  0.35030, 30864,    62
40943.5047454,  0.00449, 16580,    62
40943.5263889,  0.69986, 49147,    48
40943.5808102,  0.87866, 48611,    49
40943.6262153,  0.42926, 60792,    62
40943.6392708,  0.11333, 63474,    61
40943.6769907,  0.91072, 16580,    61
40943.7065509,  0.72743, 57730,    75
40943.8038079,  0.93364, 64382,    52
40943.9169907,  0.68253, 35842,    49
40944.0201620,  0.40653, 63474,    48
40944.0235185,  0.36213, 49147,    62
40944.0309606,  0.77169, 16580,    49
40944.0791435,  0.81040, 64382,    49
40944.0889583,  0.14623,  9177,    49
40944.1955324,  0.84482, 49147,    49
40944.2009144,  0.39199, 64382,    48
40944.2338310,  0.84707, 49147,    48
40944.2573380,  0.50558, 59852,    49
40944.2817593,  0.29441,  9177,    62
40944.3079745,  0.49884, 64382,    63
40944.3635995,  0.71467, 39056,    61
40944.3637731,  0.49903, 39056,    60
40944.3792940,  0.99818, 64382,    61
40944.4377778,  0.28061, 45186,    49
40944.4658912,  0.96198,  3098,    62
40944.4704167,  0.15547, 49147,    47
40944.4739931,  0.74443, 49147,    61
40944.4786111,  0.00619, 49147,    60
40944.5663657,  0.17568, 64382,    49
40944.5664815,  0.47356, 64382,    62
40944.5720602,  0.29510, 28775,    48
40944.6815856,  0.29349, 20999,    62
40944.8653704,  0.15384, 49147,    49
40944.8668634,  0.25685, 64382,    49
40944.8997454,  0.69151, 28775,    48
40944.9729398,  0.26397,  3985,    49
40944.9891782,  0.35208, 49147,    48
40945.0245718,  0.36638, 16366,    48
40945.0414236,  0.97790, 49147,    61
40945.0455671,  0.40874,  9177,    48
40945.0925116,  0.14148, 16366,    49
40945.1528588,  0.49320, 63474,    62
40945.1883102,  0.35325, 49147,    49
40945.2083681,  0.29630,  3985,    62
40945.2355787,  0.92687, 49147,    52
40945.2771875,  0.31075, 49147,    62
40945.2807870,  0.92596, 64382,    49
40945.3078704,  0.23978, 49147,    61
40945.3273264,  0.92699,  5087,    48
40945.3966667,  0.86440, 35842,    50
40945.4860764,  0.14249, 30864,    61
40945.4951620,  0.72213, 63474,    48
40945.5014815,  0.04570, 65011,    48
40945.5512384,  0.74632, 49147,    62
40945.5774653,  0.35923, 49147,    48
40945.5857870,  0.87381, 48641,    48
40945.6066088,  0.65632, 33123,    56
40945.6218056,  0.16749, 64382,    49
40945.6673032,  0.11518, 49147,    48
40945.6941435,  0.66235, 15886,    48
40945.7080093,  0.51055, 64382,    49
40945.7082060,  0.14923, 64382,    62
40945.7569329,  0.05928, 57730,    49
40945.8296528,  0.82780, 48641,    49
40945.8446759,  0.36809, 64382,    48
40945.9089468,  0.75165, 49147,    49
40945.9565625,  0.20121, 13820,    48
40945.9796644,  0.02071, 49147,    62
40946.0518634,  0.11866,  9177,    48
40946.0928935,  0.20354, 49147,    49
40946.1781597,  0.31965, 16366,    62
40946.2627546,  0.27343, 49147,    48
40946.3063542,  0.62366, 65011,    49
40946.4273380,  0.59887,  3985,    48
40946.5445833,  0.53925, 64382,    49
40946.5469907,  0.72976, 49147,    62
40946.5674884,  0.75669, 64382,    60
40946.5751620,  0.27141,  9177,    62
40946.6771991,  0.55036, 64382,    48
40946.7432986,  0.32690,  3985,    62
40946.8551042,  0.59832, 49662,    49
40946.8685764,  0.45223, 49147,    48
40946.9027431,  0.76459, 48641,    48
40946.9216898,  0.66319, 64382,    49
40947.0336458,  0.90282, 48641,    61
40947.0409375,  0.85855, 54846,    49
40947.0574074,  0.01457, 64382,    49
40947.0685995,  0.38524, 49147,    62
40947.1201389,  0.55622, 49147,    49
40947.2257292,  0.10565, 64382,    57
40947.2545023,  0.90887,  9177,    62
40947.3005671,  0.81772, 64382,    53
40947.3491088,  0.53688, 33914,    48
40947.3977778,  0.09245, 62222,    47
40947.6375000,  0.12705, 49147,    62
40947.7894097,  0.60808, 49147,    49
40947.8237384,  0.81683, 64382,    56
40947.8271528,  0.19397, 63474,    49
40947.9748380,  0.97778, 64382,    59
40947.9875810,  0.18297,  9177,    62
40947.9959375,  0.74915, 48641,    62
40947.9986458,  0.24024, 49147,    61
40948.0076505,  0.53652, 10363,    49
40948.0502199,  0.39866, 49147,    49
40948.0617824,  0.05657, 63474,    48
40948.1393866,  0.34795, 49147,    48
40948.1614583,  0.46310, 49147,    48
40948.1687963,  0.57835, 64382,    61
40948.2434028,  0.22202, 63808,    48
40948.2601389,  0.66907, 49147,    48
40948.2943403,  0.72364,  3985,    48
40948.3336690,  0.42235, 49147,    49
40948.3688657,  0.48216, 49147,    61
40948.3798958,  0.36703, 22563,    48
40948.4012037,  0.95788, 49147,    61
40948.4696644,  0.52696, 49147,    62
40948.4918056,  0.78220, 62222,    49
40948.5107639,  0.66856, 64382,    48
40948.5140394,  0.15110, 64797,    62
40948.6887384,  0.65289, 12678,    48
40948.8611458,  0.76125, 49147,    48
40948.8829167,  0.04265, 12678,    61
40948.9196181,  0.36701, 49147,    61
40949.0467593,  0.51288, 65011,    62
40949.0474537,  0.92157, 62222,    61
40949.0566204,  0.64504, 64382,    48
40949.1227315,  0.10901, 65011,    48
40949.1517593,  0.04826, 64382,    62
40949.1699653,  0.94737, 48641,    62
40949.1954282,  0.53839, 49147,    48
40949.2506134,  0.26961, 33182,    49
40949.2661690,  0.76324, 20681,    49
40949.2962616,  0.36581, 64382,    48
40949.3225694,  0.61132,  9177,    62
40949.3354861,  0.88245, 49147,    49
40949.3681250,  0.58454, 64382,    61
40949.3894213,  0.37526, 16366,    48
40949.4329282,  0.86265, 49147,    62
40949.4537963,  0.30494, 64382,    61
40949.4593056,  0.38620, 64382,    51
40949.4607870,  0.00960, 64382,    52
40949.5561458,  0.42962,   799,    49
40949.5999190,  0.03257,  9177,    49
40949.6090625,  0.50049, 49147,    61
40949.6166204,  0.26292,  3098,    48
40949.6352546,  0.45991, 64382,    62
40949.6359144,  0.57235,  6713,    63
40949.6682523,  0.45374, 49147,    48
40949.7028588,  0.44800, 49147,    48
40949.7434838,  0.92723, 49662,    61
40949.7742824,  0.01476, 33182,    62
40949.8337731,  0.21093, 15695,    49
40949.8557870,  0.36861, 15695,    48
40949.8632407,  0.69662, 64382,    49
40949.9520255,  0.87556, 30864,    48
40949.9678356,  0.10596,  3985,    48
40950.0280208,  0.77073, 57204,    49
40950.0298843,  0.80025, 64382,    49
40950.0355903,  0.54052, 64382,    61
40950.0892361,  0.52632, 35678,    48
40950.1330208,  0.95778, 64382,    60
40950.2093519,  0.59380, 49147,    48
40950.2665625,  0.09122, 64382,    48
40950.2666551,  0.35491, 64382,    60
40950.2709375,  0.84779, 64382,    49
40950.2841204,  0.09058, 28775,    49
40950.3334838,  0.80332, 49147,    62
40950.3786574,  0.01570, 49147,    49
40950.3882523,  0.67509, 64382,    48
40950.3937847,  0.12437,  9177,    50
40950.4192824,  0.25351, 64382,    61
40950.4320139,  0.57787, 16366,    61
40950.4721296,  0.99076, 62222,    48
40950.4795833,  0.76879, 39056,    48
40950.5031019,  0.91732, 64382,    49
40950.6383681,  0.14491,  5087,    61
40950.6398380,  0.43447, 48641,    48
40950.6706597,  0.67015, 64382,    48
40950.6851620,  0.23815, 49147,    48
40950.7670602,  0.90618, 49147,    49
40950.7713426,  0.13229, 49147,    49
40950.8974769,  0.13365, 50144,    61
40950.9892824,  0.05249, 48641,    62
40950.9899769,  0.25668, 64382,    60
40951.0459606,  0.47659, 50144,    48
40951.1041898,  0.94144, 28775,    48
40951.1100810,  0.04387, 64382,    48
40951.1102546,  0.10397, 64382,    48
40951.1153009,  0.19056, 16366,    61
40951.1154167,  0.85113, 16366,    61
40951.1208681,  0.56829, 49147,    48
40951.1317245,  0.16171, 64382,    47
40951.1329861,  0.27785, 49147,    61
40951.1572801,  0.59232, 39056,    48
40951.2139120,  0.48333, 16366,    53
40951.2917361,  0.06338, 64382,    48
40951.3036111,  0.74596,  3098,    49
40951.4246065,  0.97103, 49147,    49
40951.4709375,  0.33741,  9177,    49
40951.6325579,  0.21393, 14369,    48
40951.6379745,  0.30593, 49147,    48
40951.6477662,  0.65099, 15613,    49
40951.7316088,  0.13509, 11664,    48
40951.7559259,  0.88418, 30864,    62
40951.7798843,  0.20724, 16366,    49
40951.7893519,  0.49730, 49147,    62
40951.8409954,  0.38841, 64382,    49
40952.1190162,  0.23743, 49147,    48
40952.1304514,  0.66443, 15230,    62
40952.3202546,  0.69465, 50380,    62
40952.4368634,  0.09720, 43324,    49
40952.5536806,  0.38892, 22563,    62
40952.5538426,  0.95094, 16580,    48
40952.5727546,  0.88631, 12678,    49
40952.5926505,  0.51033, 63430,    49
40952.6168750,  0.47728, 49147,    62
40952.6201042,  0.21799, 63474,    49
40952.6739699,  0.31725, 48611,    49
40952.8533449,  0.37855, 49147,    62
40952.8650579,  0.92109, 64382,    53
40952.8891898,  0.62618, 49147,    62
40952.9374190,  0.96450,  3098,    48
40952.9628819,  0.12466, 16366,    62
40952.9682870,  0.71167, 62606,    49
40953.0234491,  0.20945, 28775,    50
40953.0403935,  0.62116, 64382,    48
40953.0939005,  0.16445, 64382,    49
40953.1040162,  0.72907, 27150,    62
40953.1367593,  0.79137, 25115,    48
40953.1753241,  0.14352, 49147,    62
40953.2052894,  0.22879, 64382,    49
40953.2185995,  0.14318, 64382,    49
40953.2627778,  0.56635, 13820,    62
40953.2851273,  0.69645, 36809,    50
40953.3137384,  0.06991, 28775,    49
40953.3389120,  0.33233, 49147,    49
40953.3636458,  0.43255, 11396,    48
40953.3655208,  0.43096, 63474,    49
40953.4272338,  0.72959, 63474,    61
40953.4521528,  0.55192, 49147,    59
40953.4589815,  0.32637, 53243,    49
40953.5040972,  0.10109, 49147,    58
40953.5208796,  0.51931, 49147,    49
40953.5464468,  0.92925, 49147,    62
40953.5508218,  0.57571, 33412,    48
40953.5573148,  0.42232, 11869,    49
40953.7063773,  0.07622, 49147,    62
40953.7307176,  0.42247, 63474,    48
40953.8059375,  0.76207, 64382,    48
40953.8230787,  0.27785, 49147,    63
40953.8528819,  0.81616, 49147,    49
40953.8531829,  0.01195, 49147,    62
40953.9189468,  0.46656, 53221,    48
40953.9699421,  0.02935, 49147,    49
40953.9947222,  0.63806, 64382,    62
40954.0174074,  0.69391, 16366,    62
40954.1566435,  0.89438,  9177,    49
40954.2657755,  0.13087, 49147,    48
40954.2830093,  0.76605, 64382,    50
40954.3809144,  0.35743, 16366,    49
40954.4705324,  0.82677, 64382,    48
40954.4708102,  0.22032, 64382,    62
40954.4802315,  0.28032, 13268,    61
40954.6006713,  0.91278, 49147,    48
40954.6296875,  0.97883, 41860,    49
40954.6814931,  0.05998, 49147,    62
40954.7028588,  0.08510, 36809,    62
40954.7057755,  0.28956, 49147,    61
40954.7792245,  0.22975, 59746,    62
40954.8053935,  0.21770, 49147,    62
40954.8162847,  0.34353, 49147,    62
40954.8618981,  0.13051, 63474,    49
40954.8752778,  0.29465,  3098,    49
40954.9036921,  0.69719, 49147,    61
40955.0512731,  0.46269,  9447,    48
40955.0543403,  0.01954, 64382,    63
40955.0675926,  0.74731, 49147,    48
40955.1458681,  0.26916,  3098,    62
40955.1461227,  0.86265, 49147,    62
40955.1471875,  0.73972, 49147,    62
40955.1634954,  0.51002, 49147,    62
40955.1709028,  0.66187, 59852,    63
40955.3683565,  0.88418, 64382,    62
40955.4109028,  0.45823, 12368,    50
40955.4394213,  0.74263, 16366,    62
40955.4523958,  0.74553, 49147,    48
40955.4621412,  0.44822, 64382,    50
40955.4983796,  0.19809, 49147,    48
40955.5157523,  0.26301, 53243,    48
40955.5612616,  0.22898, 49147,    49
40955.5975579,  0.29301, 28775,    48
40955.5977778,  0.29102, 16366,    49
40955.6516435,  0.89826, 53243,    61
40955.7067593,  0.23491, 16366,    49
40955.7802546,  0.83829, 49147,    48
40955.8552083,  0.92848, 33123,    56
40955.9058681,  0.61101, 64382,    62
40955.9159144,  0.02026, 49147,    49
40955.9259491,  0.17921, 49147,    62
40955.9746991,  0.64029, 64382,    61
40955.9778935,  0.69847, 49147,    62
40956.0697801,  0.71186, 24453,    49
40956.1416204,  0.56702, 64382,    48
40956.2154167,  0.95934, 49147,    48
40956.2172917,  0.96772, 49147,    62
40956.2197685,  0.85960, 49147,    59
40956.2303472,  0.10452, 64382,    49
40956.2304282,  0.56443, 64382,    50
40956.2305440,  0.18504, 64382,    62
40956.2441551,  0.48448, 28775,    61
40956.2963194,  0.52752,  6713,    62
40956.4251505,  0.14767, 49147,    49
40956.4400694,  0.43848, 49147,    62
40956.4708681,  0.89517, 64382,    49
40956.5397569,  0.50224, 14369,    49
40956.5841204,  0.47904, 49147,    61
40956.6416782,  0.51331, 16366,    62
40956.6751620,  0.25989, 17926,    62
40956.7249884,  0.55461, 64382,    48
40956.7339352,  0.62414, 64382,    48
40956.7568171,  0.15693, 64382,    61
40956.7769792,  0.56088, 49147,    48
40956.9688194,  0.66379, 53243,    48
40957.0598380,  0.72446,  9177,    53
40957.0910301,  0.43504, 16366,    49
40957.1390625,  0.52195, 12678,    62
40957.1452199,  0.36036, 48641,    62
40957.2023032,  0.78103, 49147,    62
40957.2210880,  0.88876, 49147,    62
40957.2212500,  0.61188, 49147,    61
40957.2983449,  0.98442, 49147,    49
40957.3028819,  0.20935, 49147,    49
40957.3526273,  0.28375, 64382,    49
40957.3626042,  0.78254, 43617,    61
40957.3648148,  0.25963, 49147,    48
40957.4274421,  0.32136, 64382,    48
40957.6114699,  0.49740, 49147,    61
40957.6439005,  0.13176,  7657,    49
40957.7002894,  0.39050,  9177,    49
40957.7354514,  0.28154, 64382,    62
40957.7359028,  0.20426, 14369,    48
40957.7360764,  0.28550, 14369,    48
40957.7522106,  0.36437, 64382,    49
40957.7522801,  0.41793, 64382,    62
40957.7749190,  0.55646, 49147,    61
40957.8071528,  0.38078, 50380,    62
40957.9256019,  0.01747, 65011,    51
40957.9344097,  0.23673, 49147,    48
40957.9595602,  0.60571, 39327,    50
40958.0278819,  0.75667, 46068,    62
40958.0860880,  0.75983, 33182,    49
40958.0876620,  0.43519, 64382,    49
40958.1613079,  0.42232, 64382,    49
40958.1792477,  0.46735, 64382,    62
40958.1838889,  0.95457, 49147,    48
40958.2211574,  0.85965, 14369,    48
40958.2301736,  0.97127, 50144,    48
40958.2698032,  0.02383, 16366,    62
40958.3572917,  0.83039, 49147,    49
40958.4006944,  0.05194,  9177,    50
40958.4466204,  0.93803, 49147,    47
40958.4775463,  0.13963, 64382,    48
40958.4950463,  0.47148,  5087,    49
40958.4989583,  0.65227, 64382,    61
40958.5516898,  0.93040, 64382,    49
40958.6311343,  0.36024, 62993,    49
40958.6719676,  0.08748, 49147,    59
40958.6948264,  0.48554, 64382,    50
40958.7804977,  0.22075, 57204,    48
40958.7808565,  0.48876, 19739,    49
40958.8217245,  0.87163, 53243,    62
40958.8584259,  0.31735, 49147,    62
40958.9986343,  0.39523, 63430,    49
40959.0385648,  0.41428, 64382,    49
40959.0582523,  0.94641, 12368,    50
40959.1198958,  0.36393, 64382,    62
40959.1206944,  0.76271, 16580,    48
40959.1222685,  0.84717, 53243,    48
40959.1610532,  0.25773, 49147,    48
40959.1611690,  0.98807, 49147,    49
40959.2107176,  0.70243, 64382,    48
40959.2142245,  0.98793, 25115,    62
40959.2143287,  0.86462, 58376,    62
40959.3134954,  0.63158, 64382,    48
40959.3507639,  0.61216, 49662,    62
40959.4017824,  0.31202,  3985,    62
40959.4122685,  0.24693, 49147,    62
40959.4263657,  0.47594, 49147,    48
40959.4755324,  0.05866, 25315,    63
40959.5042361,  0.60309, 64382,    58
40959.5043519,  0.66076, 49147,    49
40959.5043750,  0.56412, 64382,    48
40959.5299421,  0.68644, 64382,    49
40959.5923958,  0.08484, 27725,    48
40959.6023032,  0.72902,  9177,    62
40959.6167593,  0.10414, 49147,    48
40959.6335301,  0.37785,  9177,    49
40959.6792824,  0.10517, 35449,    48
40959.6809259,  0.46773,  3098,    47
40959.7379282,  0.40886, 65525,    48
40959.7406944,  0.09931, 16580,    60
40959.7494444,  0.42278, 12678,    62
40959.7778356,  0.54492, 64382,    61
40959.8045949,  0.75964, 49147,    59
40959.8432523,  0.79617, 64382,    49
40959.8433333,  0.90078, 64382,    49
40959.8927315,  0.96076, 49147,    62
40960.0614468,  0.47628, 24838,    61
40960.0770139,  0.83020, 49147,    62
40960.0823611,  0.75739, 49147,    56
40960.0899190,  0.72947, 30864,    48
40960.1070718,  0.06067,  3985,    56
40960.1072917,  0.52041,  3985,    51
40960.1168287,  0.97540,  9447,    49
40960.2487616,  0.12216, 49147,    48
40960.2650579,  0.30650, 49147,    48
40960.3926157,  0.63434, 63474,    49
40960.4592940,  0.71212, 41498,    62
40960.5004398,  0.10200, 49147,    49
40960.5252431,  0.49197,  3985,    49
40960.5561227,  0.67706, 29526,    49
40960.5644907,  0.71642, 17926,    48
40960.6112500,  0.80397, 49147,    62
40960.6781944,  0.79927,  9177,    62
40960.7002662,  0.05220, 49147,    62
40960.7148843,  0.41712, 64382,    48
40960.7634144,  0.41366, 49147,    62
40960.7743866,  0.66590,  2524,    58
40960.7894444,  0.26028, 64382,    49
40960.9031713,  0.88677, 49147,    65
40960.9448380,  0.00386, 47595,    49
40960.9643866,  0.34543, 57787,    48
40961.0058912,  0.21739, 49147,    48
40961.0151389,  0.89380, 49147,    49
40961.0823264,  0.23777,  5087,    49
40961.1055787,  0.07891,  9177,    48
40961.1403704,  0.64526, 49147,    49
40961.1508912,  0.62104, 64382,    62
40961.1632755,  0.75883, 49147,    50
40961.2327778,  0.41707, 49147,    48
40961.2800463,  0.25975, 64382,    49
40961.3097454,  0.49056, 64382,    49
40961.3465972,  0.53582, 12678,    49
40961.3931713,  0.64288, 33652,    61
40961.4596181,  0.60400, 16366,    49
40961.4761806,  0.86443, 64382,    58
40961.4763194,  0.65469, 64382,    48
40961.5800231,  0.75743, 22496,    61
40961.5943171,  0.54751, 49147,    48
40961.6154167,  0.26465, 64382,    48
40961.7253588,  0.57093, 64382,    61
40961.7918866,  0.87750,  9177,    60
40961.8140162,  0.09763, 64382,    48
40961.8145370,  0.42772, 49147,    48
40961.8471296,  0.14061,  3985,    48
40961.8562616,  0.27146, 49147,    48
40961.8727431,  0.47529, 48641,    48
40961.9377083,  0.21002, 20681,    61
40961.9541551,  0.45928, 49147,    48
40961.9606019,  0.10922, 64382,    61
40961.9824306,  0.67341, 64382,    61
40961.9919676,  0.98634, 49147,    49
40962.0259259,  0.65555, 16366,    49
40962.0294213,  0.49267, 49147,    48
40962.1870949,  0.72424, 22052,    59
40962.3417361,  0.52749, 35842,    61
40962.4604398,  0.04164, 65525,    49
40962.4727662,  0.26808, 64382,    48
40962.4847801,  0.22797, 49147,    49
40962.7220602,  0.42988, 49147,    48
40962.7332407,  0.64190, 49147,    49
40962.7680324,  0.92279, 36809,    63
40962.7872685,  0.28313, 49147,    60
40962.8304861,  0.77699, 28775,    62
40962.8715162,  0.44839, 49147,    60
40962.8829167,  0.92282,  9177,    49
40962.8831713,  0.33900,  9177,    48
40962.8834375,  0.17925,  9177,    48
40962.8925694,  0.59208, 63474,    49
40962.9177662,  0.22841, 64382,    48
40962.9376620,  0.84566, 15886,    62
40962.9687731,  0.75729, 49147,    61
40962.9784606,  0.49852, 24838,    58
40963.0138773,  0.75038, 16366,    52
40963.0362269,  0.13973,  7631,    48
40963.0373264,  0.91120, 49147,    49
40963.1278356,  0.77980, 49147,    61
40963.1451505,  0.20781, 14369,    48
40963.1549306,  0.29875, 49147,    48
40963.1562037,  0.25157, 63474,    48
40963.2708449,  0.16082, 64382,    61
40963.2769560,  0.00823, 33774,    48
40963.3075231,  0.47035, 49147,    49
40963.3166204,  0.48523, 49147,    61
40963.3567361,  0.33007, 65525,    62
40963.3722222,  0.96702,  5087,    48
40963.4191204,  0.61485, 28775,    48
40963.4565741,  0.03233, 64382,    48
40963.4794444,  0.30979, 64382,    49
40963.4891667,  0.15823,  3985,    57
40963.5658102,  0.59140, 35842,    49
40963.5685301,  0.84247, 63474,    54
40963.6188194,  0.05789, 49662,    49
40963.6462963,  0.81095, 49147,    48
40963.7132986,  0.26491, 49147,    48
40963.7536343,  0.05794, 49147,    61
40963.7636111,  0.83327, 49147,    62
40963.8353356,  0.16663, 49147,    62
40963.8810069,  0.66081, 49147,    62
40963.8815741,  0.45772, 62993,    49
40963.9106481,  0.09787, 64382,    49
40963.9769907,  0.24410, 64382,    49
40963.9916898,  0.42124,  9177,    49
40963.9934722,  0.69863, 15230,    48
40964.0220139,  0.09391, 49662,    58
40964.0674884,  0.86327, 63474,    59
40964.0719560,  0.49891, 63474,    62
40964.1308912,  0.34781, 24838,    49
40964.1521181,  0.77822, 16366,    48
40964.2054630,  0.94626, 62925,    62
40964.2157060,  0.06910, 49147,    61
40964.2201968,  0.48384, 15886,    49
40964.2230324,  0.93690,  4274,    48
40964.3455787,  0.65001, 49147,    62
40964.3460069,  0.51381, 14369,    48
40964.3893981,  0.18585,  9177,    62
40964.4391319,  0.24957, 64382,    62
40964.6091782,  0.87549, 49147,    62
40964.6370949,  0.86553, 39056,    48
40964.6717245,  0.68435,  7657,    62
40964.7097454,  0.02378, 64797,    48
40964.7824421,  0.77939, 49147,    48
40964.7945023,  0.73936, 64382,    62
40964.8941898,  0.22999, 39327,    59
40964.9076273,  0.50587, 64382,    48
40965.0037963,  0.00317, 49147,    52
40965.0057755,  0.51444, 10363,    61
40965.0115394,  0.29633, 48641,    48
40965.0925116,  0.45708, 12678,    62
40965.0957176,  0.98385, 49147,    48
40965.1414583,  0.22063, 64382,    62
40965.2166782,  0.74659, 37199,    62
40965.3966898,  0.62270, 14085,    58
40965.4161690,  0.30744, 64382,    49
40965.4271412,  0.14165, 49147,    62
40965.4575231,  0.66688, 49147,    62
40965.4650926,  0.61243, 16580,    48
40965.4771412,  0.27624, 49147,    49
40965.4814699,  0.66441, 64382,    62
40965.5978819,  0.59534, 64382,    62
40965.6578241,  0.41625, 49147,    46
40965.6638773,  0.64245, 49147,    49
40965.6693750,  0.97530, 49147,    61
40965.6794560,  0.15871,  1903,    61
40965.6807755,  0.53251, 65525,    61
40965.7163889,  0.04678, 49147,    49
40965.7762269,  0.51151, 15695,    48
40965.7799074,  0.24213,  7631,    61
40965.9672917,  0.35419, 57730,    62
40966.0309259,  0.00427, 49147,    49
40966.0720718,  0.73408, 49147,    48
40966.0961458,  0.08100, 36894,    62
40966.1682407,  0.52711, 64382,    61
40966.2304398,  0.45184, 12678,    60
40966.2719676,  0.29762, 64382,    51
40966.2857870,  0.40648, 28775,    48
40966.3385880,  0.38436, 16366,    48
40966.3725231,  0.16913, 63474,    48
40966.3868056,  0.29525, 49147,    48
40966.4124537,  0.51955, 50380,    61
40966.4392477,  0.96282, 49147,    50
40966.4611458,  0.41577, 49147,    61
40966.4807523,  0.19661, 49147,    48
40966.4909954,  0.31788, 49147,    48
40966.5209606,  0.69587,  5087,    49
40966.5927894,  0.99482,  9177,    59
40966.6643750,  0.25001,   799,    49
40966.6732523,  0.37552,  3985,    49
40966.6850116,  0.83793, 11039,    50
40966.7043403,  0.98253, 64382,    60
40966.7754051,  0.46864, 28775,    48
40966.7787963,  0.92426,   769,    48
40966.8947801,  0.78451, 58376,    48
40966.9142940,  0.31445, 29762,    62
40966.9156713,  0.32018, 64382,    49
40966.9554514,  0.50983, 25869,    48
40966.9749074,  0.66638, 28775,    48
40966.9818866,  0.76216, 64382,    48
40967.0118981,  0.29462, 49147,    61
40967.0183565,  0.93652, 22563,    58
40967.0494907,  0.71659, 24838,    48
40967.0685764,  0.03386, 28775,    51
40967.1811690,  0.49041, 39056,    48
40967.1975694,  0.21701, 49147,    49
40967.1977662,  0.46269, 49147,    62
40967.2128588,  0.88360,  5087,    48
40967.2321991,  0.04080, 49147,    48
40967.3232639,  0.04471, 53243,    48
40967.3557407,  0.49240, 64382,    48
40967.3871296,  0.62416, 64382,    57
40967.4126157,  0.54504, 48641,    49
40967.4897106,  0.17678, 62222,    48
40967.5071065,  0.46797, 59852,    61
40967.5136574,  0.00199, 49147,    57
40967.5369560,  0.03972, 49147,    48
40967.6053704,  0.09595, 64382,    48
40967.6281829,  0.46752, 64382,    48
40967.6282292,  0.00612, 64382,    48
40967.6451505,  0.87211, 36809,    48
40967.6539236,  0.84976, 64382,    48
40967.7178241,  0.11681,   799,    61
40967.7349306,  0.65738, 16366,    63
40967.7469907,  0.06106, 49147,    48
40967.8206597,  0.85322, 15886,    48
40967.8818056,  0.90736, 49147,    61
40967.9168171,  0.87959, 16366,    48
40967.9242130,  0.07694, 64382,    62
40968.0480903,  0.62659, 23579,    61
40968.0731944,  0.24881, 49147,    48
40968.1050000,  0.93242, 14369,    61
40968.1131366,  0.53880, 49147,    48
40968.1395949,  0.22409,  3098,    62
40968.1861343,  0.44277, 48641,    61
40968.2392361,  0.00727, 16580,    62
40968.2741551,  0.87743, 22563,    61
40968.2868171,  0.12734, 57730,    48
40968.2890509,  0.71474, 36894,    48
40968.4035069,  0.32294, 16366,    62
40968.4217014,  0.47589, 16366,    62
40968.4527778,  0.07975, 49147,    48
40968.4721759,  0.83498, 16366,    61
40968.5719444,  0.54588, 35842,    48
40968.5756134,  0.07493, 49147,    48
40968.5758218,  0.97283, 49147,    49
40968.5814468,  0.49072, 49147,    62
40968.6185417,  0.71848,  9177,    48
40968.6517245,  0.60028, 14369,    49
40968.7300810,  0.29402, 16366,    61
40968.7433102,  0.53635, 64382,    62
40968.7684838,  0.66883, 64382,    48
40968.7885417,  0.84571, 49147,    48
40968.8206019,  0.68644, 49147,    48
40968.9090972,  0.79312, 49147,    62
40968.9093519,  0.63765, 49147,    49
40969.0332407,  0.04565, 62222,    48
40969.0591898,  0.92718, 49147,    62
40969.0788194,  0.45549,  3985,    48
40969.1288657,  0.51974, 64382,    48
40969.2292245,  0.71241, 28775,    62
40969.2571528,  0.88782, 64382,    62
40969.2650231,  0.25824, 64382,    62
40969.2818981,  0.75638, 49147,    49
40969.3042940,  0.53604, 27293,    49
40969.3434375,  0.68889, 64382,    62
40969.3691667,  0.64502, 39056,    48
40969.3807176,  0.50138, 36676,    49
40969.4461806,  0.77123,  5087,    63
40969.4815046,  0.07183, 49147,    49
40969.4965162,  0.53162, 63430,    48
40969.5328588,  0.46936, 49147,    62
40969.5600694,  0.30576, 32926,    48
40969.6367130,  0.74913,  3985,    49
40969.6768519,  0.35498, 64382,    49
40969.7176736,  0.00626, 49147,    61
40969.7400694,  0.75775, 59852,    49
40969.7659606,  0.69638, 49147,    49
40969.7836458,  0.20801, 64382,    49
40969.7851389,  0.54900, 14369,    48
40969.8561690,  0.01848,  3098,    49
40969.9761227,  0.68323, 15230,    48
40970.0201157,  0.40336, 49147,    49
40970.0453819,  0.21905, 49147,    49
40970.0582986,  0.50402, 65333,    53
40970.0798727,  0.53853, 49147,    48
40970.0807060,  0.60916, 64382,    63
40970.1363426,  0.63259, 49147,    49
40970.1794213,  0.02136, 49147,    48
40970.2315625,  0.27506, 12678,    49
40970.2829167,  0.39110, 65011,    48
40970.2891782,  0.29889, 64382,    48
40970.3047454,  0.59467, 49147,    62
40970.3519213,  0.91763, 63474,    63
40970.3595139,  0.11381,  9177,    49
40970.3653241,  0.94158, 64825,    49
40970.3756250,  0.56868, 28775,    49
40970.3897106,  0.45328, 15886,    48
40970.5001968,  0.70096,  9177,    48
40970.5271181,  0.65990, 16366,    49
40970.5836227,  0.40449, 29418,    49
40970.6167593,  0.71723, 63474,    62
40970.6169676,  0.23073, 64382,    81
40970.6473264,  0.75021, 28775,    62
40970.6660880,  0.35289, 64382,    47
40970.7581481,  0.78856, 64382,    49
40970.8008912,  0.80380, 65525,    49
40970.9582060,  0.97101, 16580,    62
40970.9598032,  0.61953, 36894,    62
40970.9611921,  0.60309,  2524,    62
40970.9636227,  0.90578, 49147,    49
40970.9850926,  0.84943, 63474,    49
40970.9965741,  0.32203, 49147,    63
40971.0154745,  0.53493, 49147,    49
40971.0758333,  0.63311,  9177,    62
40971.0818634,  0.66338, 14369,    62
40971.0837037,  0.67147, 49147,    49
40971.1048611,  0.10145, 64382,    62
40971.1227894,  0.78333, 64382,    49
40971.1526389,  0.00518, 16366,    62
40971.2014815,  0.85989, 49147,    62
40971.2118519,  0.44325, 64382,    48
40971.2299190,  0.13980, 62222,    62
40971.3190509,  0.41570, 63474,    49
40971.3357986,  0.82771, 49147,    49
40971.3373958,  0.07267, 16366,    48
40971.4401157,  0.74246, 64382,    49
40971.4490046,  0.08501, 49147,    51
40971.4766551,  0.09559, 15886,    62
40971.4828588,  0.01541, 22563,    62
40971.5911458,  0.63393, 30864,    49
40971.7541782,  0.62102, 49147,    49
40971.8230556,  0.14042, 16580,    48
40971.8315278,  0.09672, 64382,    62
40971.8340972,  0.37557, 49147,    62
40972.0148148,  0.22572, 63474,    49
40972.0860417,  0.06946,  9177,    61
40972.2687384,  0.55780, 10363,    62
40972.3217593,  0.59635, 24453,    48
40972.3732639,  0.64855, 49147,    60
40972.3733912,  0.71380, 49147,    61
40972.3770023,  0.79041, 57204,    62
40972.3972454,  0.48679, 49147,    49
40972.4230324,  0.77071, 39171,    62
40972.5189931,  0.11100, 64382,    49
40972.5190741,  0.21821, 64382,    48
40972.7004167,  0.33789, 64382,    48
40972.7603704,  0.28257, 16366,    62
40972.7742708,  0.27453, 65525,    62
40972.9141319,  0.59263, 64382,    62
40973.0023611,  0.21249, 64382,    48
40973.0148148,  0.50904, 49147,    48
40973.0354745,  0.10505, 64382,    49
40973.2076620,  0.74613, 64382,    48
40973.2337269,  0.41282, 57204,    48
40973.3268866,  0.62584, 57730,    48
40973.3823843,  0.32030, 57972,    61
40973.4161227,  0.40420, 64382,    49
40973.4545370,  0.88017, 49147,    48
40973.4591551,  0.05558, 14369,    48
40973.4628704,  0.44236, 15886,    48
40973.4968750,  0.81007, 49147,    48
40973.5243634,  0.03228,  3985,    62
40973.5664583,  0.06672,  4114,    62
40973.6044213,  0.48614, 49662,    51
40973.6092361,  0.81892, 16366,    49
40973.6156944,  0.59232, 49147,    48
40973.6185648,  0.86848, 49147,    48
40973.6391319,  0.37296, 49147,    45
40973.6717130,  0.79341, 63474,    48
40973.7077778,  0.24497, 49147,    61
40973.7321991,  0.46276,  3063,    53
40973.8230787,  0.55677, 64382,    48
40973.8323380,  0.08491, 49147,    62
40973.8394792,  0.81261, 49147,    48
40973.8615741,  0.28209, 16366,    48
40973.8817593,  0.29805, 49147,    60
40973.9225000,  0.64168, 49147,    61
40973.9662384,  0.23985,  9177,    61
40973.9701157,  0.46132, 30864,    47
40974.0284491,  0.81863, 49147,    62
40974.0855440,  0.86512, 64382,    61
40974.1154167,  0.56637, 12678,    48
40974.1461574,  0.62683, 49147,    48
40974.1582523,  0.31802, 20553,    48
40974.2224653,  0.96282,  5239,    48
40974.2533912,  0.21816, 64382,    48
40974.3114931,  0.21593, 16366,    49
40974.3839931,  0.97149, 49147,    46
40974.5304977,  0.85151, 16366,    60
40974.5787037,  0.28152, 28775,    45
40974.5826389,  0.02035, 49147,    60
40974.6079282,  0.48314, 49147,    61
40974.6977546,  0.13831, 49147,    47
40974.7356829,  0.24403, 49147,    46
40974.8236806,  0.61785, 14369,    47
40974.8574190,  0.44860, 49147,    61
40974.9129745,  0.34265,  3098,    46
40974.9229282,  0.12281,  9177,    60
40974.9623264,  0.51883, 49147,    47
40974.9636227,  0.77133, 64382,    47
40975.0072222,  0.85387, 64382,    62
40975.0460301,  0.34025, 30864,    48
40975.1098727,  0.75580, 42017,    48
40975.1249421,  0.80865, 14085,    50
40975.1313194,  0.00355, 10162,    48
40975.1546759,  0.42686, 64382,    48
40975.2898032,  0.32486, 49147,    46
40975.2915856,  0.93570, 63474,    46
40975.3275000,  0.37581, 49147,    62
40975.3394907,  0.56630, 64382,    60
40975.3648843,  0.64315, 35842,    46
40975.4688889,  0.63563, 28775,    46
40975.6050694,  0.27506, 65525,    47
40975.6139236,  0.88744, 57204,    62
40975.7052199,  0.01171, 49147,    61
40975.7230671,  0.52046, 64382,    47
40975.8345602,  0.17753,  3985,    48
40975.8823958,  0.69107, 53221,    61
40975.8917130,  0.71781, 64797,    61
40975.8974306,  0.54230, 64382,    48
40975.8976736,  0.91559, 64382,    48
40975.9147454,  0.96940, 49147,    48
40975.9950347,  0.62301, 33123,    60
40976.1029630,  0.26277, 49147,    48
40976.2198495,  0.00691, 16366,    48
40976.3265046,  0.55603, 65525,    61
40976.3287269,  0.54564, 64382,    61
40976.3428819,  0.20592, 24453,    61
40976.3713079,  0.49740,  9177,    48
40976.3858912,  0.77735,  1903,    48
40976.4169676,  0.05410,  3098,    48
40976.4356944,  0.37488, 49147,    48
40976.5352431,  0.81201, 49147,    48
40976.5755208,  0.72590,  9177,    48
40976.6657407,  0.50560, 49147,    59
40976.6711111,  0.75059,  5087,    48
40976.6756713,  0.11729, 64382,    48
40976.6904861,  0.58941,  9177,    52
40976.7064468,  0.04838, 57204,    48
40976.7289352,  0.39052, 12678,    48
40976.7917014,  0.71066, 64382,    49
40976.8062153,  0.62560, 64382,    63
40976.8062731,  0.02750, 64382,    49
40976.8455903,  0.23594, 33774,    61
40976.8798148,  0.25195, 64382,    48
40976.9011574,  0.72331,  3985,    47
40976.9757060,  0.71414, 49147,    58
40977.0276736,  0.13454, 22496,    48
40977.0780093,  0.33345, 57730,    49
40977.2517477,  0.20126, 25061,    62
40977.2642014,  0.16651, 49147,    50
40977.3210648,  0.97715, 63474,    48
40977.3387500,  0.23541, 49147,    48
40977.3914468,  0.07332, 45596,    61
40977.4179282,  0.28106, 63474,    48
40977.4181481,  0.42348, 63474,    48
40977.5251042,  0.96268, 64382,    61
40977.5353588,  0.17153, 64382,    48
40977.5373264,  0.64111, 16366,    61
40977.5425116,  0.99678, 28775,    60
40977.5492245,  0.92663, 49147,    48
40977.5683912,  0.89877, 30266,    48
40977.5928704,  0.85478, 64382,    48
40977.6693287,  0.41318, 49147,    48
40977.6936343,  0.31613, 49147,    48
40977.8137384,  0.73283, 49147,    48
40977.8351852,  0.49968, 20999,    48
40977.8370833,  0.43389,  9054,    50
40977.8812963,  0.64922, 49147,    61
40977.9184838,  0.78878, 49147,    48
40977.9565046,  0.93714,  7657,    48
40977.9778009,  0.32321, 49147,    47
40977.9953472,  0.23013, 49147,    61
40978.0696644,  0.96237, 28775,    48
40978.1283218,  0.85202,  6193,    48
40978.2578935,  0.64483, 35842,    61
40978.3213657,  0.57338, 49147,    48
40978.3442824,  0.75172, 16366,    48
40978.3953356,  0.29184, 64382,    61
40978.4584028,  0.51919, 65333,    61
40978.4959491,  0.85211, 64382,    63
40978.5267477,  0.28032, 64382,    61
40978.5426273,  0.71047, 49147,    48
40978.5501968,  0.06002, 24453,    48
40978.5974769,  0.68968, 63474,    49
40978.6335880,  0.28937, 35842,    48
40978.6737269,  0.77822, 49147,    62
40978.6897222,  0.59368, 64382,    62
40978.7071065,  0.65949, 64382,    61
40978.7609722,  0.35988, 64382,    49
40978.8107407,  0.74044, 64382,    49
40978.8154514,  0.47344, 12678,    62
40978.8263310,  0.39703, 49147,    48
40978.8951157,  0.05431, 24358,    62
40978.8978472,  0.69532, 64382,    62
40978.9177083,  0.40519, 64382,    59
40979.0095602,  0.67077, 27150,    48
40979.0235532,  0.52437, 16366,    59
40979.1323843,  0.68231, 22386,    61
40979.2115972,  0.16118, 64382,    48
40979.2202083,  0.51909, 16366,    62
40979.2220255,  0.05429, 58376,    48
40979.2584954,  0.29757,  9177,    49
40979.2607639,  0.57105, 53243,    62
40979.2787384,  0.40008, 64382,    51
40979.4132870,  0.51849, 35842,    48
40979.4142014,  0.00679,  9177,    48
40979.4260301,  0.75818, 49147,    52
40979.4267708,  0.41740, 49662,    48
40979.4847685,  0.94050, 16366,    62
40979.5023380,  0.72621, 58376,    48
40979.5033333,  0.82000,  6713,    51
40979.5126620,  0.20546, 12678,    48
40979.5169444,  0.26145, 49147,    48
40979.5400000,  0.25368, 49147,    62
40979.6030671,  0.44040, 10363,    61
40979.6158796,  0.11954,  5087,    61
40979.6284722,  0.42693, 49147,    49
40979.6341204,  0.23186, 12678,    48
40979.7002662,  0.72523, 49147,    48
40979.7073611,  0.55992, 64797,    60
40979.7487616,  0.16397, 49147,    48
40979.8131366,  0.41856, 64382,    59
40979.8212963,  0.31197, 64382,    48
40979.8335417,  0.02863, 53243,    62
40979.8399306,  0.17527, 49147,    62
40979.8422685,  0.39552, 65525,    62
40979.8539815,  0.32143, 64382,    49
40979.8540972,  0.10092, 64382,    61
40980.0538657,  0.15744, 49147,    61
40980.0915741,  0.55557,  9177,    62
40980.2063310,  0.02374, 65525,    61
40980.2492245,  0.83673, 48641,    61
40980.3662500,  0.60844,  5087,    61
40980.4326042,  0.79831, 62086,    62
40980.4403935,  0.47791, 64382,    61
40980.5489120,  0.57811, 49662,    61
40980.5824653,  0.50575, 28464,    48
40980.5938426,  0.19565, 49147,    62
40980.6295718,  0.76703, 14369,    48
40980.7493750,  0.80087, 49147,    62
40980.7728704,  0.22668, 16366,    52
40980.8224769,  0.50164, 28775,    48
40980.8263194,  0.95781, 63474,    48
40980.8943866,  0.06557, 49147,    61
40980.9277662,  0.69986, 64382,    48
40981.0276968,  0.99059, 16366,    61
40981.0516088,  0.73139, 49147,    61
40981.1392593,  0.92474,  7433,    48
40981.1841204,  0.30895, 49147,    61
40981.2190509,  0.86728, 64382,    60
40981.2476505,  0.01102, 64382,    62
40981.2579282,  0.91060,  2524,    59
40981.3023495,  0.41822, 49147,    49
40981.3130671,  0.77227, 32926,    57
40981.4471528,  0.83810, 64382,    51
40981.5464815,  0.04025, 63474,    48
40981.5498380,  0.13181,  9177,    48
40981.5923843,  0.56695, 49147,    62
40981.6179861,  0.28980, 12678,    50
40981.6989699,  0.77978, 64382,    59
40981.7045486,  0.91142, 64382,    48
40981.7443866,  0.39144, 27293,    58
40981.8417824,  0.53995, 27150,    93
40981.8896065,  0.31394,  9177,    48
40981.8976157,  0.30264,  5087,    62
40981.9086343,  0.27285, 54846,    48
40981.9405671,  0.77205, 63474,    50
40981.9466551,  0.03425, 15695,    48
40981.9492477,  0.05621, 20681,    48
40981.9572569,  0.61960, 48347,    48
40981.9962847,  0.35491, 33377,    61
40982.0383796,  0.96942, 64382,    62
40982.1082176,  0.18230, 28775,    48
40982.1314352,  0.56985, 28775,    62
40982.1782870,  0.11150, 49147,    48
40982.1932870,  0.13793, 14369,    48
40982.1956134,  0.48772, 11396,    49
40982.2659606,  0.56179, 64382,    48
40982.4192593,  0.09031, 64382,    48
40982.4528472,  0.99844, 49147,    62
40982.4778356,  0.93069,   769,    62
40982.4844560,  0.34281, 64382,    48
40982.4845949,  0.89913, 64382,    49
40982.5375926,  0.24036, 64382,    62
40982.5716667,  0.19617, 64382,    61
40982.5905440,  0.35577, 49147,    62
40982.6922454,  0.98447,  9177,    48
40982.8004051,  0.63345, 62222,    49
40982.8377546,  0.35805, 63474,    48
40982.8662153,  0.32505, 49147,    62
40982.9265046,  0.33192, 64382,    50
40983.0066667,  0.79423, 49662,    49
40983.0407060,  0.22085, 16366,    48
40983.0628819,  0.67029, 64382,    61
40983.0815741,  0.16593,  9177,    48
40983.1006481,  0.15341, 64382,    48
40983.1176505,  0.87597, 63474,    48
40983.2156944,  0.24866, 17926,    49
40983.2455208,  0.35414, 63474,    51
40983.2510185,  0.71301, 49147,    56
40983.3327546,  0.58891, 64382,    49
40983.3478819,  0.80445, 49147,    48
40983.3667940,  0.47198, 64382,    62
40983.4388194,  0.39324, 64382,    48
40983.4625231,  0.79264, 49147,    48
40983.4688773,  0.09703, 64382,    48
40983.4772569,  0.21141, 16366,    62
40983.5683912,  0.95908, 64382,    60
40983.6739468,  0.16099, 11396,    62
40983.7482292,  0.21566, 35842,    48
40983.7651042,  0.48672,  9177,    48
40983.7934375,  0.82603, 49147,    61
40983.8117130,  0.91490, 63474,    49
40983.8117593,  0.34591, 49147,    48
40983.8513194,  0.24480, 49147,    48
40983.8840972,  0.29513, 49147,    48
40983.8886111,  0.34032, 28775,    49
40983.9014352,  0.36895, 63474,    48
40983.9216782,  0.19370, 49147,    48
40983.9350579,  0.68791, 49147,    48
40983.9482639,  0.77829, 49147,    49
40984.0086921,  0.22178, 27150,    49
40984.0961690,  0.61490, 49147,    50
40984.1004745,  0.10805, 64382,    49
40984.1075231,  0.69431, 63808,    60
40984.1119329,  0.28845, 49147,    62
40984.1350926,  0.25565, 64382,    61
40984.1549769,  0.92867, 49147,    62
40984.1609606,  0.09034,  9177,    48
40984.1656597,  0.28205, 19739,    48
40984.1963889,  0.78328, 49147,    48
40984.2030556,  0.61008, 64382,    48
40984.2935532,  0.96105, 49147,    48
40984.3700926,  0.09912,  9177,    63
40984.3980093,  0.38452, 63474,    63
40984.4018056,  0.28915, 64382,    48
40984.4328125,  0.20304, 49147,    49
40984.4413310,  0.37279, 49147,    48
40984.4548611,  0.79989, 64382,    48
40984.4673611,  0.43953, 22496,    48
40984.4744560,  0.93842, 49147,    48
40984.5917245,  0.31481,  9177,    48
40984.6043519,  0.03420, 64382,    57
40984.6079630,  0.44829, 32926,    57
40984.6215046,  0.07260, 25315,    48
40984.7384838,  0.64125, 49147,    62
40984.8595486,  0.41515, 49147,    48
40984.8699653,  0.96575,  9177,    49
40984.8909722,  0.57784, 49147,    48
40984.9351273,  0.02978, 49147,    63
40984.9565856,  0.21578, 49147,    49
40984.9887153,  0.06499, 28775,    63
40984.9920370,  0.25569, 48757,    48
40985.0109491,  0.70641,  9177,    48
40985.0507755,  0.39962, 64382,    48
40985.0748380,  0.40120,  3985,    62
40985.1296296,  0.52778,  9177,    63
40985.1426273,  0.63763,  3985,    49
40985.1639583,  0.00934, 49147,    48
40985.2291319,  0.99530, 49147,    61
40985.3559838,  0.71805, 27150,    48
40985.3671296,  0.00893, 16366,    62
40985.3861458,  0.70732, 63474,    48
40985.4430324,  0.06427, 64382,    50
40985.5349537,  0.11587, 64382,    63
40985.5471296,  0.07692, 28775,    48
40985.7402662,  0.60732, 28775,    63
40985.7509606,  0.26678, 25869,    48
40985.7906713,  0.38328, 49147,    48
40985.7962153,  0.07294,  9177,    63
40985.8232292,  0.17006, 49147,    63
40985.8360301,  0.84638, 64382,    56
40985.8938426,  0.02933, 36809,    61
40985.8969676,  0.95565, 64382,    63
40985.9196296,  0.28339, 28775,    48
40985.9438426,  0.01421,  9177,    48
40985.9943634,  0.80930, 14085,    49
40986.0135069,  0.22543, 64382,    48
40986.0187847,  0.01032, 49147,    48
40986.0189120,  0.75556, 49147,    48
40986.0458565,  0.07176, 63474,    63
40986.0866667,  0.84967, 49147,    48
40986.2560301,  0.57710, 64382,    35
40986.3487153,  0.50760, 62222,    38
40986.3780787,  0.63225, 49147,    36
40986.3974653,  0.54669, 22386,    36
40986.4919213,  0.33804, 27150,    38
40986.5167245,  0.49257, 49147,    36
40986.5231829,  0.67490, 64382,    36
40986.5274653,  0.81823, 64382,    36
40986.5338079,  0.13783, 16366,    36
40986.5351273,  0.65159, 28775,    36
40986.7385995,  0.05947, 20681,    34
40986.7440856,  0.12221, 42017,    35
40986.8969097,  0.92495,  9792,    64
40986.9212731,  0.50361,  3985,    35
40986.9236921,  0.58056, 49147,    35
