44543.7446412,  0.74051, 49147,    53
44543.9554977,  0.35904, 49147,    53
44544.1278472,  0.68570, 39056,    67
44544.1386921,  0.11542,  5087,    76
44544.2370023,  0.87477, 49147,    53
44544.2629051,  0.66201, 58626,    68
44544.2897106,  0.97142, 49147,    67
44544.3699306,  0.38512, 35842,    54
44544.4457523,  0.17544, 57730,    54
44544.4653935,  0.66215, 64382,    54
44544.5115509,  0.10217, 50144,    55
44544.6344676,  0.03636, 17926,    53
44544.6601852,  0.84674, 10363,    67
44544.7347222,  0.80001, 49147,    67
44544.7937384,  0.05364, 49147,    54
44544.8450116,  0.39904, 49147,    54
44544.9572685,  0.80541,  5087,    54
44544.9574421,  0.96940, 49147,    63
44544.9769444,  0.70442,  9177,    53
44544.9896065,  0.79283, 49147,    54
44545.0021875,  0.10104, 64382,    65
44545.0221991,  0.11822, 57730,    54
44545.1050347,  0.00672,  9177,    53
44545.1127315,  0.43776, 57787,    67
44545.1831481,  0.05628, 64382,    67
44545.2791667,  0.50630, 64382,    67
44545.2992361,  0.57556, 64382,    54
44545.3489352,  0.81403, 62222,    53
44545.3827199,  0.86524, 49147,    54
44545.4181944,  0.81998, 49147,    54
44545.4414699,  0.98562, 30864,    68
44545.4705208,  0.20889, 49147,    67
44545.5004977,  0.54412, 63430,    53
44545.5068981,  0.97782, 11732,    54
44545.5640625,  0.11057, 49147,    54
44545.7268519,  0.54513, 49147,    67
44545.8179398,  0.05114, 49147,    54
44545.8510417,  0.89507,  9177,    52
44545.9081481,  0.43975, 49662,    55
44545.9098611,  0.93976,  5087,    63
44545.9529630,  0.72991, 16366,    54
44546.0827431,  0.43348, 64382,    67
44546.1838657,  0.53776, 49147,    68
44546.2291551,  0.50959, 64382,    53
44546.2655093,  0.06646, 63430,    67
44546.2868287,  0.04807, 64382,    53
44546.2941319,  0.04291, 49147,    53
44546.3016782,  0.19277, 64382,    67
44546.3053819,  0.99590, 63474,    67
44546.3135764,  0.83747, 16366,    53
44546.3138773,  0.43068, 16366,    66
44546.3878125,  0.63763,  5239,    67
44546.4868403,  0.47263, 64382,    66
44546.4910764,  0.18463, 49147,    53
44546.5047106,  0.49173,   769,    52
44546.5588773,  0.90249, 64382,    53
44546.6649074,  0.76931, 49147,    53
44546.6748380,  0.03281, 16366,    53
44546.7201620,  0.77099, 57204,    54
44546.7312847,  0.51043, 49147,    53
44546.7889005,  0.42244,  5087,    56
44546.8607060,  0.69127, 63474,    53
44546.9610417,  0.38872,  9177,    54
44547.1055556,  0.53035, 29280,    54
44547.1142824,  0.81667, 14369,    67
44547.1561690,  0.34773,  9177,    53
44547.1574769,  0.68481,  3098,    66
44547.2550463,  0.23179, 49147,    53
44547.2588657,  0.56277, 63474,    54
44547.3362847,  0.74567, 57730,    53
44547.5356019,  0.11359,  3985,    54
44547.5505440,  0.80603, 57204,    54
44547.7039120,  0.21869, 49147,    68
44547.7114352,  0.75815, 49147,    53
44547.7522338,  0.28029,  5087,    54
44547.7666319,  0.23731, 19739,    67
44547.7800926,  0.85029, 49147,    67
44547.8910532,  0.68111, 49147,    67
44547.9008681,  0.52850,  9177,    67
44547.9788773,  0.47407, 64382,    65
44548.0556597,  0.12247, 49147,    67
44548.0610648,  0.32333, 47595,    54
44548.2040856,  0.25771, 16366,    67
44548.2889005,  0.22718, 64382,    53
44548.2985880,  0.61536,  9177,    67
44548.3066898,  0.41515, 12678,    53
44548.3724769,  0.65313, 49147,    55
44548.3726389,  0.41390, 49147,    53
44548.3889468,  0.32791, 48641,    53
44548.4025694,  0.76375, 49147,    53
44548.5002546,  0.45679,  9177,    67
44548.6766551,  0.25303, 64382,    65
44548.7486458,  0.13349, 12368,    53
44548.7912269,  0.82919, 28775,    53
44548.8075000,  0.56776, 16580,    57
44548.8236574,  0.63028, 64382,    53
44548.8827199,  0.02990, 58376,    53
44548.9441204,  0.67622, 43617,    66
44548.9659722,  0.62143, 61402,    53
44549.1206366,  0.53160, 16580,    55
44549.1272569,  0.01558, 64382,    67
44549.1297801,  0.71203, 49147,    67
44549.2583102,  0.81477, 16580,    53
44549.3268750,  0.79113, 64382,    53
44549.3859259,  0.32930,  3985,    67
44549.4478356,  0.11064, 49147,    67
44549.5226968,  0.63429, 49147,    53
44549.6281944,  0.30823, 64382,    53
44549.6584259,  0.17287,  5087,    54
44549.6630093,  0.66215, 49147,    67
44549.6672222,  0.60458, 15613,    54
44549.6704977,  0.38532, 24838,    53
44549.6796528,  0.81220, 33182,    55
44549.7291204,  0.68277,  1291,    53
44549.7512384,  0.55622, 39056,    60
44549.7693056,  0.26397, 15886,    53
44549.8174884,  0.04577, 64382,    60
44549.8781481,  0.65606, 49717,    53
44549.9126968,  0.32652, 63474,    53
44550.0183796,  0.92879, 64382,    53
44550.0424074,  0.24842, 50144,    94
44550.0699653,  0.06823, 64382,    53
44550.0770139,  0.72943, 53243,    53
44550.1278819,  0.42122, 49147,    53
44550.1696991,  0.82471, 16366,    67
44550.2387731,  0.38203, 64382,    54
44550.2852315,  0.18881, 32926,    53
44550.3400347,  0.22550, 64382,    53
44550.4076852,  0.03274, 58376,    61
44550.4349537,  0.19310, 64382,    56
44550.4488426,  0.59568, 49147,    54
44550.4542361,  0.83169, 49147,    53
44550.5472801,  0.11614, 49147,    53
44550.5533796,  0.43917, 16366,    53
44550.6196528,  0.60792,  9177,    53
44550.6198148,  0.64723,  9177,    66
44550.6312731,  0.57280, 64382,    54
44550.6718519,  0.40826, 49147,    53
44550.7031944,  0.79838,  6193,    53
44550.8011806,  0.22166, 16366,    66
44550.8269792,  0.20268,  3985,    67
44550.8637037,  0.39465, 49147,    53
44550.9001389,  0.37308,  3985,    67
44550.9256366,  0.38368, 64382,    67
44550.9522106,  0.32628,  9177,    67
44550.9694444,  0.62692, 64382,    67
44550.9884375,  0.40584, 63474,    54
44551.0068171,  0.88415, 30266,    67
44551.0111111,  0.64435, 49147,    53
44551.0357523,  0.24667, 64382,    76
44551.0553935,  0.73113, 16366,    66
44551.0697338,  0.20635, 49147,    66
44551.0932176,  0.47841, 63474,    63
44551.1088773,  0.47054, 16580,    68
44551.2254977,  0.66326,  9234,    54
44551.2397222,  0.87904, 49147,    69
44551.2800810,  0.61989, 65333,    68
44551.2890046,  0.00290, 36894,    66
44551.3552894,  0.28771, 65333,    54
44551.5525347,  0.35616, 29280,    68
44551.6215509,  0.78583, 49147,    67
44551.6346528,  0.20035, 16580,    67
44551.6786921,  0.87719, 49147,    64
44551.7157986,  0.65169, 49147,    67
44551.7503125,  0.08582, 64382,    56
44551.8366435,  0.95308, 64382,    54
44551.8406019,  0.28123, 64382,    68
44551.9004167,  0.45074, 63474,    54
44551.9127431,  0.83383, 64382,    54
44551.9395602,  0.90926, 64382,    64
44551.9791667,  0.45885,  3098,    68
44552.0030093,  0.60446,  3098,    54
44552.0144097,  0.73010, 61249,    69
44552.0542361,  0.86162, 63474,    68
44552.1593287,  0.70022, 64382,    54
44552.1976042,  0.40411,  5087,    67
44552.2642708,  0.58519, 36676,    54
44552.2839005,  0.73178, 63474,    68
44552.4539699,  0.78199, 64382,    54
44552.4703704,  0.22202, 64382,    54
44552.4810301,  0.24609, 49147,    68
44552.4829051,  0.30019, 27725,    54
44552.5526968,  0.30691, 49147,    68
44552.5872222,  0.16022, 25315,    54
44552.6093866,  0.13941, 49147,    54
44552.6284838,  0.07841, 49147,    68
44552.7132292,  0.65229, 28775,    54
44552.7254167,  0.21885, 48641,    68
44552.8594792,  0.55660, 63474,    54
44552.8943519,  0.53608, 64382,    54
44552.8972454,  0.08076, 64382,    54
44552.9004051,  0.89502, 28464,    54
44552.9012384,  0.13785, 64382,    67
44552.9212153,  0.91600, 49147,    68
44552.9623148,  0.68577, 63474,    54
44553.0700000,  0.91605, 28775,    54
44553.1193519,  0.49276,  9177,    55
44553.1241898,  0.66609,  9177,    55
44553.1308333,  0.85425, 49147,    54
44553.1310069,  0.80493, 49147,    69
44553.1896296,  0.90498, 64382,    65
44553.2156134,  0.65051, 16366,    67
44553.2290509,  0.81232, 24838,    56
44553.2757755,  0.98978, 49147,    69
44553.3168981,  0.84086, 63474,    54
44553.3663079,  0.97046, 53243,    55
44553.3772106,  0.47371, 64382,    68
44553.4204630,  0.76065, 14369,    64
44553.4240856,  0.14071, 49147,    67
44553.4827315,  0.02539, 49147,    54
44553.5139236,  0.32858,  9177,    68
44553.5212847,  0.11628, 39310,    64
44553.5281944,  0.87331, 58376,    55
44553.5300694,  0.37233,  4171,    67
44553.5953819,  0.52000,  5087,    54
44553.6331366,  0.46588, 64382,    66
44553.6475116,  0.90114, 35842,    68
44553.7040741,  0.86659, 54846,    54
44553.7738426,  0.97742, 49147,    54
44553.8360185,  0.55922, 49147,    67
44553.9025579,  0.09158,  5087,    55
44553.9546065,  0.51009, 64382,    68
44553.9614583,  0.87904, 49147,    54
44553.9664699,  0.27878,  9177,    54
44553.9894792,  0.40144, 16366,    54
44554.2010532,  0.66256, 64382,    55
44554.2195486,  0.25262, 49147,    58
44554.2343056,  0.14280, 30266,    57
44554.2427662,  0.15523, 49147,    54
44554.3412037,  0.07586, 52062,    54
44554.3475231,  0.31058, 12678,    69
44554.3495833,  0.15405, 16366,    54
44554.4412500,  0.56971, 15886,    68
44554.5546991,  0.13536, 64382,    68
44554.5580671,  0.90647, 49147,    54
44554.5662963,  0.38054, 64382,    66
44554.5851273,  0.16598, 49147,    54
44554.7056019,  0.82847, 62222,    55
44554.7309028,  0.20676, 32926,    67
44554.7945602,  0.36883, 12678,    52
44554.8438773,  0.55850, 49147,    55
44554.8623843,  0.38340,   769,    63
44554.8634838,  0.52396, 29280,    68
44554.9867245,  0.84868, 43080,    54
44555.0222685,  0.04320, 27293,    54
44555.2837384,  0.19841, 49147,    68
44555.4338079,  0.69470,  3985,    68
44555.7007523,  0.91307, 63474,    68
44555.8329051,  0.00624, 49147,    54
44555.8497569,  0.20292, 64382,    55
44555.8575694,  0.76567,  9177,    68
44555.9097917,  0.62292, 53243,    54
44555.9131019,  0.91055, 49147,    63
44555.9272338,  0.47464,  9177,    52
44555.9360417,  0.82192, 49147,    56
44555.9739005,  0.73739, 60792,    54
44555.9798843,  0.43843, 64382,    68
44556.0351273,  0.10553, 63474,    68
44556.0500347,  0.41390, 53221,    55
44556.1002315,  0.37992, 57204,    56
44556.1443171,  0.79336, 49147,    55
44556.1836458,  0.75628, 64382,    54
44556.2961806,  0.26949, 16366,    68
44556.3048843,  0.14539, 49147,    54
44556.3503935,  0.96616, 64382,    54
44556.3554282,  0.71248, 49147,    54
44556.4472454,  0.90218, 16366,    54
44556.4583681,  0.81251, 49147,    69
44556.5377083,  0.45175, 64382,    63
44556.5626968,  0.25692, 48641,    67
44556.6204167,  0.05165, 63430,    55
44556.8355324,  0.65999, 16366,    54
44556.8457639,  0.26892, 64382,    68
44556.8536111,  0.94667, 27150,    55
44556.8601273,  0.09163, 49147,    64
44556.8694907,  0.90599, 15886,    56
44556.9183333,  0.07966,  9177,    54
44556.9421644,  0.44858, 64382,    74
44557.0611806,  0.60866,  9177,    65
44557.0734028,  0.24929, 20999,    55
44557.0760417,  0.58764,  5087,    54
44557.0887847,  0.95697, 64382,    54
44557.1015394,  0.91619, 49147,    54
44557.1457176,  0.69806, 63474,    55
44557.1818403,  0.33497, 63474,    54
44557.1858796,  0.30595, 16366,    53
44557.2005671,  0.62416, 49147,    54
44557.2284606,  0.36864, 49147,    68
44557.2954745,  0.60590, 64382,    69
44557.3796759,  0.24074,  4274,    55
44557.3846991,  0.86135, 63474,    68
44557.4130671,  0.65692,  3985,    67
44557.4506366,  0.14529, 49147,    68
44557.5189352,  0.46516, 49147,    69
44557.5315741,  0.61948, 49147,    68
44557.5706713,  0.41947, 64382,    68
44557.6015625,  0.24974, 15886,    54
44557.6207292,  0.88674,   769,    63
44557.6348380,  0.68863, 49147,    54
44557.7422801,  0.47937, 35842,    66
44557.8271644,  0.48900,  5087,    67
44557.8487731,  0.41116, 49147,    68
44557.8528125,  0.58418, 16366,    56
44557.8725694,  0.23208, 49147,    54
44557.9025926,  0.30446, 39056,    55
44557.9987269,  0.16625,  9177,    54
44558.0090741,  0.07541, 57730,    56
44558.0230903,  0.17083, 64382,    54
44558.0609954,  0.72976, 49147,    54
44558.1163773,  0.61012,  9177,    57
44558.1196875,  0.38913, 15898,    54
44558.1673611,  0.43507,  2524,    67
44558.1726273,  0.26157, 49147,    54
44558.1812731,  0.63974,  9177,    67
44558.2389005,  0.07330, 65525,    54
44558.2443403,  0.00646, 63474,    54
44558.2459838,  0.87890,  7657,    57
44558.4031481,  0.97427, 63430,    68
44558.4064236,  0.14498, 12678,    54
44558.4535764,  0.64334, 64382,    54
44558.4656944,  0.82339, 49147,    68
44558.5102431,  0.46972, 48641,    55
44558.6039352,  0.59920, 64382,    67
44558.6255556,  0.95090, 49147,    54
44558.6388773,  0.36355, 33412,    54
44558.6835301,  0.15569, 49147,    55
44558.8032870,  0.09682, 49147,    67
44558.8847685,  0.02282,  9177,    54
44558.9151620,  0.04346, 63474,    54
44558.9533912,  0.75525,  9792,    54
44558.9846759,  0.40584, 39056,    51
44559.0309259,  0.66479, 49147,    54
44559.0422569,  0.44709, 39056,    55
44559.0427894,  0.15943, 62086,    54
44559.0505208,  0.54271, 36894,    54
44559.0608565,  0.65438, 30266,    54
44559.0767593,  0.76900, 63474,    54
44559.0918171,  0.41263, 49147,    67
44559.0938194,  0.20774, 48757,    55
44559.1067824,  0.08033, 63474,    72
44559.1094907,  0.50388, 49147,    54
44559.1249653,  0.90726, 49147,    54
44559.1845602,  0.26215, 50789,    55
44559.2105787,  0.19010, 49147,    62
44559.2275116,  0.19790, 27150,    54
44559.2467477,  0.29215, 49147,    54
44559.2475347,  0.48897, 64382,    54
44559.2748032,  0.41388, 27245,    54
44559.3273148,  0.68947,  5136,    55
44559.3505556,  0.56236, 49147,    54
44559.3880671,  0.96069, 62724,    61
44559.3882870,  0.56172, 62724,    54
44559.3883565,  0.76156, 62724,    55
44559.3884259,  0.95963, 62724,    69
44559.3885069,  0.15845, 62724,    77
44559.3885764,  0.35964, 62724,    63
44559.3892245,  0.18600, 62724,    52
44559.3898727,  0.00401, 62724,    54
44559.3900116,  0.40804, 62724,    52
44559.3900810,  0.61056, 62724,    52
44559.3902315,  0.01709, 62724,    53
44559.4184838,  0.03137, 64382,    55
44559.4303704,  0.41973,  9550,   182
44559.4304398,  0.61171,  9550,   465
44559.4305093,  0.80323,  9550,   767
44559.4307986,  0.58584,  9550,    56
44559.4308681,  0.78287,  9550,    60
44559.4310185,  0.18057,  9550,    66
44559.4312963,  0.97442,  9550,    50
44559.4513773,  0.04735, 16366,    54
44559.4654282,  0.90177,  9054,    54
44559.4655787,  0.34769,  9054,    67
44559.4656481,  0.57132,  9054,    54
44559.4668056,  0.15732,  9054,    50
44559.4668750,  0.38174,  9054,    93
44559.4669444,  0.60686,  9054,    83
44559.4670139,  0.83287,  9054,    94
44559.4670949,  0.05806,  9054,    97
44559.4797685,  0.69587, 53243,    53
44559.5069329,  0.01217,   799,    54
44559.5591204,  0.58449,  3985,    54
44559.5627778,  0.50592, 24838,    67
44559.5630671,  0.17493, 24838,    66
44559.5631366,  0.34209, 24838,    76
44559.5632060,  0.51043, 24838,    68
44559.5632755,  0.48429, 24838,    63
44559.5633449,  0.84563, 24838,    72
44559.5634259,  0.01399, 24838,    87
44559.5637037,  0.68985, 24838,    77
44559.8174306,  0.63184, 49147,    54
44559.8567361,  0.48475, 33377,    68
44559.8568056,  0.64915, 33377,   111
44559.8568750,  0.81405, 33377,   136
44559.8569444,  0.98027, 33377,    97
44559.8570255,  0.14705, 33377,    95
44559.8571644,  0.48204, 33377,    66
44559.8574537,  0.15336, 33377,    64
44559.8575926,  0.49183, 33377,    53
44559.8725231,  0.35825, 45562,    51
44559.8727315,  0.78242, 45562,    52
44559.8730208,  0.34891, 45562,    54
44559.8730903,  0.49149, 45562,    68
44559.8732292,  0.77541, 45562,    95
44559.8732986,  0.91859, 45562,    76
44559.8749421,  0.28721, 45562,    67
44559.8847338,  0.47436,  6193,    65
44559.8849537,  0.05926,  6193,    52
44559.8850231,  0.25289,  6193,    66
44559.8851620,  0.64012,  6193,    55
44559.8852315,  0.83438,  6193,    54
44559.8853125,  0.02808,  6193,   116
44559.8853819,  0.22409,  6193,    95
44559.8854514,  0.41858,  6193,   306
44560.0041782,  0.36849, 30864,    71
44560.0043171,  0.72431, 30864,    81
44560.0278704,  0.81352, 15886,    54
44560.0464005,  0.13593, 10363,    54
44560.1052546,  0.97420, 57814,    66
44560.1054051,  0.34183, 57814,    54
44560.1054745,  0.52526, 57814,    52
44560.1055440,  0.70879, 57814,    51
44560.1064815,  0.13118, 57814,    66
44560.1990856,  0.91454, 25315,    66
44560.1996644,  0.31879, 25315,    63
44560.1997338,  0.49442, 25315,    68
44560.1998032,  0.67000, 25315,    92
44560.1998727,  0.84573, 25315,    87
44560.1999537,  0.02424, 25315,    98
44560.2000231,  0.20306, 25315,   117
44560.2000926,  0.38253, 25315,    60
44560.2005208,  0.46850, 25315,    53
44560.2008102,  0.19236, 25315,    53
44560.2009491,  0.55466, 25315,    53
44560.2010185,  0.73569, 25315,    67
44560.2013079,  0.45916, 25315,    67
44560.2694213,  0.13769, 16366,    54
44560.3498611,  0.73197, 48641,    53
44560.3501852,  0.55608, 49147,    53
44560.3719097,  0.81254, 64382,    53
44560.3741551,  0.44572, 64382,    51
44560.3878356,  0.50176, 16366,    67
44560.4136227,  0.25769, 39171,    54
44560.5037269,  0.40432, 33774,    66
44560.5079977,  0.67118, 14369,    61
44560.5190394,  0.32832, 49147,    53
44560.6419560,  0.62980, 64382,    66
44560.6659491,  0.51374, 63474,    66
44560.6686690,  0.54422, 12678,    66
44560.6857870,  0.34562, 30864,    53
44560.7548843,  0.02722, 64382,    53
44560.8272222,  0.62999,  9177,    54
44560.8604977,  0.50042, 16366,    67
44561.0947106,  0.25013, 33774,    53
44561.1369676,  0.70862, 57730,    66
44561.1657870,  0.09204, 58857,    65
44561.1659259,  0.31341, 58857,    52
44561.1659954,  0.42333, 58857,    53
44561.1660648,  0.53272, 58857,    52
44561.1665625,  0.30600, 58857,    57
44561.1671991,  0.33053, 58857,    55
44561.2227546,  0.24199, 49147,    53
44561.2438542,  0.11105, 64382,    61
44561.2439352,  0.29261, 65011,    53
44561.2441435,  0.85783, 65011,    53
44561.2443634,  0.42316, 65011,    59
44561.2444329,  0.61344, 65011,    50
44561.2445023,  0.80495, 65011,    68
44561.2445718,  0.99532, 65011,    51
44561.2447222,  0.37555, 65011,    63
44561.2448611,  0.75590, 65011,    50
44561.2449306,  0.94485, 65011,    70
44561.2450810,  0.32354, 65011,    76
44561.2451505,  0.51139, 65011,    96
44561.2452199,  0.69945, 65011,   117
44561.2452894,  0.88962, 65011,   121
44561.2453704,  0.08028, 65011,   311
44561.2456481,  0.85898, 65011,    68
44561.2458681,  0.44925, 65011,    50
44561.2459375,  0.64612, 65011,    52
44561.2460880,  0.03667, 65011,    66
44561.2462269,  0.42907, 65011,    52
44561.2463657,  0.81940, 65011,    56
44561.2466551,  0.60057, 65011,    52
44561.2873032,  0.89406, 15613,    52
44561.3176157,  0.95351, 65011,    66
44561.3327778,  0.85379, 49147,    53
44561.3546296,  0.46185, 35834,    53
44561.3551273,  0.45436, 35834,    65
44561.3551968,  0.59568, 35834,    66
44561.3552662,  0.73751, 35834,    93
44561.3553356,  0.88089, 35834,    66
44561.3554167,  0.02316, 35834,   143
44561.3555556,  0.31356, 35834,    67
44561.3556944,  0.60811, 35834,    63
44561.3557639,  0.75542, 35834,    53
44561.3560532,  0.34579, 35834,    65
44561.4040972,  0.31521, 64382,    53
44561.4249653,  0.77143, 63474,    52
44561.4385185,  0.63808, 46068,    66
44561.4387847,  0.30141, 11396,    53
44561.4757523,  0.51972, 49147,    62
44561.4948843,  0.55411, 14369,    64
44561.5110185,  0.41424, 49147,    67
44561.5236343,  0.87820,  9177,    53
44561.5238426,  0.94636,  9177,    56
44561.6800231,  0.06545, 28775,    61
44561.6958681,  0.58670, 49147,    66
44561.7095833,  0.69554,  9177,    53
44561.7188426,  0.50097, 49147,    53
44561.7547338,  0.06271, 42711,    68
44561.7548727,  0.28925, 42711,   235
44561.7549421,  0.40310, 42711,   215
44561.7550116,  0.51988, 42711,   187
44561.7555093,  0.33929, 42711,    79
44561.7555787,  0.45607, 42711,    66
44561.7556481,  0.57170, 42711,    67
44561.7557176,  0.68747, 42711,    53
44561.7566435,  0.19733, 42711,    52
44561.7567824,  0.43089, 42711,    52
44561.7568519,  0.54744, 42711,    53
44561.7571412,  0.01267, 42711,    52
44561.7572106,  0.12876, 42711,    54
44561.7574884,  0.59234, 42711,    67
44561.7575579,  0.70778, 42711,    52
44561.7576968,  0.94182, 42711,    53
44561.7578472,  0.17361, 42711,    64
44561.7579167,  0.28973, 42711,    66
44561.7579861,  0.40648, 42711,    58
44561.7582639,  0.87095, 42711,    53
44561.7583333,  0.98505, 42711,    66
44561.7585532,  0.33480, 42711,    52
44561.7588310,  0.80090, 42711,    65
44561.7589005,  0.91984, 42711,    51
44561.7590509,  0.15067, 42711,    60
44561.7595370,  0.95848, 42711,    52
44561.7596181,  0.07483, 42711,    53
44561.7596875,  0.19217, 42711,    76
44561.7598958,  0.53923, 42711,    51
44561.7600347,  0.77311, 42711,    52
44561.8749653,  0.01598, 64382,    57
44561.9256944,  0.15139,  9177,    53
44561.9477894,  0.16344, 14868,    52
44561.9479977,  0.50229, 14868,    53
44561.9480671,  0.61440, 14868,    65
44561.9481366,  0.72667, 14868,    66
44561.9482060,  0.84088, 14868,    66
44561.9483565,  0.06869, 14868,    50
44561.9485648,  0.41071, 14868,    52
44561.9486343,  0.52576, 14868,    50
44561.9487037,  0.64075, 14868,    64
44561.9488426,  0.86875, 14868,    65
44561.9489120,  0.98289, 14868,    53
44561.9489931,  0.09722, 14868,    51
44561.9492014,  0.44162, 14868,    60
44561.9492708,  0.55924, 14868,   130
44561.9494097,  0.79845, 14868,    55
44562.0116435,  0.14820, 64382,    66
44562.0180440,  0.91403, 49147,    53
44562.2237153,  0.89954,  5087,    72
44562.2407407,  0.70492,  9177,    53
44562.2734375,  0.07968,  9177,    63
44562.2743866,  0.30763, 49147,    52
44562.3815046,  0.35565, 50144,    53
44562.4183912,  0.25682, 24453,    66
44562.6175926,  0.67048, 57204,    53
44562.6832639,  0.66530, 64382,    53
44562.7029282,  0.37061, 63474,    64
44562.7351157,  0.63011, 14085,    54
44562.7681019,  0.08026, 49147,    56
44562.8497338,  0.67595, 64382,    53
44562.8685532,  0.22949, 63474,    53
44562.9327778,  0.89394,  3985,    52
44562.9719907,  0.94290, 49147,    53
44563.1129977,  0.07373, 49147,    66
44563.1338194,  0.15341, 65525,    53
44563.1396528,  0.43144, 15886,    66
44563.1581944,  0.37812,  3985,    53
44563.1782176,  0.11138, 49147,    53
44563.1946759,  0.21696, 64382,    54
44563.1985764,  0.56637, 64382,    65
44563.2136227,  0.41232, 49147,    66
44563.2728125,  0.43862, 11039,    66
44563.3947569,  0.22610, 57787,    53
44563.4469676,  0.49471, 63474,    53
44563.5312153,  0.00089, 36809,    65
44563.5437847,  0.40833, 49147,    53
44563.5687500,  0.68071, 49147,    53
44563.6092014,  0.33732, 28775,    52
44563.6331944,  0.44512, 16366,    52
44563.6359375,  0.06158, 49147,    66
44563.7296759,  0.99232, 49147,    52
44563.7467593,  0.26846, 24838,    65
44563.7818287,  0.12612,  3985,    65
44563.8260069,  0.97439, 49147,    53
44563.8267940,  0.82317, 49147,    66
44563.8441088,  0.27177, 39056,    64
44563.8466319,  0.22711, 64382,    52
44563.8848264,  0.29676, 24838,    66
44563.9057523,  0.62354, 16366,    53
44563.9164931,  0.40526, 14369,    65
44563.9342477,  0.61008, 64382,    51
44563.9827431,  0.72357, 16366,    52
44563.9828819,  0.96177, 16366,    52
44563.9830324,  0.20023, 16366,    71
44563.9831713,  0.43857, 16366,    51
44563.9832407,  0.55845, 16366,    70
44563.9835301,  0.04315, 16366,   205
44563.9835995,  0.16495, 16366,   198
44563.9836690,  0.28968, 16366,   150
44563.9837384,  0.41515, 16366,   105
44563.9838773,  0.66633, 16366,    66
44563.9840162,  0.91842, 16366,    65
44563.9844444,  0.67564, 16366,    48
44564.0190509,  0.07939, 25315,    66
44564.0598264,  0.17213, 27150,    53
44564.2023264,  0.56560, 41860,    67
44564.2201273,  0.29157, 12678,    60
44564.2258333,  0.09091, 28775,    52
44564.2370023,  0.58452, 64382,    66
44564.2791204,  0.18917, 63474,    53
44564.3051389,  0.30552,  3985,    66
44564.3370949,  0.51170, 15886,    53
44564.3717245,  0.00737, 49147,    52
44564.3764352,  0.60633,  5087,    67
44564.4889236,  0.29868, 10363,    52
44564.5992130,  0.41133, 49147,    65
44564.6761343,  0.19370,  5087,    52
44564.6907523,  0.57667,  3098,    52
44564.6949884,  0.61077,  3985,    50
44564.7069213,  0.53438, 64382,    53
44564.7435648,  0.06358, 29653,    56
44564.8581481,  0.85423, 64825,    66
44564.8748032,  0.16692, 35842,    66
44564.9082176,  0.63136, 49147,    65
44565.0089583,  0.39741,  3985,    53
44565.1040509,  0.51792, 49147,    53
44565.1456944,  0.65529, 64382,    65
44565.1646875,  0.28958, 14369,   236
44565.1731829,  0.98226,  9177,    53
44565.1793981,  0.78177, 49662,    53
44565.2027778,  0.11417, 16366,    53
44565.2086806,  0.68522,  9177,    53
44565.2197801,  0.00869, 12678,    52
44565.2486111,  0.68930, 39327,    52
44565.3250116,  0.16044, 49147,    52
44565.3636921,  0.38433, 28775,    60
44565.4372917,  0.88739, 64382,    55
44565.4450000,  0.61596, 64382,    66
44565.4809028,  0.78693,  3098,    51
44565.5035417,  0.35865, 64797,    66
44565.5841435,  0.85099, 49147,    52
44565.6612153,  0.30240, 64382,    60
44565.7361343,  0.07805,  6426,    53
44565.7663310,  0.10829, 48641,    52
44565.8813657,  0.21134, 20058,   129
44565.8814352,  0.37034, 20058,   251
44565.9220139,  0.57057,  7433,   108
44565.9221528,  0.88674,  7433,   154
44565.9222338,  0.04630,  7433,   106
44565.9224421,  0.53066,  7433,    78
44565.9255324,  0.49298,   769,    53
44566.0163194,  0.03823,   769,    51
44566.0388310,  0.17969,  9177,    66
44566.0599306,  0.76070, 63430,    64
44566.0607292,  0.67749,  3985,    52
44566.0685185,  0.82792, 49147,    66
44566.0685995,  0.33876, 49147,    53
44566.0733565,  0.82238,  5087,    54
44566.1896181,  0.74390, 36809,    53
44566.1914468,  0.67826, 49147,    66
44566.2214815,  0.73327, 16366,    53
44566.2365046,  0.61912,  9177,    53
44566.2401389,  0.08693, 49147,    66
44566.2460532,  0.51280, 14369,    66
44566.2497338,  0.48129, 59852,    54
44566.2987153,  0.19495, 49147,    52
44566.3371296,  0.33098, 49147,    53
44566.3549769,  0.78993, 64382,    53
44566.3861343,  0.69758, 49147,    63
44566.4323727,  0.92207, 24838,    65
44566.4417014,  0.00742, 16366,    57
44566.5130093,  0.82783, 57954,    52
44566.5134375,  0.52202, 57954,    62
44566.5135069,  0.63746, 57954,    97
44566.5135764,  0.75602, 57954,    51
44566.5137963,  0.11292, 57954,    71
44566.5139352,  0.35472, 57954,    52
44566.5140046,  0.47407, 57954,    66
44566.5140741,  0.59323, 57954,    62
44566.5560880,  0.54818, 16366,    66
44566.5694444,  0.55219, 64382,    66
44566.5990394,  0.62212, 64382,    57
44566.6237037,  0.21989, 63557,    97
44566.6303241,  0.72976, 49147,    53
44566.6374074,  0.36561, 49147,    53
44566.6701852,  0.63427, 28775,    65
44566.8109491,  0.96479, 35842,    67
44566.8288426,  0.42772,  3985,    51
44566.8333565,  0.37881, 22496,    53
44566.8449306,  0.31411, 64382,    53
44566.9239699,  0.67235, 12678,    72
44566.9743866,  0.90347, 15695,    52
44566.9788889,  0.39648,  5087,    53
44566.9914468,  0.67461, 64382,    59
44567.1270255,  0.79137, 28775,    67
44567.1912500,  0.49778,  3063,    53
44567.2870255,  0.39177, 49147,    66
44567.3097569,  0.35299,  1291,    54
44567.4112037,  0.54573, 49147,    67
44567.4970949,  0.71771, 49147,    67
44567.4995139,  0.89872,  3098,    53
44567.5718634,  0.51957, 49147,    53
44567.5719676,  0.36509, 49147,    67
44567.5758796,  0.21489, 16366,    53
44567.6428704,  0.72199, 16366,    53
44567.7221528,  0.34740, 49147,    54
44567.8077778,  0.83047, 64382,    66
44567.8208218,  0.94552, 55633,    56
44567.8502546,  0.35287, 28775,    67
44567.8607755,  0.53659,  5087,    67
44567.9069792,  0.03722,  5087,    53
44567.9418171,  0.28428, 64382,    67
44567.9590278,  0.23657,   769,    53
44568.0617824,  0.80704,  1291,    53
44568.1918171,  0.92536, 63474,    54
44568.2287616,  0.53124, 53243,    54
44568.2455440,  0.89706, 28464,    54
44568.2618981,  0.08902, 49662,    67
44568.2684722,  0.44988, 64382,    53
44568.4566319,  0.75770,  9177,    67
44568.5418866,  0.68063, 24838,    54
44568.6022917,  0.56203, 49147,    53
44568.6550926,  0.20961, 16366,    54
44568.7350000,  0.70487, 63474,    54
44568.7609259,  0.13509, 49147,    67
44568.7637269,  0.42636, 29280,    54
44568.7710417,  0.30362, 28775,    67
44568.8800116,  0.86140, 57730,    67
44568.8959954,  0.03413,  4985,    68
44568.9081481,  0.32388, 65333,    54
44568.9109954,  0.66146, 49147,    54
44568.9546528,  0.45676, 64382,    54
44568.9791551,  0.72247, 64382,    67
44569.0281713,  0.28697, 49147,    56
44569.0284259,  0.34248, 49147,    54
44569.0286111,  0.42914, 49147,    54
44569.1175000,  0.79043,  9177,    54
44569.1360648,  0.12509, 55633,    54
44569.1371991,  0.63141, 63474,    53
44569.1875463,  0.75887, 49147,    68
44569.1884375,  0.93784, 64382,    67
44569.1930671,  0.33761, 48641,    62
44569.3152894,  0.81753, 64382,    66
44569.3404977,  0.09778, 10363,    54
44569.3795833,  0.43605, 49147,    54
44569.4248032,  0.56875,  5087,    54
44569.5260069,  0.12134, 16366,    58
44569.5796644,  0.93983, 49147,    59
44569.6771065,  0.77935, 64382,    68
44569.7030903,  0.99527, 48611,    55
44569.7140509,  0.33470, 53243,    55
44569.7381134,  0.56721, 49662,    54
44569.7728704,  0.83786, 49147,    67
44569.7997338,  0.74587, 16366,    73
44569.8568750,  0.18043, 63474,    67
44569.8588657,  0.08993, 64382,    67
44569.8994792,  0.28025, 16366,    66
44569.9214815,  0.88816, 57787,    57
44569.9914583,  0.71932,  4171,    67
44570.0241667,  0.85735, 49147,    68
44570.0714931,  0.26899,  5087,    55
44570.0904167,  0.51804, 35842,    53
44570.1831250,  0.23213,  9177,    67
44570.2379398,  0.70528, 49147,    63
44570.2853704,  0.32582, 49147,    55
44570.3281134,  0.48492, 49147,    54
44570.3327662,  0.14323, 48611,    67
44570.3460069,  0.65143, 49147,    67
44570.3462616,  0.84923, 49147,    67
44570.3616782,  0.94499, 63430,    53
44570.3660417,  0.71963, 49147,    65
44570.4484028,  0.06970,  3501,    68
44570.4523843,  0.81470,  9792,    54
44570.5585648,  0.48139, 64382,    54
44570.5657870,  0.89860, 33838,    68
44570.6012500,  0.31118, 63474,    66
44570.6093981,  0.86707, 49147,    54
44570.7046528,  0.94972, 49147,    54
44570.7528125,  0.18307, 12678,    54
44570.8074537,  0.60933,  3985,    54
44570.8157060,  0.23265, 57204,    58
44570.8258333,  0.81626, 64797,    54
44570.8713773,  0.93688, 64382,    54
44570.8729398,  0.82007, 48641,    65
44570.9101157,  0.36782, 49662,    54
44570.9106134,  0.30326, 16366,    67
44570.9410185,  0.26522, 28775,    74
44571.0049769,  0.39888, 64382,    67
44571.0113889,  0.39002, 49147,    77
44571.0215278,  0.85526, 49147,    54
44571.0365046,  0.14753, 12678,    54
44571.4372338,  0.52965, 65525,    66
44571.4519676,  0.12713, 49147,    56
44571.4661806,  0.69717, 64382,    55
44571.5592130,  0.65889, 49147,    54
44571.5998843,  0.65239, 16366,    54
44571.6006250,  0.28358, 49662,    68
44571.7166435,  0.03586, 49147,    63
44571.7749653,  0.89022,  5087,    68
44571.7821181,  0.48556, 64382,    54
44571.8495023,  0.19241, 49147,    54
44571.8909954,  0.86798, 63474,    55
44571.9259028,  0.33230, 12678,    54
44571.9678819,  0.24108, 25883,    54
44571.9793750,  0.30235, 49147,    55
44571.9850579,  0.86932, 49147,    67
44572.0982639,  0.36475, 48641,    54
44572.1419907,  0.35498, 49147,    54
44572.1428009,  0.56908, 64382,    67
44572.1676620,  0.25757, 49147,    67
44572.2865394,  0.82327, 64382,    54
44572.2890394,  0.35061, 49147,    68
44572.3979167,  0.64336, 49147,    54
44572.4205440,  0.20681, 49147,    53
44572.4231481,  0.46540, 49147,    54
44572.4642708,  0.77147, 39327,    54
44572.4833565,  0.05455, 39056,    54
44572.5049769,  0.56637, 62222,    54
44572.5105208,  0.70559, 57204,    54
44572.5225579,  0.42780, 58376,    68
44572.5722685,  0.46576,  9177,    56
44572.6623843,  0.70970,   769,    54
44572.6791088,  0.76159, 49147,    54
44572.7454977,  0.65505, 49147,    54
44572.8172106,  0.49017, 63474,    54
44572.8220833,  0.43540, 64382,    74
44573.0049306,  0.03780, 49147,    54
44573.0049421,  0.38337, 65011,    54
44573.0102315,  0.87319,  9177,    63
44573.0495486,  0.00761,  9177,    62
44573.1118634,  0.35803, 49147,    54
44573.1568171,  0.72794, 64382,    68
44573.2078704,  0.45508, 49147,    54
44573.3389583,  0.73586, 49147,    68
44573.3918519,  0.40958, 14369,    67
44573.4469444,  0.01752, 14369,    54
44573.5665509,  0.46497, 64382,    68
44573.5808912,  0.37843, 64382,    56
44573.6280093,  0.53745,  3098,    54
44573.6521644,  0.52233, 16366,    54
44573.7547685,  0.59925, 64382,    53
44573.8100231,  0.01486, 16366,    54
44573.8540162,  0.03790, 62222,    67
44573.9066898,  0.00449, 49147,    67
44573.9767593,  0.18173, 49147,    88
44574.0278125,  0.04296,  9234,    53
44574.0443634,  0.71659, 49147,    68
44574.1214931,  0.82994, 29280,    54
44574.1281366,  0.19207, 65525,    67
44574.1329514,  0.43646, 39056,    61
44574.1469444,  0.99196, 28775,    54
44574.1486574,  0.00655, 50144,    54
44574.2075810,  0.39820, 64382,    67
44574.2201273,  0.59260,  4985,    76
44574.3987963,  0.09737, 64382,    51
44574.5583449,  0.35443, 33412,    54
44574.6063889,  0.35064, 64382,    66
44574.6248148,  0.85951, 34467,    54
44574.7476852,  0.08678, 49147,    54
44574.7841088,  0.14541, 49147,    67
44574.8010764,  0.15554, 64382,    54
44574.8273032,  0.11251, 12678,    67
44574.8671875,  0.42645, 63474,    73
44574.9121528,  0.73636,  5087,    66
44574.9926273,  0.87765, 15230,    54
44575.0089120,  0.84095, 64382,    67
44575.0108102,  0.10066, 49147,    54
44575.0630324,  0.26976, 49147,    54
44575.0634838,  0.63134,  9177,    65
44575.1514699,  0.39919, 49147,    54
44575.1515046,  0.68836, 49147,    67
44575.1573843,  0.09694, 64382,    67
44575.2301273,  0.91137, 33774,    67
44575.3298380,  0.43701, 12678,    54
44575.3353125,  0.38968, 49147,    67
44575.3735417,  0.51012, 17926,    55
44575.3772801,  0.63134, 49147,    66
44575.3945139,  0.87167, 17926,    67
44575.4198032,  0.50150, 16580,    67
44575.6539120,  0.24650, 49147,    68
44575.6595139,  0.36751, 14369,    54
44575.6845602,  0.61531, 49147,    55
44575.6931250,  0.69571, 64382,    55
44575.7391898,  0.75897, 64382,    55
44575.8062731,  0.15276, 63474,    67
44575.8644560,  0.57554, 64382,    54
44575.8908449,  0.34680, 16366,    68
44575.8925347,  0.19197, 49147,    54
44575.9545139,  0.05239, 16366,    65
44575.9778704,  0.49951, 16366,    67
44576.0266204,  0.98466, 20999,    53
44576.0360417,  0.92577, 49147,    55
44576.0412269,  0.70031, 25315,    56
44576.0819560,  0.08230, 49147,    54
44576.0832986,  0.65003, 57730,    68
44576.0938194,  0.86183, 49147,    66
44576.1167940,  0.17261, 29280,    68
44576.1333218,  0.84340, 17926,    54
44576.1677199,  0.96198, 49147,    54
44576.1746065,  0.84950, 63474,    69
44576.1877546,  0.74524,  9177,    54
44576.2829282,  0.12667, 49147,    55
44576.2835995,  0.77721, 64382,    54
44576.3291782,  0.30089,  5087,    52
44576.3294097,  0.14625,  5087,    54
44576.3660185,  0.09108,  3985,    54
44576.3965972,  0.76437, 49147,    54
44576.5583681,  0.88650, 29280,    54
44576.6140509,  0.52651, 39056,    55
44576.6362269,  0.16106, 10162,    67
44576.6972222,  0.18355, 22496,    54
44576.7014468,  0.84722, 64382,    67
44576.7168171,  0.38868, 49147,    61
44576.7388079,  0.38452, 49662,    64
44576.8371644,  0.68867, 49147,    67
44576.9014120,  0.47916, 16366,    67
44577.0126042,  0.73346, 49147,    69
44577.0313889,  0.77939,  5239,    54
44577.0396412,  0.33305, 64382,    67
44577.0745255,  0.43096, 16366,    67
44577.0811111,  0.38160, 28775,    54
44577.1503125,  0.53258,  3985,    53
44577.2055324,  0.26541, 64382,    65
44577.2535532,  0.28207, 49147,    67
44577.2866204,  0.61545, 49147,    54
44577.3122454,  0.92253, 17926,    61
44577.3715509,  0.81734, 63430,    64
44577.4318056,  0.73576, 49147,    54
44577.4336111,  0.31053, 62222,    54
44577.4410648,  0.42420,  9177,    54
44577.4418171,  0.03024, 49147,    68
44577.5862153,  0.73691, 35842,    54
44577.5875579,  0.49015, 49147,    67
44577.6387500,  0.17717,   769,    54
44577.6689120,  0.38712, 49147,    67
44577.6689352,  0.46912, 49147,    67
44577.7350000,  0.98111, 49147,    67
44577.8092824,  0.52185, 32926,    54
44577.8791204,  0.13968, 64382,    53
44577.8826505,  0.96393, 49147,    55
44577.9278819,  0.05962, 49147,    67
44577.9521875,  0.21720, 62222,    53
44577.9890278,  0.45816, 49147,    54
44577.9939931,  0.47863, 19926,    54
44578.0370949,  0.99112, 64382,    68
44578.0700231,  0.99868, 49147,    55
44578.1945139,  0.23642, 65011,    67
44578.2052315,  0.08998, 64382,    69
44578.2236458,  0.65457, 49147,    54
44578.2322569,  0.65733, 16366,    54
44578.2831019,  0.58497, 62125,    54
44578.2848958,  0.57184, 28775,    54
44578.2886111,  0.23913, 30864,    54
44578.5785880,  0.58260, 64382,    54
44578.6121759,  0.56918,  9177,    54
44578.6162731,  0.65671, 49147,    67
44578.6477083,  0.10464,  3985,    54
44578.6620949,  0.30333, 49147,    54
44578.6876505,  0.07020, 64382,    54
44578.7146644,  0.92613, 35842,    53
44578.7149769,  0.58848,  6193,    54
44578.7204514,  0.94566, 64382,    72
44578.7475116,  0.27357, 49147,    54
44578.7922222,  0.49449, 64382,    68
44578.8127315,  0.91012, 16366,    54
44578.8712153,  0.73017, 24453,    67
44578.9144213,  0.17258, 49147,    67
44579.0599884,  0.06204, 49147,    68
44579.0972801,  0.75599,  5087,    55
44579.1567593,  0.55324, 57730,    54
44579.1652431,  0.23976, 22052,    59
44579.1825926,  0.85763, 33123,    99
44579.1896296,  0.40821, 48641,    54
44579.3371759,  0.82247, 49147,    54
44579.3411227,  0.38964, 25315,    67
44579.3414352,  0.82480, 39327,    68
44579.3442940,  0.74923, 49147,    66
44579.4361111,  0.29736, 15695,    67
44579.4744444,  0.92738, 12678,    55
44579.4967708,  0.28754, 62759,    65
44579.5582292,  0.66568, 49147,    64
44579.5632060,  0.16123, 64382,    56
44579.6975231,  0.75715,  1291,    54
44579.7536111,  0.28497, 49147,    51
44579.7770255,  0.06674, 49147,    67
44579.8815278,  0.13711,  3985,    54
44579.8946644,  0.28965, 16366,    53
44579.9128704,  0.40084, 49147,    68
44579.9131134,  0.25459, 49147,    67
44579.9270833,  0.11405, 64382,    54
44579.9576273,  0.18955, 64382,    67
44579.9578472,  0.10625, 64382,    67
44580.0225347,  0.48974, 64382,    69
44580.0493634,  0.12206, 49147,    53
44580.0665509,  0.49963, 49147,    54
44580.0692014,  0.45091, 53243,    63
44580.2893750,  0.22157, 49662,    67
44580.3181597,  0.22118, 14369,    67
44580.3895255,  0.01920, 49147,    54
44580.4050116,  0.19891, 64382,    67
44580.5289583,  0.67365,  9792,    68
44580.5290162,  0.61953,  9792,    67
44580.5464468,  0.50995, 49147,    76
44580.5881944,  0.03691, 35842,    54
44580.6025231,  0.79065, 24838,    66
44580.6208333,  0.81011,  9177,    55
44580.6525926,  0.55382, 14369,    54
44580.6728704,  0.43483, 49147,    54
44580.7107639,  0.06192, 33412,    67
44580.7727894,  0.23565, 28775,    54
44580.7946875,  0.74839,  9177,    66
44580.8729167,  0.01606, 49147,    67
44580.8989931,  0.34512, 49147,    67
44580.9049537,  0.25236, 49147,    54
44580.9689352,  0.16363, 64382,    54
44580.9799884,  0.51189, 64382,    67
44581.0311690,  0.72460, 20681,    54
44581.0558218,  0.49569, 49147,    57
44581.0570255,  0.05160, 49147,    63
44581.1203356,  0.14913, 28775,    54
44581.1441204,  0.05609, 49147,    54
44581.2632407,  0.60247, 49147,    54
44581.2915278,  0.79903, 64382,    54
44581.3111111,  0.91557, 16366,    67
44581.3415509,  0.47568, 64382,    54
44581.3570718,  0.52965, 49147,    54
44581.4581481,  0.58804, 49147,    67
44581.4694329,  0.28860, 48641,    54
44581.5203241,  0.56280,  5087,    54
44581.5300579,  0.08503, 11732,    53
44581.5344676,  0.05722, 12678,    54
44581.5982523,  0.32088,  3985,    55
44581.6322685,  0.87921, 49147,    54
44581.6796065,  0.00691,  3985,    54
44581.8054514,  0.19404, 64382,    54
44581.8363657,  0.98454, 57730,    67
44581.8674421,  0.99213, 49147,    67
44581.9826157,  0.69859, 57787,    56
44582.0306250,  0.68594, 28775,    54
44582.0374306,  0.87074, 22563,    54
44582.2522801,  0.26009,  7631,    54
44582.3230671,  0.15487, 39056,    54
44582.3470718,  0.05585, 16366,    54
44582.4324884,  0.92565, 16366,    55
44582.4598727,  0.61608,  9177,    56
44582.5064468,  0.13593, 49147,    67
44582.5293056,  0.99417, 49147,    54
44582.5621528,  0.06038, 49147,    54
44582.5966204,  0.10394,  3985,    54
44582.6313889,  0.99102, 49147,    54
44582.7014236,  0.20371, 49147,    54
44582.7018519,  0.68978,  9177,    67
44582.9346412,  0.31860, 17926,    67
44583.0822917,  0.69496,  9177,    66
44583.1631481,  0.61653, 63474,    54
44583.1800579,  0.44311,  5239,    67
44583.2047338,  0.76768, 49147,    67
44583.2251736,  0.91235, 49147,    51
44583.2365394,  0.55560, 48641,    67
44583.2702199,  0.29270, 49147,    54
44583.3060417,  0.26976, 64382,    54
44583.3677662,  0.04414, 16366,    54
44583.3822106,  0.02678, 64382,    67
44583.4031366,  0.35652,  5239,    54
44583.4613426,  0.45823, 49147,    52
44583.5089931,  0.64855, 49147,    54
44583.5234838,  0.03401, 28775,    67
44583.6073727,  0.57103,  9177,    54
44583.6737963,  0.95526, 49147,    65
44583.6897338,  0.78076, 64382,    67
44583.7864236,  0.32323, 64382,    53
44583.7907407,  0.99851, 49147,    54
44583.9240625,  0.59280, 49147,    54
44583.9603935,  0.59606, 16366,    55
44584.0455208,  0.95567,  3673,    54
44584.0478588,  0.33801, 49147,    67
44584.0491435,  0.48199, 49147,    54
44584.0651505,  0.85799, 49147,    54
44584.1411574,  0.15897,  9054,    67
44584.1461690,  0.87580, 64382,    76
44584.2093866,  0.85730,  5087,    67
44584.2381829,  0.35474, 39310,    68
44584.3480208,  0.01260, 16580,    54
44584.3941319,  0.58322, 49147,    68
44584.3971296,  0.05988, 64382,    54
44584.4002778,  0.28927, 64382,    54
44584.4491898,  0.63129, 58857,    62
44584.5355324,  0.38848, 35842,    54
44584.5825694,  0.03854, 49147,    67
44584.6005903,  0.19697, 64382,    54
44584.8111574,  0.04301,  3098,    53
44584.8202083,  0.37445, 53349,    53
44584.8906481,  0.66563, 40977,    54
44584.9419444,  0.88041, 49147,    54
44584.9547685,  0.80795, 49147,    67
44584.9734028,  0.99626, 12678,    54
44585.0177083,  0.27271, 16366,    55
44585.0711343,  0.86603, 63474,    68
44585.0960995,  0.72609, 64382,    55
44585.0993171,  0.34293, 49147,    54
44585.1227199,  0.57504,   799,    54
44585.1434838,  0.24036, 42017,    54
44585.2281366,  0.79379,  9792,    54
44585.2767708,  0.77949, 49147,    54
44585.4290856,  0.47392, 64382,    54
44585.5342130,  0.88127, 64382,    54
44585.5558681,  0.35165,  5087,    54
44585.5793403,  0.78904, 64382,    67
44585.5826273,  0.89438, 16366,    66
44585.5893634,  0.26210, 49147,    53
44585.6341435,  0.19857, 49147,    67
44585.6542708,  0.98939, 49147,    54
44585.6608218,  0.81842, 49147,    54
44585.7131019,  0.87052, 49147,    66
44585.7597569,  0.76427, 16580,    67
44585.8889583,  0.78695, 64382,    67
44585.9315394,  0.47966,  9177,    66
44585.9380324,  0.40401, 49147,    67
44585.9403241,  0.87654, 42017,    54
44586.0431829,  0.57268, 53243,    54
44586.0522106,  0.02839, 14369,    54
44586.1023958,  0.69662, 49147,    54
44586.1076389,  0.28440, 16580,    54
44586.1287037,  0.07404, 49147,    53
44586.1562269,  0.15000, 28464,    54
44586.1587616,  0.65870, 27150,    53
44586.2053935,  0.85173, 24453,    66
44586.2220833,  0.48184, 64382,    56
44586.4225694,  0.19596, 49147,    54
44586.5123958,  0.64341, 49147,    66
44586.5418403,  0.25061, 48641,    53
44586.7732407,  0.21722, 49147,    54
44586.8025579,  0.74805, 49147,    56
44586.8415509,  0.64471, 49147,    54
44586.8417824,  0.36837, 49147,    54
44586.8571065,  0.63532, 49147,    66
44586.9310995,  0.27931, 49147,    54
44586.9725463,  0.22901, 41459,    54
44587.0763773,  0.05374,  9177,    54
44587.0789236,  0.52161, 64382,    54
44587.1040162,  0.40497, 63474,    54
44587.1392824,  0.43800, 48347,    54
44587.1564815,  0.76423, 16366,    54
44587.1737269,  0.20918, 49147,    57
44587.3156944,  0.34149,  3985,    54
44587.3606713,  0.08460, 17926,    54
44587.5414931,  0.77522, 64382,    58
44587.6544097,  0.95260, 49147,    54
44587.7557292,  0.04865, 28775,    63
44587.7609144,  0.94847,  9177,    54
44587.7698380,  0.01939, 63474,    54
44587.7760880,  0.21125, 49147,    54
44587.7993519,  0.36972, 49147,    67
44587.8214931,  0.92920, 64382,    75
44587.8217245,  0.38188, 64382,    67
44587.8514468,  0.79288,  3985,    54
44587.8887384,  0.27439, 65011,    61
44587.9023264,  0.74219, 49147,    66
44587.9450926,  0.56546, 64382,    54
44587.9629630,  0.13416, 14369,    67
44588.0229398,  0.01651, 53243,    54
44588.0596065,  0.47532, 49147,    61
44588.1281019,  0.27379, 25061,    53
44588.1982176,  0.60957, 14369,    67
44588.1983449,  0.94528, 49147,    67
44588.2409491,  0.57465, 57730,    67
44588.2416782,  0.06014, 47129,    66
44588.3098148,  0.53001, 64382,    53
44588.3492824,  0.15878, 35842,    54
44588.3730671,  0.49435,  9177,    54
44588.4432639,  0.28164, 49147,    54
44588.5223032,  0.35774, 57730,    61
44588.5697685,  0.52029,  3098,    68
44588.5848264,  0.32100, 63474,    67
44588.6223611,  0.18314, 24838,    54
44588.6987037,  0.96052, 15695,    54
44588.9173032,  0.22255, 28775,    67
44588.9208333,  0.13339, 16366,    67
44588.9337963,  0.97588, 49147,    67
44588.9942245,  0.13581, 49147,    55
44589.1595486,  0.27504, 39056,    54
44589.1617014,  0.31968,  9177,    67
44589.2091319,  0.87815, 64382,    53
44589.3402894,  0.11220, 64382,    67
44589.3541551,  0.82173,  9177,    55
44589.3580787,  0.64346,  9177,    66
44589.3692361,  0.15177, 28775,    54
44589.4180903,  0.79819, 57787,    67
44589.5568866,  0.68723, 64382,    54
44589.6338542,  0.65404, 49147,    55
44589.7387500,  0.69835, 49147,    54
44589.7967940,  0.84957, 48641,    68
44589.8082986,  0.74407, 63474,    54
44589.8113542,  0.77241,  3985,    54
44589.8379514,  0.15578, 16366,    67
44589.8635532,  0.91646, 49147,    54
44589.8881250,  0.29304, 49147,    54
44589.9215394,  0.52507, 14369,    54
44589.9384375,  0.32393,   769,    68
44589.9423495,  0.33782, 37710,    67
44589.9579282,  0.92174,  3098,    56
44589.9641319,  0.90069,  2524,    54
44590.0056134,  0.97019,  9177,    69
44590.0634722,  0.88686, 12678,    54
44590.1135069,  0.91763, 63474,    57
44590.2452546,  0.30093,  9177,    63
44590.2740625,  0.41013, 49147,    62
44590.3122801,  0.76636, 49662,    67
44590.3997569,  0.87818, 14369,    54
44590.4298264,  0.11686, 64382,    54
44590.5369560,  0.22305, 16366,    54
44590.6272106,  0.23587, 28775,    54
44590.7320255,  0.95178, 49147,    68
44590.7641319,  0.87808, 32926,    68
44590.8529514,  0.92356, 63474,    67
44590.9312384,  0.20294, 49147,    67
44590.9669676,  0.88619, 16366,    66
44590.9854630,  0.92565, 14369,    54
44590.9872222,  0.64828, 16366,    67
44590.9972106,  0.41508, 49147,    67
44591.0181713,  0.05602, 49147,    67
44591.0909028,  0.92524,  5087,    65
44591.1473958,  0.43404, 64382,    54
44591.1787153,  0.43339, 39056,    61
44591.2518981,  0.22646, 49147,    67
44591.3759028,  0.61444, 40977,    54
44591.4003241,  0.82605, 39056,    54
44591.4053125,  0.70994, 63474,    68
44591.4543171,  0.21969, 32926,    67
44591.4573495,  0.64396, 24358,    67
44591.5092940,  0.16469, 28464,    53
44591.5710764,  0.12708, 20999,    54
44591.6318519,  0.91096, 64382,    54
44591.7081829,  0.57532, 49147,    67
44591.7601852,  0.12600, 49147,    68
44591.7610880,  0.82768, 50542,    55
44591.7951620,  0.18811, 49147,    53
44591.8092361,  0.62337, 33123,    67
44591.8399884,  0.79132, 49147,    63
44591.8496181,  0.24681, 16366,    54
44591.8511690,  0.12960, 12678,    54
44591.9015741,  0.32544, 48641,    54
44591.9317940,  0.22737, 54846,    61
44592.0647222,  0.10313, 49147,    54
44592.1926505,  0.88266, 64382,    55
44592.3571065,  0.03794, 63474,    53
44592.4840046,  0.63667, 64382,    54
44592.5424306,  0.93386, 53243,    54
44592.5425463,  0.31845, 53243,    53
44592.8353125,  0.96618, 10363,    54
44592.9701273,  0.48388, 48641,    67
44592.9747454,  0.13123, 49147,    54
44593.0715162,  0.04634, 49147,    55
44593.1152894,  0.60506, 49147,    54
44593.1153935,  0.89500, 49147,    54
44593.1602199,  0.09667, 12678,    67
44593.2346065,  0.45626, 49147,    54
44593.2371759,  0.91674, 65011,    66
44593.2426968,  0.80851, 29418,    54
44593.2883449,  0.16221,  6713,    54
44593.3025694,  0.44815, 64382,    54
44593.3425231,  0.96892, 12368,    54
44593.3733102,  0.78256, 64382,    65
44593.3806481,  0.86351, 49147,    55
44593.5144213,  0.63899, 49662,    66
44593.6246991,  0.27936, 63474,    68
44593.6657639,  0.86553, 63474,    63
44593.6928356,  0.96556, 16580,    54
44593.7013426,  0.82269, 49147,    57
44593.8328704,  0.29877, 15886,    54
44593.8433449,  0.97050, 49147,    54
44593.8645255,  0.55058, 63474,    54
44594.0025347,  0.38750,  5087,    68
44594.0390046,  0.30789, 28775,    54
44594.0493981,  0.03038, 64382,    67
44594.1297569,  0.48470, 39056,    54
44594.2593750,  0.80447, 49147,    56
44594.2601157,  0.58788, 49147,    54
44594.4484606,  0.76730, 16580,    67
44594.4711574,  0.97818, 16366,    54
44594.4851968,  0.98198, 49147,    54
44594.5626389,  0.68111, 58721,    54
44594.6037963,  0.89488, 64382,    54
44594.6055556,  0.15012, 64382,    54
44594.6123264,  0.50647, 11664,    61
44594.6235185,  0.84619, 43551,    68
44594.6330556,  0.17501, 16580,    54
44594.6664583,  0.68810, 28775,    54
44594.7736574,  0.70730,  9177,    54
44594.8706250,  0.91686, 49147,    67
44594.8758449,  0.82243, 49147,    53
44594.8961227,  0.60436, 64382,    61
44594.9003935,  0.55437, 64382,    54
44594.9538542,  0.75004, 49147,    63
44594.9544097,  0.29618, 49147,    54
44595.0364815,  0.09670, 64382,    53
44595.0368056,  0.89044,  3985,    54
44595.1208102,  0.67130, 49147,    54
44595.2170718,  0.86479, 49147,    67
44595.2852083,  0.01651, 49147,    54
44595.3211343,  0.49581,  6713,    63
44595.3238773,  0.64581, 64382,    67
44595.4292477,  0.09938, 54846,    54
44595.5149306,  0.48403, 49147,    54
44595.6385532,  0.74539, 64382,    54
44595.6769676,  0.60300,  3098,    57
44595.6777083,  0.43627, 64382,    55
44595.7064005,  0.83822, 65525,    54
44595.7138889,  0.18410, 63557,    53
44595.7164583,  0.94547, 64382,    61
44595.7498032,  0.90285, 25974,    67
44595.8191319,  0.70816, 64382,    67
44595.8258333,  0.79279, 12678,    54
44595.8682060,  0.58984, 49662,    54
44595.9324537,  0.64223, 57204,    65
44596.0134144,  0.87364, 16366,    54
44596.0238773,  0.00283, 49147,    54
44596.0731134,  0.90095, 49147,    65
44596.0954630,  0.11119, 49147,    75
44596.1717708,  0.95968, 49147,    54
44596.2386690,  0.85970, 29717,    66
44596.2527778,  0.97643, 49147,    67
44596.4837963,  0.35282, 62925,    58
44596.6136921,  0.30876, 57204,    54
44596.6440625,  0.93566,  9177,    67
44596.7544560,  0.41352, 49147,    66
44596.9524653,  0.87626, 12368,    67
44597.0468056,  0.01298, 14369,    67
44597.0666088,  0.63539, 28775,    53
44597.1347685,  0.13965, 16580,    57
44597.1371759,  0.95711,  3985,    55
44597.1516667,  0.16053,  9177,    67
44597.2190509,  0.98990, 49147,    56
44597.2385995,  0.37768, 33412,    54
44597.2747801,  0.54945, 28775,    54
44597.2996065,  0.53793, 63474,    54
44597.3136111,  0.55680, 49147,    67
44597.3136690,  0.66712, 49147,    53
44597.3183102,  0.02110, 16580,    55
44597.3351157,  0.27108,  9177,    67
44597.3524190,  0.65147, 64382,    54
44597.3671991,  0.36912, 49147,    54
44597.3717824,  0.00902, 63474,    66
44597.3879861,  0.55159, 49147,    67
44597.5244907,  0.48036,  3985,    53
44597.5368056,  0.01282,   769,    53
44597.5923843,  0.48148, 26975,    67
44597.5965741,  0.53822, 63474,    66
44597.6000116,  0.83529, 49147,    67
44597.6229051,  0.48494, 58376,    61
44597.6584028,  0.80265, 64382,    54
44597.6590394,  0.98958, 49147,    68
44597.6595370,  0.94228, 58857,    63
44597.7311690,  0.94871, 49147,    54
44597.7447685,  0.19677,   769,    53
44597.7476273,  0.99194, 41860,    53
44597.8309606,  0.89037, 16366,    61
44597.8581481,  0.53944, 15613,    54
44597.9318403,  0.50575, 14369,    54
44597.9371296,  0.81400, 10363,    61
44597.9959954,  0.48148, 30266,    66
44598.0322454,  0.26561, 49147,    54
44598.0457523,  0.20618, 49147,    67
44598.0836574,  0.72717, 27725,    53
44598.1799653,  0.75815,  1291,    53
44598.2111921,  0.02345, 64382,    67
44598.3225116,  0.79667, 16580,    54
44598.3402083,  0.34068, 12678,    66
44598.3854282,  0.18257, 48641,    54
44598.4283218,  0.14661,  3985,    67
44598.4415278,  0.34569, 63474,    54
44598.4914815,  0.14234, 27150,    60
44598.5575000,  0.60242, 49147,    55
44598.6161227,  0.11650,  9177,    54
44598.6683796,  0.52051, 64382,    67
44598.7992245,  0.00593, 16366,    54
44598.9298032,  0.44335, 49147,    66
44599.1026389,  0.62061, 32926,    54
44599.1145718,  0.21019, 49147,    67
44599.1676389,  0.40826, 49147,    67
44599.1835301,  0.25286, 64382,    67
44599.2097454,  0.85173, 64382,    64
44599.2097801,  0.43560, 64382,    53
44599.2115046,  0.36571, 49147,    54
44599.2116551,  0.67103, 49147,    54
44599.4385301,  0.57067, 42017,    54
44599.4565625,  0.25365, 64382,    54
44599.4804861,  0.15427, 58857,    54
44599.4984606,  0.32613, 63474,    66
44599.5054630,  0.33744, 49147,    67
44599.5488773,  0.94698, 64382,    53
44599.5571991,  0.50738, 49147,    54
44599.5733449,  0.69710, 25869,    54
44599.6047685,  0.74342, 49147,    66
44599.6758796,  0.66604, 16366,    67
44599.6979282,  0.48362, 63430,    54
44599.7172106,  0.75405, 49147,    54
44599.8011343,  0.96609, 28775,    66
44599.8109954,  0.32325, 63430,    54
44599.8220718,  0.40533, 11396,    54
44599.8537963,  0.48050, 22563,    54
44599.9561343,  0.53272, 49147,    67
44599.9890972,  0.89181, 65525,    54
44600.0020949,  0.49574, 49147,    54
44600.0129051,  0.46591, 53243,    67
44600.0150694,  0.80037, 49147,    67
44600.0559259,  0.41546, 49147,    54
44600.1681250,  0.97502, 65525,    54
44600.2414468,  0.50455, 25974,    61
44600.3207986,  0.11458,  4985,    54
44600.3465278,  0.15732, 28775,    54
44600.3548032,  0.80779, 64382,    67
44600.3550116,  0.06257, 64382,    67
44600.4128704,  0.27069, 49147,    55
44600.4258681,  0.13257, 63474,    54
44600.4292245,  0.74109, 62222,    54
44600.4847917,  0.19728, 11664,    54
44600.5320255,  0.48300,  3985,    65
44600.5384144,  0.29477,  9177,    54
44600.5978588,  0.42144, 16366,    54
44600.6163773,  0.26105, 11869,    55
44600.6876273,  0.13901, 49662,    67
44600.6918750,  0.50109, 49147,    54
44600.6921528,  0.89529, 49147,    53
44600.7261921,  0.81415,  3985,    54
44600.7266898,  0.66698,   799,    67
44600.9303125,  0.67159, 39056,    54
44601.0084491,  0.62071, 42017,    53
44601.0316667,  0.60820, 49147,    54
44601.0551852,  0.96597, 64382,    62
44601.0659838,  0.45976, 64382,    60
44601.1880671,  0.29525, 49147,    54
44601.1929167,  0.70948, 49147,    55
44601.3275926,  0.80606, 64382,    55
44601.3840278,  0.46358, 22055,    57
44601.4609259,  0.62025, 64382,    66
44601.4811111,  0.53908, 57730,    54
44601.6122685,  0.98678, 52062,    54
44601.6463194,  0.29481, 64382,    66
44601.7070255,  0.24307, 22052,    53
44601.7421412,  0.19159, 12678,    56
44601.8733796,  0.93894, 63474,    67
44601.8987847,  0.78539, 49147,    54
44601.9271181,  0.65183, 10162,    53
44601.9509028,  0.09386, 39327,    66
44601.9795833,  0.24317, 49147,    53
44601.9863889,  0.26342, 64382,    56
44602.0010880,  0.49512, 64382,    53
44602.0118981,  0.86327, 28775,    63
44602.0285301,  0.48182, 49662,    54
44602.0590625,  0.45676, 49662,    53
44602.0704861,  0.61591, 49147,    66
44602.1710069,  0.22601, 28775,    66
44602.1986111,  0.79096, 16366,    54
44602.2107060,  0.89248, 64382,    53
44602.2711574,  0.26671, 49147,    53
44602.3846991,  0.98519, 49147,    66
44602.4495486,  0.76039, 64382,    51
44602.5574537,  0.18353, 49147,    53
44602.6314583,  0.17712, 28775,    52
44602.6722569,  0.17133,  1291,    53
44602.7153472,  0.81415, 64382,    54
44602.8385069,  0.57055, 53243,    66
44603.1225694,  0.87830, 49147,    53
44603.1429977,  0.26409, 49147,    53
44603.1616088,  0.06713, 28775,    53
44603.1774884,  0.14138, 49147,    53
44603.2010417,  0.48434,  9177,    59
44603.2257755,  0.15547, 28775,    67
44603.2918981,  0.42756, 35842,    53
44603.3457639,  0.25665, 49147,    66
44603.3993981,  0.74008, 49147,    75
44603.4490278,  0.31161, 14369,    67
44603.4756481,  0.93525, 49147,    53
44603.4982870,  0.64821, 30266,    66
44603.5165856,  0.38064,  3985,    54
44603.5691088,  0.24446, 64382,    54
44603.5819792,  0.34327, 63430,    67
44603.7287384,  0.21120, 63430,    66
44603.7737037,  0.99362, 64382,    66
44603.8182176,  0.03739, 49147,    56
44603.8382176,  0.71054,  3985,    54
44603.8468287,  0.60758, 63474,    53
44603.8616898,  0.89622, 49147,    54
44603.8955787,  0.82255,  9177,    53
44603.9355440,  0.74109, 64382,    54
44603.9933333,  0.22260, 64382,    54
44604.0135069,  0.72623, 64382,    54
44604.0751157,  0.90484, 54846,    54
44604.1305324,  0.16274, 33652,    54
44604.1958449,  0.54765, 49147,    53
44604.2444792,  0.87971, 49147,    53
44604.2621412,  0.02011, 57730,    53
44604.2762037,  0.40425, 16366,    54
44604.2763889,  0.73679, 16366,    54
44604.3325810,  0.71675, 49147,    53
44604.3479282,  0.95291, 53221,    54
44604.3585995,  0.89975, 49147,    60
44604.4095718,  0.07990, 36809,    67
44604.4389352,  0.14273, 64382,    53
44604.4793287,  0.85593, 49147,    54
44604.5331481,  0.25327, 16366,    54
44604.5351736,  0.27283, 64382,    54
44604.5696991,  0.59148, 14369,    54
44604.5836574,  0.99249,  9177,    54
44604.6053819,  0.56460, 64382,    54
44604.6815162,  0.33525, 28775,    67
44604.6857292,  0.83534, 64382,    54
44604.7686458,  0.06518, 64382,    67
44604.7971181,  0.23457, 64382,    54
44604.8804630,  0.00953, 49147,    54
44604.9151389,  0.93282, 54846,    54
44604.9368171,  0.60921, 49147,    67
44604.9403009,  0.47990, 11396,    67
44604.9700116,  0.56671, 49147,    54
44604.9838889,  0.24165, 12678,    67
44604.9898032,  0.58850, 50380,    55
44605.0408796,  0.55015, 33412,    54
44605.0906944,  0.90436, 63474,    67
44605.1443750,  0.71438, 49147,    54
44605.1447801,  0.90851, 28775,    54
44605.1450347,  0.84002, 28775,    54
44605.2571181,  0.08230, 63474,    55
44605.2899653,  0.79943, 28775,    54
44605.2909259,  0.41870, 49147,    66
44605.3076505,  0.94288, 41868,    63
44605.3915046,  0.97000, 65525,    54
44605.4323727,  0.25718, 28775,    55
44605.5251389,  0.31092, 30864,    52
44605.5629861,  0.34493, 49147,    63
44605.6020023,  0.31951, 36809,    54
44605.6247569,  0.23769, 64382,    54
44605.6732060,  0.60832, 49147,    55
44605.7585648,  0.01670,  2524,    54
44605.7705208,  0.14064, 28775,    54
44605.8020370,  0.57477, 49147,    67
44605.8351157,  0.63539, 49147,   723
44605.8505787,  0.76982, 63474,    66
44605.9017940,  0.81165, 64382,    67
44605.9944329,  0.12876, 62925,    54
44606.0167014,  0.20729,  7657,    54
44606.0541782,  0.32460,  5087,    67
44606.0545023,  0.78645, 16366,    67
44606.1085532,  0.35863, 64382,    54
44606.2323380,  0.36168, 64382,    67
44606.4080324,  0.95973, 28775,    67
44606.5045486,  0.28965,  5087,    67
44606.5152199,  0.90278, 64382,    67
44606.5439352,  0.18014, 49147,    54
44606.5844676,  0.23205, 49147,    67
44606.8132986,  0.47575, 25061,    54
44606.8294213,  0.23174, 49147,    56
44606.8589120,  0.76535, 49147,    54
44606.8860532,  0.34027, 58376,    62
44606.9128472,  0.51566, 49147,    67
44607.0720023,  0.10217,  9177,    54
44607.1858449,  0.94917, 64382,    67
44607.1873958,  0.25735, 15886,    55
44607.2010880,  0.02090, 64382,    68
44607.3191898,  0.54280, 49147,    54
44607.3193750,  0.35273, 49147,    54
44607.3521528,  0.61867, 64382,    67
44607.3846412,  0.68373, 48641,    54
44607.4051157,  0.49816,  9177,    67
44607.4075000,  0.37699, 63474,    54
44607.4135532,  0.14978, 16366,    54
44607.4137847,  0.43665, 16366,    67
44607.4342245,  0.43622,  9177,    67
44607.4457060,  0.86649, 49662,    64
44607.5002546,  0.06864, 64382,    67
44607.5017245,  0.51472, 49147,    67
44607.5184259,  0.16608, 27150,    54
44607.5367593,  0.33708, 28464,    54
44607.5568866,  0.99993, 63474,    54
44607.6286921,  0.80131, 12678,    54
44607.6376968,  0.04966, 62222,    51
44607.6413310,  0.64067,  5087,    62
44607.7353356,  0.11369, 64382,    68
44607.7356134,  0.94770, 64382,    57
44607.7371296,  0.82660, 49147,    54
44607.8002778,  0.40296, 57730,    54
44607.8196759,  0.17421, 45186,    54
44607.8752431,  0.71805, 64382,    53
44607.8753588,  0.90717, 64382,    54
44607.9091782,  0.27703,  9177,    66
44608.1560880,  0.83205, 63474,    54
44608.2045833,  0.26143, 63474,    55
44608.2293056,  0.62966, 16580,    53
44608.2446991,  0.33245, 39327,    63
44608.2670949,  0.71635, 49147,    54
44608.3090162,  0.33379, 49147,    54
44608.3106019,  0.13759, 64382,    54
44608.4070139,  0.70180, 35842,    73
44608.4118056,  0.40454, 49147,    54
44608.4120833,  0.88523, 49147,    54
44608.4725694,  0.71431, 12368,    54
44608.4856597,  0.77635, 49147,    67
44608.4997569,  0.23688, 36809,    66
44608.5366319,  0.32978, 64382,    54
44608.5741667,  0.66033, 53243,    54
44608.6668866,  0.87666, 64382,    54
44608.8153125,  0.95906, 64797,    68
44608.8251968,  0.17959, 64382,    67
44608.8379282,  0.51237,  9177,    54
44608.9125463,  0.08306, 49147,    53
44608.9189120,  0.56824, 49147,    66
44608.9867130,  0.27583, 14369,    53
44609.0186343,  0.27041, 64382,    54
44609.0272685,  0.50704, 33182,    67
44609.0828009,  0.66539, 49147,    54
44609.0921875,  0.84770, 48641,    53
44609.1247801,  0.42244, 64382,    54
44609.1248727,  0.19502, 64382,    67
44609.2128472,  0.07358, 35842,    54
44609.3001968,  0.25874, 64382,    66
44609.3026736,  0.72400, 49147,    54
44609.3742940,  0.45576, 49147,    53
44609.4321875,  0.70927, 23579,    64
44609.5260880,  0.97290, 64382,    52
44609.5644213,  0.25101, 64382,    66
44609.5646644,  0.51004, 64382,    53
44609.5648958,  0.01486, 49147,    66
44609.5858565,  0.89946, 59852,    53
44609.7816898,  0.92716, 28775,    63
44609.7947917,  0.53659, 63430,    66
44609.9635417,  0.28548,  8427,    53
44609.9762037,  0.92637,  3985,    66
44610.0443750,  0.37044,  9177,    56
44610.1396528,  0.50196, 16366,    52
44610.2114815,  0.92183, 57204,    53
44610.2981134,  0.51933, 64382,    65
44610.3981481,  0.86937,  5087,    66
44610.4422222,  0.50356, 16366,    67
44610.4728241,  0.27789, 64382,    53
44610.5449537,  0.68572, 11396,    53
44610.6456134,  0.76276, 49147,    67
44610.6642940,  0.59085, 39171,    53
44610.7845602,  0.06991,   769,    53
44610.8465741,  0.86983,  3098,    53
44610.9027778,  0.19728, 64382,    53
44610.9380556,  0.46524, 49147,    66
44610.9723611,  0.98082,  5087,    53
44611.0146181,  0.09713, 49147,    53
44611.0147454,  0.91166,  4985,    64
44611.0334954,  0.96762, 16366,    66
44611.1161458,  0.63031, 65011,    66
44611.1806944,  0.86277, 49147,    53
44611.2110532,  0.94838, 53243,    67
44611.2210301,  0.42638,  9177,    53
44611.2922338,  0.28106,  3985,    66
44611.3620949,  0.52096, 49147,    66
44611.3763889,  0.34257, 64382,    54
44611.4209491,  0.98150, 49147,    54
44611.4562616,  0.90592, 49147,    57
44611.4579861,  0.13389, 64382,    54
44611.4648958,  0.49490,  2524,    66
44611.4914699,  0.14102,  9177,    67
44611.5022685,  0.36139, 64382,    67
44611.5776273,  0.45607,  5087,    53
44611.6786690,  0.77707, 49147,    54
44611.6939352,  0.54904, 49147,    67
44611.7362269,  0.48391, 49147,    55
44611.7831713,  0.20426,  5087,    53
44611.7851736,  0.58696, 39327,    54
44611.7930440,  0.82720,  2524,    54
44611.8111458,  0.97917,  3985,    53
44612.0950694,  0.10262, 35834,    61
44612.1514815,  0.91072, 49147,    53
44612.1653588,  0.31238, 49147,    66
44612.1943403,  0.68387, 16366,    53
44612.2372338,  0.58008, 48641,    54
44612.2474421,  0.50512, 49147,    54
44612.2548264,  0.92860,  9177,    67
44612.4444676,  0.33890, 59852,    53
44612.4567130,  0.58017, 49147,    67
44612.5585995,  0.60069, 16366,    54
44612.5967361,  0.32145,  8427,    67
44612.6058218,  0.65215, 49147,    54
44612.6415509,  0.48763, 65011,    64
44612.6501968,  0.63494, 49662,    54
44612.6846528,  0.04356, 24453,    54
44612.7768403,  0.02098, 49147,    54
44612.8212384,  0.58123, 25061,    63
44612.8292361,  0.36684, 15695,    66
44612.8640278,  0.64804, 48641,    66
44612.9673958,  0.72772, 48641,    67
44613.0802894,  0.90674, 64382,    54
44613.0915741,  0.10094,  9177,    89
44613.2098611,  0.44863, 49147,    52
44613.2171759,  0.45201,  5087,    51
44613.2248380,  0.64463, 64382,    53
44613.2486227,  0.34490, 15695,    54
44613.3839699,  0.19193, 49147,    54
44613.5209722,  0.49464, 63474,    53
44613.6000231,  0.79276, 64382,    54
44613.6919676,  0.99218, 63430,    67
44613.7104630,  0.90066, 64382,    66
44613.7388079,  0.32004, 49147,    54
44613.8126157,  0.98690, 49147,    53
44613.8177894,  0.01558, 49147,    54
44613.8993287,  0.90047, 49147,    54
44613.9141204,  0.32556,  5087,    53
44613.9142361,  0.49977,  5087,    52
44613.9788310,  0.07190, 49147,    53
44614.0379167,  0.16269, 25869,    66
44614.0429861,  0.47868, 29762,    66
44614.0636458,  0.23172, 24838,    66
44614.0821065,  0.53037, 64382,    53
44614.0827662,  0.97038, 64382,    68
44614.0830440,  0.32561, 64382,    57
44614.1223958,  0.38625, 65011,    65
44614.1309722,  0.45988,  3098,    53
44614.1873264,  0.89219, 49147,    53
44614.2204398,  0.62620, 16366,    67
44614.2628009,  0.29018, 33412,    54
44614.3253704,  0.51652, 64382,    54
44614.4487616,  0.02832, 49147,    54
44614.5633796,  0.51484, 64382,    67
44614.5760069,  0.42472, 12678,    53
44614.6238426,  0.21372,  3098,    60
44614.6885532,  0.63225, 64382,    67
44614.7267940,  0.14769,  5087,    54
44614.7785648,  0.35153, 49147,    54
44614.8015394,  0.78899, 63474,    55
44614.8298611,  0.36206, 49662,    55
44614.8331481,  0.79437, 28775,    66
44614.9902894,  0.26933, 63430,    65
44615.0686690,  0.85622,  3098,    67
44615.1845486,  0.00130, 49147,    66
44615.2047106,  0.56344, 49147,    54
44615.2756134,  0.70502, 48641,    67
44615.3080787,  0.17066, 49147,    67
44615.3304745,  0.04342, 64382,    53
44615.3671875,  0.30710, 49147,    54
44615.3673727,  0.81650, 49147,    53
44615.3848958,  0.90842, 63474,    53
44615.3936921,  0.43356, 28775,    66
44615.4165625,  0.46298, 28775,    54
44615.4171759,  0.00866, 49147,    67
44615.5636227,  0.54976, 49147,    66
44615.6140162,  0.65623, 65525,    54
44615.6510648,  0.10958, 16366,    53
44615.7064815,  0.62901, 57730,    54
44615.7747106,  0.92800, 15230,    54
44615.8083681,  0.27204, 49147,    53
44615.8451273,  0.07778, 62222,    55
44615.8753241,  0.65119, 64382,    67
44615.9005208,  0.98351,  7631,    51
44615.9972106,  0.35712, 33123,    53
44616.0222917,  0.80911, 16366,    56
44616.0656829,  0.46555, 11039,    54
44616.0759144,  0.48518, 39056,    53
44616.0806250,  0.49207, 64382,    53
44616.1227894,  0.79495, 28775,    67
44616.1509954,  0.48748, 63474,    63
44616.2809954,  0.58288, 64382,    66
44616.4269213,  0.37428, 65011,    54
44616.4586806,  0.91950,  3098,    53
44616.4850116,  0.34097, 28775,    53
44616.5126389,  0.94070, 64382,    67
44616.5689815,  0.68997, 33914,    54
44616.5734375,  0.68611,  7631,    52
44616.8737731,  0.61423, 49147,    53
44616.9787037,  0.55327,  9177,    66
44616.9924769,  0.88787, 49147,    53
44617.0503125,  0.06168, 33774,    53
44617.1843866,  0.80863, 49147,    67
44617.2495949,  0.36897, 49147,    54
44617.3327199,  0.12355, 49147,    67
44617.3522569,  0.67739, 64382,    53
44617.3682292,  0.91230, 64382,    67
44617.4156944,  0.80918, 45562,    54
44617.4218750,  0.99918, 64382,    55
44617.4547338,  0.65260, 33914,    53
44617.4764815,  0.34389, 49147,    67
44617.5061806,  0.75626, 49147,    67
44617.5222685,  0.19615, 49147,    67
44617.5231250,  0.35292, 16366,    54
44617.5369329,  0.23124,  9177,    53
44617.5954398,  0.16543,  6193,    54
44617.7014468,  0.85147, 59852,    67
44617.7805671,  0.05825, 48641,    56
44617.8418056,  0.45192, 49147,    67
44617.8766204,  0.94209, 62925,    53
44617.8857523,  0.02746, 64382,    54
44617.8920833,  0.73780,  5087,    66
44617.9329282,  0.40982, 49147,    66
44617.9553125,  0.96362, 64382,    53
44617.9947801,  0.98937, 49147,    53
44618.0047685,  0.92255, 49147,    54
44618.0585532,  0.09127, 64382,    54
44618.0896412,  0.77527,  3985,    66
44618.1058102,  0.55243, 28775,    52
44618.1496991,  0.72319, 49147,    54
44618.2517361,  0.75263, 49147,    64
44618.3371528,  0.82619, 64382,    54
44618.3923843,  0.10666, 64382,    67
44618.4081829,  0.06593, 49147,    76
44618.4173611,  0.54458,  9177,    54
44618.4221528,  0.15139, 49147,    67
44618.4690278,  0.41505, 49147,    56
44618.4949074,  0.07020, 64382,    65
44618.4955556,  0.98709, 49147,    63
44618.5023264,  0.96770, 49147,    67
44618.5025463,  0.92366, 49147,    67
44618.6220602,  0.74755, 49147,    54
44618.6574074,  0.17033, 49147,    53
44618.6670139,  0.13742, 49147,    64
44618.6805903,  0.43684, 64382,    54
44618.7141898,  0.91799, 16366,    66
44618.7690509,  0.81119,  5087,    67
44618.9104630,  0.00698, 64382,    67
44618.9218056,  0.80277,  3098,    67
44618.9303704,  0.85447, 64382,    54
44618.9373958,  0.57592, 20681,    54
44619.0967477,  0.22661, 49147,    53
44619.0995833,  0.57667, 16366,    73
44619.1444676,  0.47659,  9177,    60
44619.2598032,  0.97173, 28775,    54
44619.2610185,  0.82778, 16366,    54
44619.2984722,  0.77990,  9177,    54
44619.3162616,  0.75105, 16366,    53
44619.3233333,  0.79168, 49147,    66
44619.3629745,  0.68851, 16580,    54
44619.3732755,  0.59085, 64382,    67
44619.3807755,  0.36156,  3098,    67
44619.5727778,  0.51340, 64382,    54
44619.5887963,  0.32621, 16366,    54
44619.6656250,  0.82526, 63474,    67
44619.6695718,  0.99866,  7631,    54
44619.7060301,  0.40864,  9177,    53
44619.7352083,  0.43480, 64382,    67
44619.7778009,  0.54235,   769,    54
44619.8097917,  0.03010,  9177,    66
44619.9049537,  0.80102, 49147,    54
44619.9363426,  0.05242,  9177,    54
44619.9749306,  0.82967,  5087,    66
44619.9818403,  0.77087, 49147,    66
44620.0086806,  0.53332, 64382,    63
44620.0293981,  0.31980, 36809,    54
44620.1050231,  0.88526, 16366,    66
44620.1756829,  0.48938, 49147,    67
44620.3408565,  0.49190, 64382,    54
44620.3548958,  0.92327, 49147,    56
44620.3939120,  0.36631, 42017,    54
44620.4160185,  0.90119, 40977,    55
44620.5155440,  0.66215,  3098,    61
44620.5866088,  0.99654,  5087,    53
44620.6764583,  0.20870, 49147,    61
44620.6953588,  0.55536, 49147,    67
44620.7616435,  0.28973, 16366,    59
44620.7616667,  0.89855,   799,    54
44620.7876620,  0.38236, 16366,    67
44620.8090856,  0.74639, 32926,    66
44620.8898148,  0.31286,  3098,    67
44620.9170370,  0.69235, 49147,    54
44620.9186574,  0.74282,  5087,    67
44620.9423495,  0.15213, 49147,    67
44620.9428819,  0.33089, 49147,    54
44620.9457407,  0.43068,  5087,    54
44620.9772106,  0.25253, 64382,    54
44620.9897454,  0.32227, 64382,    54
44620.9986574,  0.46192, 57730,    66
44621.0197685,  0.87105, 49147,    64
44621.0217014,  0.76334, 16580,    56
44621.0416204,  0.42357,  9177,    54
44621.0937616,  0.35940, 64382,    67
44621.1680440,  0.34377, 14369,    55
44621.2881134,  0.01157, 49147,    54
44621.3680440,  0.64123, 24838,    57
44621.4035648,  0.67180, 12678,    54
44621.4077199,  0.33523, 16366,    56
44621.5748148,  0.69638, 49147,    68
44621.5784491,  0.15583, 64382,    52
44621.6717130,  0.86675, 15886,    59
44621.6792245,  0.26371, 32926,    58
44621.7109722,  0.91912, 22563,    59
44621.7445370,  0.82087, 49662,    60
44621.8308912,  0.75304, 32926,    59
44621.8782292,  0.16051, 19739,    59
44621.9154398,  0.79046,  9177,    60
44621.9198958,  0.49236, 28775,    60
44621.9236921,  0.56515, 28775,    60
44621.9516667,  0.41244, 16366,    59
44621.9632870,  0.59460, 10363,    58
