44543.7521296,  0.99446, 39056,    44
44543.7858333,  0.08422, 49147,    55
44543.8813542,  0.93045,  9177,    69
44543.9198958,  0.93023, 64382,    57
44543.9811806,  0.79814, 49147,    57
44544.0394792,  0.42528, 57730,    43
44544.1532292,  0.39040,  5239,    57
44544.2428125,  0.24485, 25315,    43
44544.2735532,  0.23213, 28775,    57
44544.3333449,  0.02789, 49147,    43
44544.3420370,  0.75069, 17926,    57
44544.4291204,  0.51367,  3098,    44
44544.4469907,  0.74162,  3985,    56
44544.4646528,  0.52368, 28464,    43
44544.4761343,  0.55291, 64382,    43
44544.5267708,  0.87760, 48641,    44
44544.5707523,  0.02851, 16366,    43
44544.5897917,  0.92399, 49147,    43
44544.6060764,  0.11215, 65333,    58
44544.6883333,  0.39494, 63558,    44
44544.8119676,  0.91907, 65333,    44
44544.8211806,  0.53294, 63474,    43
44544.9293981,  0.81628, 12678,    57
44544.9379745,  0.93911, 36894,    44
44544.9599653,  0.09984, 13268,    44
44545.0247338,  0.57924, 49662,    57
44545.0775694,  0.02606, 49147,    57
44545.1198148,  0.26551, 62925,    43
44545.1619676,  0.57909,  3063,    57
44545.2087963,  0.01416, 49147,    58
44545.2106713,  0.64941, 53243,    43
44545.2267940,  0.02494, 59852,    52
44545.4145255,  0.49956, 33838,    43
44545.4337731,  0.35748, 53221,    57
44545.4578009,  0.96047, 16580,    56
44545.4796296,  0.61495, 36809,    57
44545.5575231,  0.59316, 24838,    43
44545.7273148,  0.69304, 49147,    43
44545.7675000,  0.97970,  6193,    43
44545.8206134,  0.14340, 28775,    56
44545.9214120,  0.67180, 59852,    57
44545.9362153,  0.67415, 48641,    43
44546.0082986,  0.88550, 28775,    57
44546.0463194,  0.41035, 64382,    53
44546.1226852,  0.44719, 53243,    43
44546.2264352,  0.55852, 49147,    57
44546.3047569,  0.80486, 63474,    57
44546.3678125,  0.76900, 49147,    50
44546.4051852,  0.81803, 53221,    43
44546.4297569,  0.65779, 25869,    57
44546.4378819,  0.09929, 22052,    43
44546.4652083,  0.16207, 64382,    43
44546.6313079,  0.42249, 32926,    43
44546.7767708,  0.98963, 48641,    43
44546.7858102,  0.99498, 49147,    57
44546.9351968,  0.67802, 32926,    43
44547.0291088,  0.75499, 28464,   137
44547.2042245,  0.03850, 22386,    42
44547.2612269,  0.96230, 20553,    43
44547.2868403,  0.15456, 49147,    56
44547.4089236,  0.88775, 49147,    42
44547.4268750,  0.98147, 22563,    57
44547.5006134,  0.36991,   769,    62
44547.5102778,  0.27607, 36809,    44
44547.6138542,  0.16557, 54846,    43
44547.7120949,  0.12775, 36894,    43
44547.7191435,  0.83198, 12678,    43
44547.7345023,  0.14436, 43796,    43
44547.7653935,  0.24437, 63430,    43
44547.9113310,  0.44896, 16580,    42
44547.9221875,  0.90220, 16366,    46
44547.9462963,  0.85415,  2524,    57
44548.0035764,  0.40315, 11039,    44
44548.0046991,  0.36804, 58292,    43
44548.1058565,  0.69664, 16366,    40
44548.1632407,  0.43245,  5087,    44
44548.3708565,  0.13639, 25869,    57
44548.3730903,  0.20241, 46068,    54
44548.4334606,  0.30021, 64382,    50
44548.4541435,  0.97770, 10162,    54
44548.4780671,  0.04154,  4985,    43
44548.4801736,  0.24276,  3098,    43
44548.6476157,  0.53822,  3985,    43
44548.6487269,  0.58478,  9792,    46
44548.6598380,  0.66515, 65525,    46
44548.7376273,  0.23695, 36676,    57
44548.7693750,  0.92080, 65333,    42
44548.8564583,  0.61488, 64797,    56
44548.9003356,  0.18905, 35842,    57
44548.9734491,  0.10918, 49147,    43
44549.0313310,  0.74462,  5087,    56
44549.0319792,  0.91422,  3098,    43
44549.1092245,  0.86968,   769,    43
44549.1106829,  0.69280,  4985,    44
44549.1304745,  0.94252, 58376,    57
44549.1329861,  0.12909, 24358,    56
44549.1502894,  0.29971, 29280,    56
44549.1569560,  0.51763,  9177,    42
44549.1620255,  0.02165, 63430,    43
44549.1868056,  0.28212, 48641,    56
44549.2546759,  0.78187, 63474,    43
44549.2612500,  0.93750, 64382,    43
44549.3032870,  0.41719, 59852,    57
44549.3316667,  0.68277,  9177,    43
44549.3399074,  0.44328, 16580,    43
44549.4584722,  0.68803, 25061,    43
44549.5915625,  0.51710, 28775,    43
44549.5917477,  0.63782, 28775,    43
44549.6020486,  0.48295, 49147,    43
44549.6263542,  0.36139, 28775,    43
44549.7435532,  0.05285, 27357,    56
44549.7663426,  0.65306, 14369,    58
44549.7676389,  0.07207, 49147,    57
44549.8265394,  0.43207,  3501,    43
44549.8360880,  0.21979, 39327,    50
44549.8919907,  0.68678, 49147,    55
44549.9186806,  0.83875, 39327,    43
44550.1150579,  0.94727, 64382,    57
44550.1903819,  0.79552, 15695,    42
44550.1923148,  0.48928,  3063,    43
44550.2352315,  0.87861, 23262,    44
44550.2848148,  0.08683,  3098,    43
44550.2870949,  0.38716, 64382,    56
44550.3030093,  0.62875, 47595,    43
44550.3258218,  0.97425, 49147,    45
44550.3981713,  0.50196, 10162,    57
44550.4786574,  0.17342, 49147,    43
44550.5004282,  0.17846, 49147,    43
44550.6073032,  0.56858, 63474,    57
44550.6874884,  0.48386, 42017,    58
44550.7084954,  0.35301, 43324,    56
44550.7193519,  0.57513, 63430,    43
44550.8337153,  0.85418, 11664,    43
44550.8337269,  0.29448, 64797,    43
44550.9000116,  0.19853,  9177,    57
44550.9011458,  0.14827, 32926,    43
44551.0491088,  0.30324, 49717,    43
44551.1161921,  0.82891, 62086,    57
44551.1779051,  0.97158, 63474,    57
44551.2179282,  0.34553, 28775,    57
44551.2333796,  0.66722, 57787,    57
44551.2664815,  0.22351, 64382,    43
44551.3267824,  0.97118, 41546,    44
44551.4079167,  0.50404, 12678,    44
44551.4844444,  0.91914, 64382,    57
44551.5623032,  0.68095, 20999,    57
44551.5951505,  0.56942, 49147,    43
44551.5997801,  0.24439,  9792,    44
44551.7554282,  0.79298, 60792,    43
44551.7723843,  0.92776, 16366,    57
44551.8210995,  0.79034, 41459,    44
44551.8510069,  0.33362, 16366,    55
44551.8803356,  0.87244, 35842,    43
44551.9883449,  0.65817, 49147,    43
44552.0092940,  0.56666,  5239,    43
44552.1054282,  0.68949,  9177,    45
44552.1246759,  0.12895, 62925,    59
44552.1831250,  0.91082, 24453,    43
44552.2458102,  0.38114, 64382,    58
44552.3627083,  0.40987, 49147,    44
44552.4915394,  0.84045, 16366,    44
44552.5128472,  0.08549, 33038,    45
44552.9147801,  0.76946,  3501,    44
44552.9406366,  0.45516,  9447,    44
44553.0022222,  0.57652, 64382,    58
44553.0282639,  0.48160, 65011,    44
44553.0731134,  0.09775, 48641,    53
44553.1894560,  0.20616, 64382,    44
44553.2250926,  0.87026,  4985,    58
44553.2554051,  0.77987, 16580,    44
44553.2605556,  0.33029,  3098,    48
44553.3097685,  0.55567, 53243,    44
44553.3178704,  0.89301, 15886,    45
44553.4295486,  0.02923, 49147,    58
44553.4690972,  0.36209, 18058,    44
44553.5678125,  0.24602, 14369,    44
44553.6617708,  0.46377, 12368,    45
44553.6734838,  0.96388, 15886,    44
44553.7941088,  0.71464, 57787,    44
44553.8343056,  0.45684, 49147,    55
44553.8940278,  0.24734, 49147,    45
44553.9087153,  0.08239, 30864,    45
44553.9384259,  0.21422,  9177,    58
44554.0232176,  0.95740, 40977,    44
44554.0281597,  0.56200,  7433,    45
44554.1675579,  0.16992,  5087,    58
44554.2170718,  0.93268, 49147,    45
44554.2551968,  0.85144,  4114,    57
44554.2696991,  0.59608, 16366,    44
44554.3206481,  0.02510, 32926,    44
44554.3215278,  0.88994, 30266,    55
44554.4475694,  0.95630, 65525,    46
44554.4477778,  0.53020, 65525,    45
44554.4673264,  0.83265, 64382,    44
44554.5277662,  0.61279, 64382,    57
44554.5504745,  0.41853, 11039,    58
44554.6085301,  0.09473, 49147,    44
44554.6185880,  0.99371, 36894,    44
44554.6289236,  0.42727, 64382,    58
44554.6919676,  0.63638, 29526,    45
44554.7492824,  0.80092,  5136,    44
44554.8945602,  0.72191, 14369,    45
44554.9350231,  0.55816, 14369,    58
44554.9579630,  0.42924, 57787,    58
44555.0677894,  0.10558, 39327,    57
44555.1612731,  0.70223, 49147,    58
44555.1699306,  0.16466, 42370,    44
44555.1923032,  0.42981, 45737,    45
44555.4090394,  0.62527,  9177,    45
44555.4109722,  0.88386, 25115,    44
44555.4534606,  0.20801, 39327,    45
44555.4761227,  0.26407, 48641,    58
44555.5559954,  0.91480, 49147,    46
44555.5645255,  0.58598, 39056,    57
44556.0253009,  0.96311, 33412,    45
44556.1066667,  0.39619, 63474,    43
44556.1378588,  0.30420, 57730,    44
44556.1816204,  0.40423, 33412,    45
44556.2008449,  0.38916, 49147,    44
44556.2094444,  0.73437,  5087,    57
44556.2618171,  0.99237, 49147,    44
44556.2811574,  0.47985, 42017,    57
44556.3196296,  0.10757, 64382,    44
44556.3839468,  0.40598, 41860,    44
44556.4139815,  0.12216, 49147,    57
44556.4846759,  0.80759, 28775,    44
44556.4990972,  0.39568, 25315,    45
44556.6468519,  0.89822, 48641,    44
44556.6886111,  0.85360, 49147,    44
44556.7297338,  0.84299, 14369,    56
44556.8962384,  0.95675, 53221,    44
44557.1643287,  0.51453, 12678,    57
44557.2908681,  0.10644, 63474,    57
44557.2911574,  0.41383, 46068,    57
44557.2912731,  0.59971, 46068,    58
44557.4862616,  0.94715, 47595,    58
44557.5272106,  0.75700, 53221,    43
44557.5387963,  0.37682, 58376,    44
44557.5595833,  0.45204, 32926,    45
44557.5634606,  0.28817, 57787,    48
44557.5729282,  0.01284, 27150,    44
44557.6242130,  0.61862, 49147,    44
44557.6432292,  0.57861,  4985,    55
44557.7134838,  0.36864, 62573,    44
44557.7158333,  0.18384, 28775,    57
44557.7161574,  0.14438, 23262,    56
44557.7458796,  0.59104,  9177,    44
44557.7459722,  0.66513,  9177,    50
44557.7832755,  0.09367, 12901,    44
44557.8456481,  0.11256, 39171,    44
44557.8535648,  0.90722, 49147,    44
44558.0291667,  0.33115, 12678,    57
44558.0354977,  0.44661, 34852,    57
44558.1747569,  0.68131, 61402,    57
44558.2173843,  0.39110, 28775,    58
44558.2197569,  0.59822, 12368,    44
44558.2268519,  0.35621, 50789,    44
44558.3020486,  0.97941, 64382,    53
44558.3613079,  0.62452, 25061,    57
44558.4782870,  0.50047, 14369,    45
44558.5281713,  0.92442, 39171,    57
44558.5543981,  0.96002,  9177,    45
44558.6426273,  0.18914, 50144,    44
44558.6721412,  0.76564, 57730,    44
44558.7943981,  0.26328, 64382,    57
44558.8130903,  0.35630,  9177,    44
44558.8310648,  0.38575, 27150,    55
44558.9745139,  0.85562, 12678,    44
44558.9960532,  0.03077,  5087,    57
44559.0003935,  0.84165, 28775,    44
44559.0223843,  0.54511, 42017,    44
44559.1804514,  0.07018,  9177,    43
44559.2348148,  0.67593, 60792,    43
44559.3412037,  0.62316, 27245,    57
44559.3413542,  0.04392, 27245,   222
44559.3414236,  0.25581, 27245,   255
44559.3425463,  0.07308, 65333,    43
44559.4158333,  0.92510, 49662,    43
44559.4475000,  0.68351, 49147,    43
44559.4930903,  0.80380,  9550,    59
44559.4931597,  0.99743,  9550,    57
44559.4933796,  0.58521,  9550,    42
44559.4953009,  0.68087, 63430,    44
44559.5057292,  0.61548, 33123,    43
44559.5183912,  0.53508, 61249,    57
44559.5300463,  0.17793, 49147,    43
44559.5366088,  0.79207,  9054,    54
44559.5366898,  0.01327,  9054,    80
44559.5367593,  0.23777,  9054,   243
44559.5445139,  0.94113, 64382,    58
44559.5822685,  0.91410, 30266,    57
44559.6216667,  0.40965,  3673,    44
44559.6420718,  0.69427, 24838,    64
44559.6662037,  0.12720, 62724,    90
44559.6662731,  0.31639, 62724,    53
44559.6663426,  0.50800, 62724,    41
44559.7741435,  0.12974, 45596,    45
44559.9130208,  0.45607, 33377,   265
44559.9303819,  0.18768, 64382,    57
44559.9325926,  0.56937, 45562,   123
44559.9326620,  0.71570, 45562,    40
44559.9333102,  0.05263, 45562,    57
44559.9344676,  0.74008,  9234,    48
44559.9361690,  0.27705,  4985,    43
44560.0438310,  0.09742, 28464,    43
44560.0524653,  0.13284, 25315,    43
44560.0835880,  0.49353, 28464,    49
44560.0897106,  0.21129, 49662,    43
44560.1270370,  0.34351, 58376,    44
44560.1995370,  0.90244, 33123,    57
44560.2562153,  0.01325,  9234,    57
44560.2766204,  0.77608,  4985,    56
44560.2826968,  0.62210, 15695,    56
44560.3525694,  0.52646, 39327,    43
44560.4260995,  0.27420, 17926,    44
44560.4488542,  0.57088, 48641,    44
44560.4505093,  0.87798, 64382,    43
44560.4924190,  0.54076, 11039,    48
44560.6576968,  0.70802, 48757,    57
44560.6901505,  0.76934, 64382,    43
44560.8732292,  0.87403, 15695,    43
44560.9490625,  0.79879, 60236,    56
44560.9779977,  0.57921, 64382,    43
44561.0441551,  0.96189, 64382,    54
44561.0750810,  0.53152, 65525,    43
44561.1505556,  0.19507, 36809,    43
44561.1633796,  0.22841, 39327,    43
44561.1724190,  0.83620, 33652,    56
44561.3061343,  0.26765, 65011,   113
44561.3743750,  0.42984, 37199,    46
44561.4109722,  0.14325, 22055,    43
44561.4184491,  0.79216,  9177,    42
44561.4832176,  0.48969, 39056,    43
44561.4908333,  0.79886,  1903,    42
44561.5229282,  0.27518, 49147,    43
44561.5994560,  0.87678, 48641,    43
44561.6540278,  0.98757, 49147,    42
44561.7187500,  0.79646,  9177,    42
44561.7899306,  0.45057, 33838,    42
44561.8219676,  0.69827, 14085,    43
44561.9956250,  0.73547, 49662,    56
44562.0044097,  0.90750, 25115,    56
44562.0425579,  0.64531, 62606,    55
44562.0906481,  0.13694,  3098,    42
44562.1655093,  0.89334, 65525,    42
44562.2369792,  0.57998, 49147,    56
44562.2771528,  0.19142, 24838,    42
44562.3348032,  0.94290, 28775,    56
44562.3638079,  0.12026, 19926,    43
44562.4353819,  0.65469, 60792,    42
44562.5855324,  0.99558, 59852,    42
44562.7458565,  0.74207, 33038,    42
44562.7896991,  0.66736, 64382,    42
44562.8052894,  0.14961,  3098,    50
44562.8350810,  0.90758, 28775,    46
44562.8455093,  0.32928,   799,    42
44562.8993171,  0.77709,  1291,    42
44562.9144213,  0.66885, 63474,    56
44563.0194213,  0.80078, 49147,    42
44563.0568750,  0.16831, 64382,    42
44563.0689120,  0.13761, 32926,    55
44563.1518750,  0.41632, 65525,    56
44563.1777778,  0.72367, 48641,    52
44563.3290856,  0.98908,  3985,    42
44563.5601620,  0.03499, 36894,    55
44563.6398148,  0.33662, 10162,    47
44563.6691898,  0.85099, 10363,    43
44563.7850579,  0.13394, 47595,    42
44563.9437269,  0.32515, 48641,    55
44564.3131597,  0.00326, 49147,    42
44564.3242130,  0.39444,  2524,    50
44564.4125810,  0.54804,  3098,    42
44564.4250463,  0.70103,  3985,    42
44564.5340625,  0.64507,  8427,    43
44564.6414931,  0.92502, 28775,    42
44564.6986806,  0.30252, 49147,    42
44564.7381366,  0.01284, 57787,    55
44564.7684144,  0.61706, 49662,    55
44564.8138079,  0.43783, 13820,    46
44564.8795949,  0.28764, 49147,    42
44564.9296991,  0.47359,   769,    56
44564.9315625,  0.42324, 55861,    55
44564.9472106,  0.04846,  1291,    55
44565.0032176,  0.07298,  7631,    43
44565.0209606,  0.89644, 22386,    55
44565.1362963,  0.42720, 65011,    42
44565.2950463,  0.52113, 64382,    56
44565.3289815,  0.71500, 13268,    42
44565.4012269,  0.57919, 64382,    56
44565.4014815,  0.93916, 64382,    56
44565.4302662,  0.98802, 43381,    57
44565.5100347,  0.30571, 49662,    54
44565.5577662,  0.07574, 63430,    42
44565.5809144,  0.79831,  9177,    42
44565.7283218,  0.45408, 40977,    56
44565.7651273,  0.13795, 41868,    44
44565.7679282,  0.68668, 33377,    42
44565.8382407,  0.76694, 24838,    42
44565.8464352,  0.04349,  3985,    56
44565.8560532,  0.89315, 62125,    55
44565.9915278,  0.33000,  7433,   289
44565.9915972,  0.49660,  7433,    43
44566.0885648,  0.47186, 28775,    43
44566.2773264,  0.34128, 53243,    42
44566.2993866,  0.63544,  4114,    43
44566.3433565,  0.76833,  9177,    56
44566.3538889,  0.67293, 16366,    56
44566.3548264,  0.96292, 27150,    43
44566.5695602,  0.16274, 63430,    56
44566.6110301,  0.32688,  5087,    43
44566.7167824,  0.03089, 57954,    65
44566.7168519,  0.15127, 57954,    41
44566.8353588,  0.12127, 49147,    42
44566.8669097,  0.91542, 63474,    44
44566.8989005,  0.56764, 63808,    43
44566.9106019,  0.76137, 57204,    54
44566.9175694,  0.01378, 53243,    42
44566.9608912,  0.12005, 64382,    42
44566.9788889,  0.73231, 49147,    56
44567.0355208,  0.96018, 49147,    43
44567.0578472,  0.78626, 32926,    43
44567.3571296,  0.61672, 57204,    43
44567.4806250,  0.01764, 62759,    47
44567.5491204,  0.67634, 39327,    43
44567.6273380,  0.70523, 64382,    43
44567.7155208,  0.58509, 63474,    44
44567.7436806,  0.18026, 48611,    56
44567.7439468,  0.77083, 64382,    43
44567.8010995,  0.38896, 49147,    57
44567.8098843,  0.18614, 63474,    51
44567.8196181,  0.95085, 14369,    43
44567.9530093,  0.90854,  1903,    56
44567.9534606,  0.81559, 50789,    43
44568.0519329,  0.00922, 49147,    43
44568.2079514,  0.68426,  9177,    43
44568.3356134,  0.95284, 35842,    57
44568.3971181,  0.65901, 58857,    43
44568.4076852,  0.44827, 11396,    43
44568.4832523,  0.60554,  3098,    43
44568.5267940,  0.93683, 32926,    43
44568.5339815,  0.79103, 57204,    44
44568.6285648,  0.43209, 13820,    45
44568.6957060,  0.02726, 29717,    44
44568.8381134,  0.94108,  3985,    44
44568.8633218,  0.22771,  5087,    43
44568.9350579,  0.11213, 29280,    43
44568.9954745,  0.20865, 49662,    44
44569.0238194,  0.07428, 28775,    43
44569.1038542,  0.28003,   799,    43
44569.1377662,  0.67036, 48641,    44
44569.2000231,  0.86011, 63430,    57
44569.2002199,  0.01219, 63430,    44
44569.2048032,  0.37692, 33838,    44
44569.2050926,  0.46790, 33838,    43
44569.5482523,  0.26988, 64382,    44
44569.5958796,  0.36365, 57730,    57
44569.5961458,  0.08304, 57730,    44
44569.6474190,  0.77455, 52062,    57
44569.6587384,  0.66412, 49147,    44
44569.7139583,  0.34541, 49147,    44
44569.8204167,  0.08434, 49147,    44
44569.8755324,  0.22106, 63474,    44
44569.9267014,  0.27144, 12678,    44
44570.0065278,  0.09473, 12678,    42
44570.0446759,  0.17700,  4274,    43
44570.2719560,  0.88034, 11664,    44
44570.3735417,  0.46605,  9177,    57
44570.3808102,  0.08057,  3985,    44
44570.3841898,  0.95685, 25869,    43
44570.3973843,  0.48405, 49040,    57
44570.4096528,  0.67252, 16580,    44
44570.6444560,  0.29011, 20429,    45
44570.6524421,  0.37574, 49147,    44
44570.8288773,  0.96590, 49147,    44
44571.0585069,  0.11227, 39056,    57
44571.1088079,  0.03696, 27150,    44
44571.2472801,  0.46593,  3985,    57
44571.2703935,  0.76631, 39056,    57
44571.3277662,  0.13507, 20681,    57
44571.3641782,  0.29174, 16366,    57
44571.3969907,  0.56476, 64825,    43
44571.7094329,  0.00175,  9792,    44
44571.7511690,  0.19521,  7433,    43
44571.8298148,  0.82468, 40977,    44
44571.8552315,  0.13137, 53243,    57
44571.8604514,  0.55826, 11664,    43
44571.8696644,  0.77985,  9177,    44
44571.9731019,  0.87868,  9177,    44
44572.0932986,  0.68781,  3063,    57
44572.1190394,  0.44076, 25061,    57
44572.2579398,  0.41611, 24453,    57
44572.2841319,  0.89483, 15230,    43
44572.5495949,  0.78549, 64382,    43
44572.5542593,  0.19257, 39056,    44
44572.7263657,  0.62995, 15695,    57
44572.7623958,  0.65949, 11703,    44
44572.7768750,  0.71539, 16580,    44
44572.9478125,  0.84611, 32926,    44
44572.9507523,  0.67303, 65525,    57
44572.9679630,  0.59889,  5087,    57
44573.0024190,  0.59493, 54653,    44
44573.1169792,  0.81362, 28775,    41
44573.2072454,  0.69640, 36809,    43
44573.2373958,  0.04373, 14085,    44
44573.5157060,  0.87522, 16366,    44
44573.5162037,  0.52130,  1291,    57
44573.5792593,  0.60487,  9177,    46
44573.5888079,  0.89116,  3098,    56
44573.7632292,  0.91406,  5087,    43
44573.8726505,  0.88910,   799,    44
44573.9356713,  0.97667, 25883,    44
44573.9920370,  0.33830, 63430,    45
44573.9957176,  0.88372, 57730,    44
44574.0278935,  0.04759, 64382,    43
44574.0860764,  0.35582, 49147,    44
44574.1613079,  0.25245, 60236,    57
44574.3780440,  0.23844, 41459,    57
44574.3961343,  0.26700,  5239,    43
44574.5384491,  0.04106, 45596,    57
44574.6123148,  0.17997, 36809,    44
44574.6650463,  0.43382,  1903,    51
44574.6656944,  0.41304, 49147,    44
44574.7464352,  0.41618, 59746,    44
44574.8161343,  0.31284, 64797,    42
44574.8840162,  0.43804, 24453,    48
44574.8898611,  0.71032, 48347,    47
44574.9016551,  0.48463, 65333,    44
44574.9922917,  0.87283, 48641,    44
44574.9959144,  0.15919, 39056,    57
44575.0518403,  0.14489,  3673,    44
44575.0845255,  0.67845,  9447,    44
44575.2121991,  0.54448, 16580,    44
44575.3769097,  0.12101, 64382,    44
44575.3827894,  0.16687, 57204,    44
44575.4290972,  0.64437, 42017,    44
44575.4523148,  0.40377, 49147,    57
44575.4815625,  0.54424, 63474,    58
44575.5648727,  0.56296, 15230,    57
44575.5705208,  0.14217,  9447,    57
44575.5916551,  0.11602, 43324,    43
44575.5931250,  0.58910,  5087,    44
44575.7069792,  0.87237, 64382,    44
44575.8393981,  0.02366, 62222,    44
44575.9257986,  0.90630, 36894,    58
44575.9842940,  0.39544, 62222,    44
44575.9915509,  0.42938,  7433,    44
44576.0600347,  0.62234, 17290,    57
44576.0989699,  0.32421, 64382,    46
44576.1420255,  0.15312, 38764,    57
44576.2006019,  0.96969, 64382,    57
44576.2516435,  0.03475, 39327,    57
44576.2881481,  0.00132,  5087,    57
44576.2918634,  0.24125, 57730,    57
44576.3219792,  0.94502, 22386,    44
44576.4369560,  0.97967, 57787,    57
44576.4900116,  0.56388, 49147,    44
44576.5021528,  0.67149, 57814,    57
44576.5088426,  0.49204, 63474,    44
44576.5684838,  0.49425,  1291,    44
44576.6134144,  0.23861, 28775,    44
44576.7033681,  0.08741, 40977,    56
44576.7437616,  0.96798, 15886,    44
44576.8878588,  0.17822, 55633,    44
44576.8884722,  0.51753, 64382,    57
44576.9448843,  0.26213, 57730,    48
44577.3618866,  0.46708, 39310,    45
44577.3713542,  0.77942, 30864,    43
44577.3912847,  0.94888, 63474,    44
44577.4928935,  0.87487, 64382,    43
44577.5686111,  0.44786, 49147,    60
44577.5769907,  0.60832, 16366,    43
44577.6970718,  0.71743, 22705,    44
44577.7086806,  0.97881, 49147,    57
44577.8001505,  0.67826, 64382,    43
44577.8811574,  0.80587, 36894,    45
44577.8945833,  0.07109, 33774,    44
44577.9200579,  0.19209, 49147,    57
44577.9391435,  0.44678, 29280,    57
44577.9710880,  0.64427, 50144,    57
44578.0851620,  0.26145, 64382,    57
44578.1499421,  0.90239, 25869,    49
44578.1874421,  0.14918,  9177,    57
44578.2869560,  0.39326, 39327,    57
44578.3118287,  0.97686, 64382,    44
44578.3688426,  0.11566, 64382,    56
44578.3867824,  0.65915,  3985,    44
44578.4544213,  0.16548, 39056,    44
44578.5201505,  0.56748, 49147,    44
44578.6548032,  0.91672, 49147,    52
44578.6549074,  0.53616, 49147,    57
44578.7200694,  0.05875, 24838,    44
44578.7870949,  0.57451,  6713,    79
44578.7879977,  0.91245, 64382,    45
44578.8740046,  0.33557, 12678,    44
44578.8757986,  0.82411, 49147,    44
44579.1361690,  0.85816, 62606,    57
44579.1793403,  0.40694, 12678,    46
44579.1983449,  0.88977, 16366,    44
44579.3236690,  0.88722, 36809,    43
44579.3279861,  0.09144, 22563,    44
44579.3500463,  0.12098, 12678,    57
44579.3801620,  0.82552,  5932,    44
44579.3998264,  0.14335, 37199,    44
44579.4811111,  0.96662,  3985,    58
44579.5017014,  0.60688, 33412,    57
44579.5561574,  0.85252, 63474,    57
44579.5737963,  0.85615, 57204,    57
44579.5960648,  0.59282, 58292,    44
44579.6918171,  0.99921, 64382,    43
44579.7779282,  0.86627, 24838,    57
44579.8079398,  0.40867, 57730,    44
44579.8475000,  0.88578, 14369,    44
44579.8851620,  0.80071,  9177,    44
44579.9645486,  0.93844, 33182,    44
44579.9977662,  0.28953, 16366,    57
44580.0459375,  0.47040, 32926,    44
44580.0649190,  0.29861, 49147,    44
44580.2000694,  0.94257,  9550,    43
44580.2392130,  0.13202, 16580,    57
44580.3995718,  0.59858, 49147,    44
44580.4093519,  0.32323, 28464,    50
44580.4381250,  0.28905,  8427,    44
44580.4475579,  0.73732, 49147,    44
44580.4756713,  0.24871, 12678,    57
44580.5457292,  0.98006, 49147,    44
44580.5864468,  0.71906, 41860,    57
44580.6471644,  0.15000, 24358,    43
44580.7291319,  0.03180, 20058,    58
44580.7554167,  0.29738, 16366,    57
44580.8190162,  0.85305, 60792,    43
44580.8272685,  0.36787,  6426,    44
44580.8992361,  0.20611, 16366,    57
44580.9105324,  0.01920, 20681,    44
44580.9398495,  0.39374, 49147,    44
44580.9519792,  0.05086, 64382,    46
44581.2547685,  0.93966,  2524,    56
44581.2818981,  0.99674, 63474,    44
44581.3073958,  0.69419, 47129,    57
44581.3550579,  0.24624, 65333,    43
44581.4986574,  0.39211, 16366,    57
44581.6513889,  0.38848,  9447,    58
44581.6824074,  0.20256, 24838,    56
44581.9610069,  0.04042, 46068,    44
44581.9729167,  0.84340, 49147,    57
44582.0237269,  0.38791, 49662,    44
44582.0344213,  0.99311, 27150,    44
44582.0734028,  0.56872,  4274,    43
44582.0954514,  0.65903, 49147,    48
44582.1502431,  0.28406,  9792,    44
44582.3185301,  0.55370, 30864,    58
44582.3475231,  0.82108,  3098,    44
44582.3525694,  0.88586,  7631,    58
44582.3635301,  0.61377, 49147,    44
44582.4891551,  0.16241, 14369,    44
44582.4903356,  0.47025, 64382,    44
44582.5800231,  0.65459, 64382,    44
44582.6339699,  0.67586, 14369,    43
44582.7159838,  0.85670, 49147,    56
44582.7310995,  0.23395, 57814,    57
44582.9005440,  0.58795, 58376,    57
44583.0312616,  0.09427, 20999,    43
44583.0721065,  0.21842, 14085,    44
44583.0845255,  0.36165, 24358,    44
44583.4042361,  0.08803, 27725,    57
44583.4581713,  0.87434, 64382,    44
44583.5227546,  0.65990, 49147,    57
44583.5642130,  0.17109,  3985,    57
44583.6204167,  0.36067, 33838,    44
44583.7151505,  0.52442,  5087,    57
44583.7258796,  0.00463, 35842,    57
44583.7965394,  0.69191, 49147,    43
44583.8048727,  0.19737, 29280,    46
44583.8056250,  0.50553,  3673,    44
44583.8471412,  0.06646, 49147,    57
44583.8778241,  0.54856, 63474,    44
44583.9010185,  0.38076, 49147,    43
44584.0315394,  0.01058, 10363,    52
44584.1014352,  0.78232, 12678,    44
44584.1060764,  0.80188, 53221,    51
44584.2314352,  0.05208,  9177,    44
44584.2681134,  0.98987, 10363,    44
44584.3262037,  0.75321,  5087,    44
44584.3672917,  0.00050, 49147,    57
44584.3673264,  0.63230, 49147,    55
44584.4806481,  0.92610, 63474,    57
44584.6650926,  0.78955, 42017,    43
44584.7968171,  0.37658, 62222,    56
44584.8314468,  0.24309, 49147,    44
44584.8369676,  0.33806, 28775,    43
44584.8608449,  0.17621, 39056,    45
44584.9309722,  0.48290, 39056,    57
44584.9715278,  0.83119, 22386,    57
44584.9836574,  0.06204, 16580,    44
44585.0409144,  0.67175, 16366,    57
44585.0569329,  0.23957,  7657,    57
44585.1056250,  0.42885, 63474,    46
44585.1345833,  0.08887, 49147,    43
44585.1953356,  0.04373, 29717,    43
44585.1967593,  0.54144, 60792,    56
44585.2078704,  0.87906, 39056,    56
44585.2465162,  0.92769,  7631,    43
44585.2556250,  0.85461, 43617,    56
44585.2596875,  0.50272, 64382,    44
44585.3014468,  0.34339, 65333,    43
44585.3258796,  0.20904, 65525,    57
44585.3911111,  0.95994,  9177,    57
44585.3913426,  0.10610,  9177,    57
44585.3948380,  0.98001, 24453,    57
44585.4059028,  0.59553, 49147,    57
44585.4149769,  0.30881,  3063,    44
44585.4581366,  0.62076, 65525,    77
44585.5371528,  0.48537, 49147,    46
44585.5532060,  0.92238,  3985,    57
44585.5577315,  0.35340, 45596,    46
44585.6224421,  0.69239, 33182,    41
44585.6509375,  0.13567, 64382,    57
44585.6675694,  0.03953, 49147,    43
44585.6823958,  0.72019, 49147,    44
44585.7739468,  0.52029, 63430,    43
44585.7777894,  0.57624, 49147,    44
44585.8356019,  0.04524, 64382,    44
44585.9130671,  0.34805, 33182,    43
44585.9313079,  0.47680, 28775,    56
44585.9382986,  0.21329,  5087,    57
44586.0438657,  0.19543,  9177,    57
44586.0762963,  0.94163, 63474,    44
44586.2189468,  0.91720, 16580,    44
44586.2279977,  0.86287, 50144,    43
44586.2450579,  0.12979, 49147,    43
44586.2725694,  0.77443, 48685,    44
44586.2836690,  0.51170, 65011,    57
44586.2906134,  0.19961, 63474,    43
44586.3358681,  0.24180, 22563,    44
44586.3506366,  0.12948, 59852,    43
44586.3640162,  0.48441, 20828,    57
44586.4656134,  0.91173, 49147,    43
44586.6841551,  0.74623, 64382,    44
44586.7147338,  0.74104, 16366,    43
44586.8351273,  0.84542, 57730,    44
44586.8431713,  0.56611, 49147,    57
44586.8526852,  0.94214,  9054,    44
44586.8567708,  0.52581, 49147,    43
44586.9739699,  0.48153, 64382,    43
44587.0003009,  0.49800, 14369,    44
44587.0377662,  0.69823, 12678,    44
44587.1361111,  0.31433, 64382,    47
44587.2715394,  0.93434, 63474,    44
44587.2987269,  0.71719,  3098,    43
44587.3273843,  0.32145, 16366,    44
44587.3847106,  0.04109, 11039,    57
44587.4217824,  0.20198, 63557,    44
44587.4735417,  0.52672,   769,    44
44587.5497685,  0.18038, 53221,    57
44587.5541435,  0.66251, 12678,    44
44587.6438542,  0.56409,  9177,    57
44587.7036343,  0.07942,  5087,    43
44587.7349190,  0.06578, 63430,    44
44587.7580787,  0.79365, 38183,    44
44587.8901505,  0.87357, 39327,    44
44587.9633102,  0.20078, 63430,    57
44587.9746181,  0.60108, 49147,    57
44588.0082060,  0.18521,  3985,    43
44588.0455556,  0.98747, 50144,    43
44588.0639468,  0.34008, 64382,    44
44588.1245949,  0.94550, 64382,    56
44588.1911921,  0.55711, 49147,    43
44588.2879745,  0.09094,  5239,    45
44588.4149421,  0.12216,  9177,    57
44588.4262847,  0.25579, 28775,    44
44588.4498843,  0.75842, 23262,    44
44588.4538310,  0.65954, 36894,    58
44588.5165278,  0.79528, 64382,    57
44588.5480440,  0.38035, 57730,    57
44588.8037384,  0.91578, 49147,    44
44588.8371528,  0.53592,  1291,    51
44588.8940856,  0.56949, 20681,    57
44588.9118866,  0.17510,  6193,    43
44588.9181250,  0.00278,  5087,    44
44588.9747685,  0.23645, 63474,    57
44589.0325579,  0.58617, 43080,    43
44589.0378704,  0.31790, 17926,    44
44589.1113542,  0.39331, 49147,    43
44589.1389120,  0.50527, 58626,    57
44589.3012384,  0.96431, 63474,    56
44589.3246759,  0.74517, 64382,    48
44589.3969676,  0.83313, 65011,    57
44589.5771065,  0.36329, 16366,    44
44589.6939352,  0.46341, 63474,    44
44589.7309606,  0.21727, 63474,    43
44589.7320370,  0.04121,  3098,    57
44589.7328588,  0.45818, 14085,    44
44589.7585417,  0.47150,  5932,    44
44589.8157755,  0.74865, 49147,    43
44589.8491551,  0.02059,  9177,    43
44589.8568403,  0.97991,  3985,    57
44589.8569097,  0.26330,  3985,    57
44589.8999537,  0.73269,  6713,    44
44589.9238773,  0.57081, 48641,    44
44589.9256366,  0.00118, 49147,    53
44590.0239931,  0.92404, 49147,    43
44590.0449190,  0.33209, 10363,    44
44590.1786690,  0.89210, 16366,    57
44590.1901736,  0.61060, 36894,    44
44590.2362616,  0.33139, 36894,    43
44590.3063079,  0.04870, 49147,    43
44590.3656597,  0.56565, 49147,    44
44590.4567593,  0.33372, 28775,    57
44590.5059954,  0.52521, 65525,    44
44590.6426157,  0.61596, 49147,    44
44590.6503472,  0.34817, 12678,    43
44590.7156944,  0.86990, 37710,    57
44590.7798611,  0.75023, 62222,    43
44590.8990509,  0.51681,  5087,    57
44591.0502778,  0.84897, 25869,    43
44591.1777199,  0.46291, 64382,    57
44591.1886806,  0.66518, 63474,    43
44591.4690625,  0.24141, 25974,    57
44591.5080324,  0.71637, 26975,    57
44591.6213310,  0.03204, 64382,    44
44591.6714120,  0.72806, 34852,    44
44591.7047106,  0.05856, 15886,    57
44591.7233449,  0.61332,  3985,    57
44591.8135995,  0.41988, 62925,    44
44591.8528125,  0.55149, 15695,    44
44591.9092593,  0.59716, 49147,    43
44591.9147106,  0.46149, 49147,    44
44592.2351157,  0.21864, 33774,    43
44592.2405440,  0.38558, 49717,    44
44592.3556366,  0.76192, 49147,    43
44592.3558565,  0.62124, 49147,    44
44592.3963194,  0.41169, 41860,    57
44592.4710648,  0.58490, 63474,    44
44592.4903009,  0.22601, 62573,    43
44592.5556250,  0.05863, 62222,    43
44592.6708681,  0.77435, 20681,    43
44592.7822106,  0.36132,   799,    44
44592.8061458,  0.62385, 64382,    44
44592.9207870,  0.72239, 39056,    57
44593.0425463,  0.67653,  5087,    57
44593.0738773,  0.63153, 64382,    44
44593.1595602,  0.91521, 32926,    47
44593.3587847,  0.21667, 33412,    44
44593.3848264,  0.39465, 24453,    44
44593.4034606,  0.56620, 50144,    44
44593.5520833,  0.51597, 16366,    44
44593.6626968,  0.65143, 57730,    43
44593.6802546,  0.35575, 35842,    57
44593.7306019,  0.93117, 48611,    44
44593.7512731,  0.77831, 39530,    48
44593.8559954,  0.98416, 49147,    57
44593.8933796,  0.77183, 39327,    57
44594.3188889,  0.43485, 49147,    54
44594.4642824,  0.19140, 38183,    57
44594.5174884,  0.85163, 49147,    51
44594.5190394,  0.93009, 64851,    44
44594.5939120,  0.68354,  5087,    56
44594.6037731,  0.85507, 42017,    56
44594.6874769,  0.50959, 15898,    57
44594.7198148,  0.29095, 49147,    44
44594.8070023,  0.73790, 28775,    44
44595.0261343,  0.19524, 49147,    56
44595.1518171,  0.69261, 54846,    43
44595.2882292,  0.69062, 49147,    44
44595.3071296,  0.88295,  4114,    46
44595.3304514,  0.25325, 43080,    43
44595.3310648,  0.29618, 40977,    43
44595.3319329,  0.57235, 64382,    57
44595.3357176,  0.33405, 17926,    58
44595.3685417,  0.01831,  3098,    57
44595.3911343,  0.20556, 16580,    44
44595.5156481,  0.63830, 63474,    43
44595.5512847,  0.16896, 49147,    43
44595.7302662,  0.13637, 49147,    45
44595.8569560,  0.54952, 47749,    44
44595.9050000,  0.61989, 60737,    53
44595.9125000,  0.00977, 49147,    43
44595.9283333,  0.81189, 10363,    57
44596.0083449,  0.98123, 64382,    44
44596.0862384,  0.86217, 57954,    57
44596.1176968,  0.40368, 53243,    56
44596.1681250,  0.48986,  9177,    57
44596.2995023,  0.12264, 39310,    56
44596.3360648,  0.45211,  7657,    43
44596.3424074,  0.07202, 64382,    57
44596.4760301,  0.40156, 49147,    45
44596.4913657,  0.42391, 65525,    56
44596.5460069,  0.32431,  7631,    57
44596.5585648,  0.43118, 53221,    57
44596.6786458,  0.05923, 48757,    43
44596.7872569,  0.12864,  5239,    56
44596.8046181,  0.43528, 49147,    44
44596.8402662,  0.50064, 14369,    43
44596.8407176,  0.48604, 63474,    43
44596.8848264,  0.50311, 63474,    57
44596.9668981,  0.62073,  4274,    43
44597.0046065,  0.60151, 25061,    47
44597.0311458,  0.68798,   769,    57
44597.0723495,  0.29594, 48611,    56
44597.0754745,  0.14628, 10363,    57
44597.1527431,  0.83445, 27245,    57
44597.1777315,  0.02856, 52062,    44
44597.1830208,  0.86027,   769,    57
44597.1981481,  0.78453,  2524,    43
44597.2612963,  0.14841,  3985,    54
44597.3653704,  0.22574, 62222,    57
44597.5245833,  0.40243, 57787,    43
44597.5500694,  0.23225, 62993,    43
44597.5699537,  0.39972,  9177,    56
44597.6314583,  0.49358,  3985,    43
44597.6839815,  0.82447, 11039,    57
44597.7674074,  0.09809, 20429,    57
44597.7698032,  0.45753, 63474,    46
44597.7885185,  0.64403, 48641,    57
44597.7964236,  0.97214, 35842,    43
44597.7992593,  0.44877, 62993,    43
44597.8660532,  0.49404, 37710,    57
44597.9372569,  0.61207,  9177,    56
44597.9417593,  0.71776, 39171,    57
44598.2278819,  0.14366, 63474,    43
44598.6459954,  0.18461, 16366,    56
44598.7004282,  0.78537, 28775,    42
44598.7910648,  0.45717,  3098,    56
44598.9215162,  0.01286,  2524,    57
44598.9393981,  0.17642, 15695,    44
44599.0087616,  0.89090, 15886,    57
44599.0302315,  0.47580, 29526,    43
44599.0904745,  0.87335, 58376,    57
44599.1729514,  0.61483, 20681,    43
44599.2237384,  0.20441, 53243,    44
44599.2881366,  0.92291, 49662,    44
44599.3198958,  0.33919, 57204,    43
44599.3726157,  0.21425, 54846,    43
44599.3879398,  0.07147, 25869,    44
44599.5273380,  0.49452, 57730,    55
44599.6535648,  0.70622, 63474,    43
44599.6546875,  0.78695, 30864,    57
44599.6734259,  0.44248, 17290,    44
44599.6811111,  0.62390, 64382,    55
44599.6929514,  0.36665, 64382,    43
44599.7295370,  0.62887,  3098,    56
44599.7390509,  0.57309,  5932,    44
44599.8984375,  0.58022,  1291,    57
44599.9586111,  0.10889, 49147,    57
44600.0958912,  0.01142, 55633,    44
44600.1688079,  0.49192,   769,    68
44600.2092824,  0.35921, 63474,    44
44600.5003935,  0.29911, 49147,    44
44600.5249769,  0.00862,  3098,    48
44600.5254282,  0.48189,  3985,    43
44600.5927315,  0.28824,  7657,    57
44600.5930093,  0.03653,  7657,    45
44600.6222454,  0.66871, 63430,    57
44600.6749306,  0.73502, 20999,    57
44600.6844213,  0.37960,  5087,    47
44600.7377083,  0.91173, 12368,    57
44600.7604282,  0.48463, 58292,    57
44600.7832060,  0.45336, 24358,    57
44601.0936806,  0.91139, 46068,    44
44601.2008565,  0.95762, 64382,    56
44601.2415046,  0.25358, 15695,    44
44601.2685764,  0.20618,  3098,    43
44601.3217014,  0.49869, 49147,    57
44601.4825000,  0.37193, 64382,    57
44601.5877083,  0.16224,  7631,    43
44601.6049769,  0.01001, 17926,    57
44601.7199306,  0.77438, 37199,    43
44601.7540394,  0.32601, 16366,    56
44601.8550694,  0.61053, 12901,    51
44601.9879745,  0.92327, 63474,    43
44602.0629745,  0.51652, 40977,    57
44602.1215394,  0.81911, 16366,    43
44602.2410417,  0.11256, 27910,    53
44602.2708796,  0.44930, 14369,    43
44602.3418981,  0.17990,  3985,    44
44602.3420486,  0.82058,  3985,    57
44602.3482870,  0.33057, 63474,    44
44602.3675000,  0.69146, 64382,    55
44602.4666667,  0.94029, 25869,    57
44602.8178819,  0.44054, 64072,    56
44602.9601620,  0.82610, 16366,    56
44602.9834722,  0.36727, 57787,    43
44603.1140046,  0.56668, 53243,    56
44603.1682523,  0.20657, 64382,    43
44603.1746528,  0.37041,   799,    43
44603.1794444,  0.68791,  9177,    46
44603.2104398,  0.06605, 65011,    55
44603.2328472,  0.56611, 49717,    56
44603.3840741,  0.02770, 28775,    43
44603.4349769,  0.06900, 64382,    57
44603.6245139,  0.27960, 35842,    43
44603.7055787,  0.03677, 16366,    43
44603.9962731,  0.43867, 37199,    44
44604.0153704,  0.74942,   799,    44
44604.0204861,  0.22848, 33123,    56
44604.0891551,  0.71779, 63474,    43
44604.0997106,  0.62217, 48347,    43
44604.1473958,  0.70852, 63474,    43
44604.1515278,  0.38229, 49147,    57
44604.1515741,  0.19092, 49147,    44
44604.2420139,  0.05539,  1291,    44
44604.2422222,  0.75952,  1291,    43
44604.2762616,  0.02611, 28775,    44
44604.3380324,  0.73958, 16366,    43
44604.3467130,  0.11141, 64382,    44
44604.4650579,  0.28478, 63474,    44
44604.4980093,  0.38440, 64382,    45
44604.5436111,  0.85204, 27150,    57
44604.7250000,  0.69554, 15886,    44
44604.7347569,  0.57732, 65525,    44
44604.7527778,  0.93206,  3098,    57
44604.7581250,  0.04018, 33038,    57
44604.8361806,  0.96904, 20681,    43
44604.8936690,  0.98310,  9447,    57
44604.9317130,  0.31164, 39327,    43
44605.0787153,  0.16867, 12678,    45
44605.2331250,  0.56592, 49147,    44
44605.4111227,  0.05998,  5087,    43
44605.4283449,  0.40881, 65333,    44
44605.4383796,  0.77198, 47779,    56
44605.5151620,  0.28826, 26975,    44
44605.6834838,  0.53018,  5136,    44
44605.8375231,  0.63083, 49147,    43
44606.1002778,  0.78837, 17290,    45
44606.1186806,  0.33722, 42711,    57
44606.1841088,  0.43795, 39056,    57
44606.2575926,  0.47464, 11869,    44
44606.3189583,  0.86301, 49147,    57
44606.3463542,  0.54160, 10363,    57
44606.6889005,  0.00912,  5087,    57
44606.6933565,  0.38385, 12678,    57
44606.7578125,  0.76187, 49147,    46
44606.8263542,  0.67991, 49147,    57
44606.8759838,  0.06468,   769,    43
44606.8857292,  0.45069, 49147,    44
44606.9048843,  0.68786, 22563,    44
44606.9674653,  0.52872, 64382,    57
44607.1268171,  0.70867, 47129,    57
44607.1710764,  0.05551,  4985,    57
44607.2391898,  0.95217, 27150,    57
44607.3990972,  0.99290, 25061,    57
44607.4131597,  0.03072, 49147,    44
44607.4754977,  0.32714, 49147,    45
44607.4809259,  0.97295, 16366,    43
44607.5188426,  0.93549, 49147,    44
44607.5611343,  0.18074, 63474,    57
44607.6070602,  0.23220, 49147,    44
44607.7447454,  0.23724, 49147,    44
44607.7639236,  0.81237, 65525,    47
44607.7870718,  0.11532,  3985,    44
44607.8187616,  0.21439,  9177,    44
44607.8187731,  0.82149,  9177,    57
44607.8641088,  0.25440, 64382,    53
44607.8981134,  0.11098, 32926,    44
44607.9705440,  0.35558, 33123,    44
44608.0625463,  0.93671, 64825,    44
44608.1094097,  0.16670, 16366,    56
44608.4279167,  0.19644, 55633,    44
44608.4864583,  0.69115, 49147,    58
44608.4891782,  0.01195, 62222,    43
44608.6057870,  0.47148,  5932,    44
44608.7995255,  0.73015, 15886,    43
44608.9348958,  0.81251,  5136,    44
44609.0706713,  0.79252, 33038,    44
44609.0952083,  0.32901, 40977,    56
44609.2001852,  0.67358, 49147,    42
44609.2293866,  0.00674, 25315,    51
44609.2535648,  0.79586, 29280,    56
44609.2622454,  0.82022, 49147,    43
44609.2711574,  0.66967, 63474,    44
44609.3356713,  0.61903, 29280,    57
44609.3460185,  0.46512, 50789,    56
44609.3797106,  0.01666,  3098,    56
44609.4916551,  0.18681,  9177,    56
44609.6010069,  0.60729, 22705,    57
44609.7372685,  0.81160, 62925,    56
44609.7594444,  0.11054, 58857,    43
44609.7866319,  0.06067, 22496,    56
44609.8706250,  0.52509, 50789,    44
44610.0260185,  0.45633,  9177,    56
44610.0332639,  0.23340, 64382,    42
44610.0652431,  0.98927, 49717,    56
44610.0955556,  0.80176, 14369,    42
44610.1346296,  0.12895,  9177,    42
44610.1515856,  0.98135, 25315,    43
44610.2949306,  0.12677, 11664,    56
44610.3232176,  0.20623, 16580,    43
44610.3251852,  0.03271, 64382,    43
44610.4198264,  0.68133, 49147,    56
44610.4443287,  0.78391, 11039,    42
44610.4489352,  0.76370, 15886,    45
44610.4506829,  0.67070, 64382,    56
44610.4789468,  0.68335, 63558,    44
44610.4841088,  0.27386, 48641,    42
44610.7626852,  0.92397, 15695,    57
44610.7990162,  0.89994, 49662,    46
44610.8039468,  0.87463, 39056,    56
44611.0333333,  0.81179,  6193,    42
44611.1394097,  0.67127, 11039,    43
44611.1522222,  0.93765, 48641,    42
44611.3112269,  0.29263,  9177,    43
44611.3410301,  0.87167, 50144,    43
44611.4215972,  0.67855,  9177,    56
44611.4311806,  0.42669,  3985,    43
44611.4658102,  0.17580, 64382,    43
44611.4718171,  0.64396, 16366,    43
44611.5313194,  0.78119, 33412,    45
44611.5665394,  0.84167, 30266,    57
44611.6986806,  0.60561, 62086,    43
44611.8762384,  0.02285,  6193,    43
44611.9216088,  0.76523,  6426,    57
44611.9923264,  0.24518, 16366,    43
44612.1376736,  0.87729, 36894,    57
44612.3164931,  0.56203,  5239,    43
44612.4646296,  0.63381, 23579,    43
44612.4750231,  0.06058, 59852,    57
44612.5265046,  0.14961, 11039,    57
44612.6050810,  0.13284,   799,    43
44612.6158218,  0.59330, 30266,    56
44612.6957986,  0.70413, 49147,    57
44612.6959606,  0.91737, 49147,    57
44612.7041319,  0.77930, 22055,    43
44612.9038079,  0.71186,  4274,    43
44612.9137963,  0.20465, 35842,    56
44612.9241204,  0.64651, 33838,    43
44612.9390394,  0.49560, 16580,    56
44612.9739815,  0.05818, 57954,    57
44613.0639352,  0.31178, 39171,    43
44613.1415162,  0.85072, 36117,    43
44613.2965394,  0.61293, 55861,    47
44613.3004514,  0.57451, 20999,    43
44613.3391667,  0.47925, 49147,    56
44613.4300579,  0.81328, 13820,    57
44613.4855787,  0.61315, 65333,    55
44613.4862384,  0.04855, 15886,    56
44613.5021528,  0.32121, 16366,    54
44613.5118750,  0.24247, 27150,    44
44613.5118866,  0.32153, 27150,    43
44613.5216204,  0.17973, 37710,    43
44613.6570602,  0.05431, 49147,    57
44613.7791551,  0.75662,  9177,    43
44613.8136343,  0.12166, 35842,    43
44613.8547222,  0.20407,  3673,    56
44613.9086343,  0.36840, 27293,    57
44614.0196065,  0.21235, 61402,    43
44614.0284259,  0.71241, 65011,    43
44614.1014005,  0.34173,  9447,    42
44614.1108449,  0.70538,  7657,    57
44614.2131829,  0.55840, 38355,    43
44614.2217824,  0.87906,  5087,    43
44614.4028241,  0.04932, 16366,    43
44614.4975000,  0.89646, 64382,    57
44614.5814120,  0.99942, 48641,    44
44614.7188194,  0.61567, 64382,    42
44614.9012500,  0.03175, 16366,    43
44615.0570023,  0.91082, 61402,    42
44615.1771296,  0.57700, 14369,    56
44615.2109144,  0.20229,  8427,    43
44615.3061343,  0.82579, 36894,    56
44615.3985648,  0.22653,  3098,    57
44615.6182176,  0.53304, 16366,    55
44615.6735764,  0.74815, 50789,    43
44615.7911458,  0.76211, 49147,    57
44615.8662500,  0.59644, 41868,    43
44615.9610301,  0.57799, 30266,    43
44616.0336921,  0.58562, 15695,    50
44616.0998264,  0.34317, 65333,    42
44616.1050347,  0.85283, 25061,    56
44616.1461574,  0.73425, 33123,    57
44616.1503935,  0.22265,  3098,    44
44616.5274421,  0.90011, 24838,    57
44616.6124769,  0.58267, 28464,    43
44616.7264931,  0.48280, 49662,    43
44616.7345486,  0.49576, 30266,    44
44616.7619097,  0.80709, 17926,    43
44616.7867940,  0.20023, 15886,    57
44616.8196181,  0.98740, 48641,    43
44616.8640741,  0.21441, 14369,    47
44616.8641667,  0.95025, 14369,    57
44616.9429167,  0.56630, 23579,    56
44617.0517593,  0.70036, 32926,    43
44617.0599884,  0.25001, 62993,    43
44617.2012269,  0.26621,  3985,    56
44617.2418519,  0.98493, 28775,    43
44617.2570023,  0.47412, 16366,    57
44617.3668981,  0.92802, 41459,    57
44617.4084722,  0.86716, 64382,    43
44617.4397685,  0.08796,  9550,    43
44617.5070255,  0.10961, 20553,    57
44617.5197917,  0.33024, 35842,    43
44617.5371296,  0.87225, 48641,    57
44617.5392130,  0.48914, 53221,    43
44617.5552778,  0.38162, 41546,    57
44617.5740741,  0.22788, 33652,    57
44617.6013889,  0.78184, 21915,    56
44617.6091204,  0.86512, 45562,    57
44617.6226389,  0.74685, 14369,    44
44617.7903009,  0.85204, 63474,    43
44617.8937616,  0.73399, 64382,    43
44617.9142824,  0.86896, 15695,    54
44617.9188194,  0.32534, 57954,    49
44617.9752199,  0.78283,  5932,    57
44617.9839005,  0.07066, 49147,    57
44618.0874421,  0.13315, 16366,    44
44618.1246412,  0.46896, 43796,    43
44618.1499769,  0.97336,  9177,    57
44618.2996065,  0.13272,  9177,    55
44618.3344329,  0.29673,  1903,    57
44618.4070023,  0.32261, 57204,    57
44618.4082176,  0.24463, 64382,    43
44618.4821644,  0.31286, 48641,    44
44618.4946528,  0.96345, 21170,    57
44618.5435648,  0.30297, 54846,    43
44618.5980440,  0.01306, 64382,    57
44618.6306481,  0.38383, 49147,    45
44618.8276620,  0.94197, 21672,    43
44618.8566667,  0.81650, 49662,    43
44618.8972454,  0.80939,   799,    43
44618.9005093,  0.39280, 64797,    44
44619.0382870,  0.12101, 62925,    58
44619.0449884,  0.93167, 36809,    43
44619.0618403,  0.13481, 49147,    57
44619.0719444,  0.17208, 12678,    44
44619.2102662,  0.50944, 53243,    43
44619.3211690,  0.11230, 14369,    43
44619.3807986,  0.95776, 49147,    43
44619.4945023,  0.45160, 64072,    44
44619.5453241,  0.50133, 58190,    57
44619.5785764,  0.70603, 40977,    57
44619.7651389,  0.61104, 29653,    57
44619.9266667,  0.78424, 54846,    43
44619.9945023,  0.04992, 28775,    58
44620.0011574,  0.97773, 48611,    45
44620.0620833,  0.81957, 64797,    43
44620.0810301,  0.82178, 11396,    53
44620.1911343,  0.10829, 49662,    58
44620.2835069,  0.71567,  5087,    57
44620.3372454,  0.76641,  6713,    43
44620.3716782,  0.36948, 30864,    44
44620.3974306,  0.48489, 63474,    56
44620.4443287,  0.53044, 63474,    58
44620.5405440,  0.99006, 58376,    44
44620.5694097,  0.33926, 49147,    43
44620.6298958,  0.75955, 49147,    44
44620.6556829,  0.86114,  9177,    41
44620.6600000,  0.46147, 49147,    57
44620.7137153,  0.49555, 25061,    44
44620.7885185,  0.26556, 22052,    43
44620.8274306,  0.92718, 17926,    57
44620.8438889,  0.12029, 64382,    57
44621.0235301,  0.29169, 10363,    58
44621.0493866,  0.10798, 64382,    44
44621.1468403,  0.32172, 49147,    43
44621.1670023,  0.23354,  9177,    44
44621.2792940,  0.73209, 53243,    43
44621.4442130,  0.72374,  6193,    57
44621.4797801,  0.96818, 49147,    56
44621.5586343,  0.80639, 16366,    50
44621.5621181,  0.67941, 36809,    58
44621.6353935,  0.45924, 57787,    46
44621.8260764,  0.06545, 64382,    47
44621.9059375,  0.70975,  4114,    47
44621.9883681,  0.14993, 57814,    46
44621.9894329,  0.77227, 42017,    46
