44543.6566782,  0.12626, 62925,    48
44543.6979282,  0.17753, 49147,    57
44543.7056481,  0.90378, 32926,    45
44543.7138079,  0.97607, 49147,    46
44543.7217940,  0.66211, 41459,    45
44543.7708681,  0.44332, 49147,    59
44543.8011690,  0.61660, 64382,    45
44543.8996875,  0.20189, 15886,    45
44543.9703704,  0.29654, 64382,    49
44544.1506250,  0.53344, 63557,    45
44544.1535764,  0.78611, 64382,    45
44544.1674190,  0.30501, 14369,    59
44544.2325347,  0.19598, 64382,    45
44544.2341898,  0.00725,  4114,    45
44544.3013657,  0.07915, 57730,    45
44544.3082407,  0.00749, 49147,    52
44544.4840972,  0.70271, 64382,    58
44544.5467708,  0.24216, 49147,    44
44544.5534954,  0.16733, 63474,    58
44544.5560648,  0.59323, 64382,    45
44544.5590856,  0.79879,  9177,    45
44544.5963310,  0.34740, 19739,    59
44544.6028935,  0.81371, 49147,    54
44544.6030208,  0.31063, 49147,    45
44544.6547917,  0.77239, 64382,    45
44544.6850231,  0.98978, 11396,    45
44544.8899537,  0.76154, 64382,    45
44544.9043403,  0.41352, 65525,    58
44544.9130671,  0.11981, 63474,    45
44544.9190509,  0.77846,  4114,    58
44544.9335648,  0.37034, 10162,    59
44545.0717014,  0.62803, 49147,    45
44545.1000810,  0.11722, 49147,    45
44545.1107870,  0.23558, 30864,    45
44545.1426042,  0.53640,  9177,    57
44545.1648495,  0.28682, 14369,    55
44545.2172917,  0.88821,  6426,    54
44545.2177662,  0.75808, 11703,    45
44545.2397569,  0.78081, 49147,    59
44545.2417940,  0.90654, 14369,    45
44545.3766319,  0.58200, 42017,    46
44545.3808796,  0.19207,  3985,    45
44545.5646759,  0.77942, 24453,    58
44545.5793866,  0.53678, 64825,    58
44545.6903241,  0.27924, 16366,    45
44545.7119907,  0.04997,  1291,    52
44545.7993171,  0.94319, 33838,    44
44545.8591667,  0.70919, 15886,    45
44545.8623843,  0.55836, 64382,    45
44545.9267361,  0.47004, 49147,    45
44545.9404167,  0.12401,  9177,    59
44545.9917361,  0.80051, 49147,    44
44546.0067245,  0.26774, 49662,    44
44546.0148611,  0.25790, 49147,    46
44546.0209144,  0.29102,  3063,    58
44546.0675579,  0.17234,  3985,    58
44546.1380093,  0.39448, 64382,    45
44546.1955903,  0.39040, 14369,    45
44546.3560301,  0.91343, 16366,    45
44546.3561111,  0.81763, 25869,    58
44546.3976273,  0.09281, 26975,    58
44546.5403704,  0.19257, 49147,    44
44546.5409259,  0.06588, 49147,    58
44546.7711921,  0.81777,  3985,    44
44546.7917940,  0.01313, 15695,    57
44546.8233912,  0.93666, 64382,    44
44547.0034838,  0.20143,  9177,    58
44547.0771412,  0.88982,  9177,    45
44547.1551273,  0.46437, 49147,    44
44547.1678704,  0.62865, 49147,    44
44547.2029745,  0.79403, 64382,    57
44547.2190162,  0.83459,  3098,    59
44547.2629167,  0.73202, 61402,    44
44547.2928704,  0.11455, 49147,    62
44547.3047801,  0.44448, 64382,    44
44547.3213889,  0.58528, 15695,    45
44547.4437963,  0.60465, 57204,    45
44547.5829745,  0.00094,  7631,    45
44547.6689236,  0.93441, 49147,    45
44547.7319676,  0.63364, 64382,    45
44547.9139236,  0.53402, 20999,    58
44548.0764005,  0.43303, 27150,    45
44548.0774074,  0.26760, 49147,    44
44548.1218287,  0.53733, 58190,    58
44548.2270255,  0.17489, 53221,    58
44548.2751157,  0.72189, 63430,    59
44548.2816551,  0.42292, 49147,    45
44548.2817361,  0.28063,  9054,    58
44548.2957407,  0.99527, 49147,    45
44548.3646991,  0.90045, 39056,    59
44548.4443866,  0.38102, 15695,    58
44548.4762963,  0.06163, 35842,    44
44548.5769329,  0.72470, 15613,    45
44548.5809375,  0.25951, 33412,    45
44548.7350926,  0.90009, 16366,    58
44548.7455671,  0.70307, 49147,    58
44548.7663657,  0.20942, 14369,    44
44548.7768519,  0.04560, 64382,    45
44548.7871644,  0.14455, 58376,    45
44548.8130440,  0.14457, 64382,    44
44548.8726736,  0.79043, 49147,    58
44548.9526852,  0.52797, 30266,    45
44548.9818981,  0.21024, 16366,    45
44549.0006481,  0.26613, 64382,    53
44549.0329282,  0.03718, 39327,    44
44549.0862384,  0.60760, 49662,    44
44549.1293519,  0.13524, 65011,    58
44549.1673264,  0.49296,  9177,    45
44549.2236690,  0.30698, 42017,    58
44549.2419792,  0.93081, 64382,    58
44549.3210880,  0.21953, 24838,    45
44549.3518866,  0.17448, 49147,    45
44549.3875347,  0.59762,   799,    45
44549.5082060,  0.06854, 32926,    45
44549.6135764,  0.20803, 64382,    45
44549.6649653,  0.90717, 48641,    58
44549.7205556,  0.66628, 22563,    45
44549.7278819,  0.11743,  5087,    58
44549.7454861,  0.11551,  3985,    45
44549.7834722,  0.50563, 16580,    44
44549.8703241,  0.57943, 49147,    45
44549.9033796,  0.75496, 14369,    58
44549.9256944,  0.86419, 49147,    58
44549.9528704,  0.96148, 49147,    59
44550.0328009,  0.75059, 49147,    45
44550.2186574,  0.00629, 53221,    59
44550.2293866,  0.84218, 49147,    65
44550.2622338,  0.74519,  1903,    46
44550.2705093,  0.36221, 25115,    44
44550.4895023,  0.66743, 64382,    59
44550.4900116,  0.50637, 22496,    45
44550.5288542,  0.08062, 64382,    45
44550.7264931,  0.90021, 16366,    59
44550.8720602,  0.85855, 64382,    46
44550.9968287,  0.79684, 22496,    45
44551.0591319,  0.45396, 64382,    45
44551.0985880,  0.49569, 49147,    59
44551.0987153,  0.53918, 49147,    45
44551.1042708,  0.22629, 34467,    59
44551.1799306,  0.52560, 64382,    59
44551.2676852,  0.08542,  7433,    55
44551.2679630,  0.61999, 57730,    46
44551.2682060,  0.35765, 20429,    59
44551.4187153,  0.56431, 39056,    59
44551.4707755,  0.99779, 65011,    45
44551.4724653,  0.32289,  3985,    58
44551.4844560,  0.23803,  5087,    45
44551.5001736,  0.84374, 64382,    46
44551.5345139,  0.78849, 16366,    46
44551.5513079,  0.95954, 53243,    46
44551.5867824,  0.23366,  5136,    51
44551.6306597,  0.80505, 49147,    46
44551.6561574,  0.50412, 57730,    45
44551.7074421,  0.70667, 65525,    50
44551.9652199,  0.95433, 64382,    45
44552.0041088,  0.86491, 53243,    45
44552.0151852,  0.41870, 24453,    45
44552.0424306,  0.89901,  9234,    59
44552.0864815,  0.49140, 29280,    45
44552.1814120,  0.47169, 65525,    65
44552.1958681,  0.19704, 49147,    59
44552.2546296,  0.51374, 15613,    45
44552.2966667,  0.44580, 64382,    46
44552.3571991,  0.10327, 14369,    45
44552.3766088,  0.03286, 59852,    42
44552.4283449,  0.24122, 16366,    45
44552.4384028,  0.05215, 28775,    59
44552.5320255,  0.76099, 48641,    45
44552.6262269,  0.44306, 22563,    45
44552.6274421,  0.71663, 11664,    57
44552.6999537,  0.72849, 35842,    45
44552.7230903,  0.28219, 36894,    45
44552.7376736,  0.58164, 64382,    60
44552.7912384,  0.04932, 14369,    59
44552.8186806,  0.86793, 49147,    60
44552.8504167,  0.72081, 35842,    47
44552.8754630,  0.79274, 64382,    46
44552.8870949,  0.94485, 49662,    45
44552.8991204,  0.25421, 27725,    68
44552.8997917,  0.14745,  5087,    60
44552.9074537,  0.13937, 48641,    45
44552.9152199,  0.72136, 62222,    59
44553.1107060,  0.46915, 49147,    46
44553.1128356,  0.33266, 15886,    60
44553.1345949,  0.77707, 49147,    58
44553.2265856,  0.30393, 49147,    45
44553.4069329,  0.20090, 49147,    47
44553.5014931,  0.17357, 64382,    47
44553.5180093,  0.74587,  9177,    60
44553.5198727,  0.83090,  7657,    46
44553.5590972,  0.28164, 64382,    59
44553.5920255,  0.81019, 64382,    46
44553.6571065,  0.79891, 53221,    46
44553.7688310,  0.64519, 39056,    46
44553.7784375,  0.27660, 25883,    58
44553.8512847,  0.90081, 49147,    45
44553.9419560,  0.69952, 58857,    46
44554.0447801,  0.19149, 33182,    60
44554.1164352,  0.10510, 16366,    46
44554.2467477,  0.26213, 52062,    46
44554.3296296,  0.09132, 64382,    54
44554.3564005,  0.72873, 63474,    45
44554.3604167,  0.74217, 49147,    59
44554.5800116,  0.45765,  2524,    60
44554.6645486,  0.86150, 64825,    45
44554.7026273,  0.75919,  3985,    46
44554.7738079,  0.61101, 53529,    47
44554.7808218,  0.90110, 17926,    60
44554.8950347,  0.80054, 64877,    45
44554.9708449,  0.65543, 61402,    44
44555.1379630,  0.18893, 64382,    45
44555.2110764,  0.59716,  5087,    46
44555.2425000,  0.39189, 64382,    47
44555.2886343,  0.93702, 64382,    45
44555.3087847,  0.24252, 50789,    46
44555.3286458,  0.77068, 63474,    45
44555.3798495,  0.29153, 61402,    46
44555.5027778,  0.32402, 64072,    45
44555.5267245,  0.35801, 49147,    59
44555.6082292,  0.38553, 49147,    46
44555.6082407,  0.16094, 49147,    46
44555.6937269,  0.66775, 22563,    58
44555.7380324,  0.70864, 64382,    45
44555.7474537,  0.85267, 64382,    45
44555.8336227,  0.58147,  6713,    45
44555.8426505,  0.62690, 48641,    60
44555.9002431,  0.14589, 63474,    60
44555.9032870,  0.48292, 59852,    45
44555.9201157,  0.65603, 29418,    58
44555.9346181,  0.40077, 22496,    46
44555.9737153,  0.73653,  7631,    45
44556.0983565,  0.35625, 49147,    45
44556.1817940,  0.59894, 30266,    49
44556.2017940,  0.51096, 14369,    46
44556.2883333,  0.09638, 49147,    59
44556.3408796,  0.21873, 33652,    48
44556.3544560,  0.08995, 15886,    46
44556.3588079,  0.95594, 16366,    46
44556.3610648,  0.49586, 48685,    45
44556.5435532,  0.20321, 16580,    59
44556.6330787,  0.08760, 49147,    46
44556.6580324,  0.08618, 63474,    51
44556.8032176,  0.82007, 64382,    60
44556.8112037,  0.95428,  9177,    60
44556.8436806,  0.98783, 49147,    45
44556.8955208,  0.53356,   769,    45
44556.8980324,  0.05304, 28775,    46
44556.9768403,  0.86906, 49147,    46
44556.9771065,  0.36902, 49147,    46
44556.9938079,  0.86587, 57730,    59
44557.0251968,  0.26045, 14369,    59
44557.0973380,  0.21847,  2868,    46
44557.1483565,  0.08794, 21672,    58
44557.1710301,  0.85523, 50380,    59
44557.1765162,  0.80200,  3063,    59
44557.1824653,  0.53292, 64382,    45
44557.2421875,  0.78033, 64382,    46
44557.2514583,  0.65963, 45596,    60
44557.2727083,  0.08930, 16366,    45
44557.4349653,  0.32961, 49147,    46
44557.4927083,  0.20417, 49147,    45
44557.5173843,  0.00816, 12678,    46
44557.6005787,  0.73562, 64382,    46
44557.7471875,  0.99921,  9177,    45
44557.8643287,  0.17693, 16366,    46
44558.0873380,  0.48492, 49147,    59
44558.1805787,  0.35388, 27150,    45
44558.2728125,  0.30525, 58857,    45
44558.3220486,  0.19512, 64382,    59
44558.3599537,  0.75388, 49147,    59
44558.4117477,  0.98721, 63474,    59
44558.5075231,  0.52572, 64382,    59
44558.5291551,  0.90815, 12678,    45
44558.5297222,  0.97619, 16366,    46
44558.5875347,  0.47496, 49147,    51
44558.6989468,  0.15933, 63474,    45
44558.7034259,  0.45062, 49147,    59
44558.7053588,  0.79847, 28775,    45
44558.7435185,  0.46680, 64382,    60
44558.8389120,  0.37173, 49147,    59
44559.0631944,  0.45105, 59746,    56
44559.1015625,  0.15936, 17926,    45
44559.2150116,  0.32769, 64382,    59
44559.2681134,  0.44006, 49147,    48
44559.2858218,  0.31915, 25315,    68
44559.3325694,  0.63967, 20429,   136
44559.3326389,  0.82171, 20429,   157
44559.3935532,  0.88233, 10162,    45
44559.4461690,  0.69851, 63474,    58
44559.5204861,  0.75326,  9550,    46
44559.5408565,  0.44976, 16580,    45
44559.5953588,  0.55802, 27245,   141
44559.5954282,  0.76084, 27245,    60
44559.6254630,  0.43684, 62925,    45
44559.6468056,  0.00677, 49147,    45
44559.7037616,  0.49996, 49147,    45
44559.7332639,  0.07802, 16366,    43
44559.7351620,  0.39400,  9054,    51
44559.7354745,  0.46226, 28775,    58
44559.7524421,  0.28008, 62724,    47
44559.7525810,  0.64975, 62724,    92
44559.7529861,  0.67211, 24838,   224
44559.7567940,  0.65740, 33774,    56
44559.7568634,  0.85024, 33774,   120
44559.7569444,  0.04673, 33774,    89
44559.7610648,  0.47234, 63430,    59
44559.7653241,  0.44678, 49147,    58
44559.7653819,  0.33549, 49147,    46
44559.7898843,  0.22613, 62925,    43
44559.8112731,  0.55346, 49147,    59
44559.8134028,  0.03883, 22563,    45
44559.8262847,  0.06785, 64382,    45
44559.8779861,  0.95769, 63474,    59
44559.9023727,  0.10618, 63474,    66
44560.0279282,  0.94833, 45562,   232
44560.0305324,  0.75849, 15230,    51
44560.0360880,  0.71049,  6193,    64
44560.0361574,  0.90119,  6193,    59
44560.1128472,  0.19015, 64382,    59
44560.1438542,  0.89430, 57204,    45
44560.1441204,  0.37284, 30864,   159
44560.2432639,  0.17964, 57814,    67
44560.2434028,  0.54564, 57814,    61
44560.2967245,  0.88161, 49147,    58
44560.3613542,  0.56692, 25315,   188
44560.3614236,  0.73898, 25315,   143
44560.4378241,  0.44637,  9177,    45
44560.5366319,  0.90302,  9177,    45
44560.5642824,  0.54028, 40977,    45
44560.5728125,  0.07742, 64382,    45
44560.5971065,  0.06238,  3098,    58
44560.6065972,  0.25673, 16366,    45
44560.6078819,  0.48648, 48641,    58
44560.7088773,  0.94302, 16366,    45
44560.7392130,  0.98692, 49147,    57
44560.7478935,  0.97871,  3098,    45
44560.7629977,  0.77721, 32926,    57
44560.9412153,  0.32409, 49147,    58
44561.0562847,  0.13281, 48641,    46
44561.0769097,  0.99436, 57204,    56
44561.0969213,  0.74155, 49147,    45
44561.2782986,  0.47983, 49147,    52
44561.3358565,  0.64307, 64382,    58
44561.3464468,  0.99606, 49147,    45
44561.4115741,  0.40152, 28775,    58
44561.4199306,  0.31272, 49147,    44
44561.4343866,  0.68563,  9177,    45
44561.4374306,  0.84364, 39327,    44
44561.4679282,  0.86829, 62925,    54
44561.4996759,  0.15026, 49147,    57
44561.5235648,  0.62851, 33412,    44
44561.6217361,  0.82627, 53221,    57
44561.7116898,  0.67331, 60236,    44
44561.7583796,  0.74870, 65011,    50
44561.7585995,  0.30456, 65011,    68
44561.7862384,  0.32045, 33123,    44
44561.8123264,  0.52687, 23262,    44
44561.8279398,  0.58164, 62222,    66
44561.8799653,  0.85751,  4114,    44
44561.9334722,  0.61581, 49147,    48
44562.0884954,  0.29693,  5087,    45
44562.1428472,  0.00766, 64382,    44
44562.1430671,  0.38952, 41546,   258
44562.2776389,  0.32369, 17926,    57
44562.4150579,  0.38877, 49662,    44
44562.4171065,  0.85864, 16366,    57
44562.4693171,  0.58740, 64797,    46
44562.4760417,  0.29491, 29280,    57
44562.4795255,  0.99311, 41587,    55
44562.5053935,  0.27089,  9177,    57
44562.5918750,  0.06072, 37710,    44
44562.8119676,  0.96556,  1291,    44
44562.8214005,  0.12192, 49147,    45
44562.8277662,  0.07565, 22386,    44
44562.8600000,  0.36057,  9177,    45
44562.9216435,  0.54828, 16366,    45
44562.9231250,  0.23942, 64797,    44
44562.9721412,  0.01099, 16580,    52
44562.9750579,  0.99551, 39056,    57
44562.9953241,  0.28233, 22563,    57
44563.1064468,  0.33513, 20681,    44
44563.1551389,  0.35688, 63474,    57
44563.1637269,  0.22423, 48641,    57
44563.2291782,  0.47352, 35842,    53
44563.2392014,  0.84863, 54846,    43
44563.2837037,  0.50164, 28775,    58
44563.3168866,  0.41368, 49147,    57
44563.3604514,  0.78321, 64382,    44
44563.3866319,  0.36691, 28775,    44
44563.4556250,  0.16149, 49147,    44
44563.4734954,  0.66155,  1291,    57
44563.5510648,  0.41942, 16366,    47
44563.6720139,  0.90494, 48641,    57
44563.7910995,  0.94506, 23579,    57
44563.8260648,  0.53940, 49662,    57
44563.9755440,  0.47625, 49147,    45
44564.0173380,  0.91180, 64382,    44
44564.1394213,  0.77551, 54188,    57
44564.1692477,  0.37946, 10162,    63
44564.1960185,  0.83282, 63474,    43
44564.2047106,  0.01723, 57787,    58
44564.3287963,  0.88079, 10363,    44
44564.3591204,  0.20001, 64382,    44
44564.4559722,  0.30393,  9177,    44
44564.6051852,  0.23085, 64382,    52
44564.7206481,  0.34221,  1291,    55
44564.7605787,  0.32301, 64382,    44
44564.7694329,  0.39268, 16366,    56
44564.7695023,  0.51153, 16366,   125
44564.7695718,  0.63316, 16366,   267
44564.8947338,  0.19212, 49147,    44
44565.0898148,  0.34730, 49147,    45
44565.0900810,  0.85000, 49147,    44
44565.0931019,  0.29162, 63474,    44
44565.1005208,  0.86925, 28775,    57
44565.1654745,  0.45739, 49147,    44
44565.1772917,  0.06413, 59852,    56
44565.1796412,  0.93162, 25974,    44
44565.2712963,  0.14925, 14369,    44
44565.2893056,  0.44037, 64382,    44
44565.3679167,  0.44539, 49147,    57
44565.3684606,  0.75028, 19739,    46
44565.4065046,  0.41644, 16580,    44
44565.4147685,  0.18525, 49147,    45
44565.4432870,  0.45477, 49147,    45
44565.4667824,  0.39141, 64797,    44
44565.5585185,  0.22399, 62222,    57
44565.6044676,  0.67828, 32926,    57
44565.6173264,  0.13661,  9177,    57
44565.6372569,  0.99926, 49147,    44
44565.6472917,  0.71342,   769,    44
44565.6646875,  0.81127, 28775,    58
44565.6950231,  0.75052, 64382,    44
44565.7177199,  0.09607, 11396,    44
44565.7332176,  0.98128, 42711,    69
44565.8510069,  0.38409, 50144,    57
44565.8968750,  0.42645, 19278,    44
44565.9498264,  0.65464, 49147,    57
44565.9499074,  0.07920, 49147,    44
44565.9754167,  0.08294, 30864,    58
44565.9935417,  0.23933, 36894,    46
44565.9980324,  0.31725, 30864,    57
44566.0450000,  0.61888,  9177,    57
44566.1442708,  0.85605, 49147,    45
44566.1619329,  0.66047,  5087,    44
44566.1797338,  0.27960, 64382,    58
44566.2298380,  0.87820,  3673,    57
44566.2794213,  0.86937, 49147,    44
44566.3125000,  0.54643, 10363,    58
44566.3154977,  0.11962, 49147,    44
44566.4016782,  0.07546, 27725,    45
44566.4659606,  0.06533, 64382,    43
44566.4726968,  0.55896, 49147,    45
44566.5141435,  0.01886, 28464,    43
44566.6104630,  0.31591, 65525,    41
44566.6464352,  0.27583,   799,    53
44566.8489815,  0.77143, 64382,    52
44566.8513079,  0.15187, 57787,    45
44566.9537847,  0.46521, 39327,    44
44567.0686921,  0.95229,  9234,    44
44567.1588194,  0.34380,  4458,    45
44567.1615625,  0.17546,  3501,    45
44567.4039005,  0.84571, 63430,    58
44567.7122106,  0.94127, 14085,    58
44567.7404630,  0.54609, 62222,    58
44567.7930440,  0.94012, 27725,    58
44568.0015741,  0.22915, 48347,    57
44568.0163773,  0.67718, 39056,    45
44568.0310880,  0.70449, 14369,    44
44568.0984838,  0.42703, 63474,    58
44568.1785185,  0.04049, 17926,    46
44568.2362037,  0.05453, 64825,    59
44568.3156944,  0.92567, 49662,    57
44568.4008681,  0.26493, 63808,    58
44568.5185880,  0.13183, 49147,    45
44568.5524306,  0.24902, 39056,    45
44568.6226852,  0.77961,  9177,    44
44568.6265046,  0.76588, 12678,    58
44568.7107755,  0.05527, 22563,    46
44568.8367477,  0.92915, 62086,    58
44568.8606944,  0.78071, 57730,    58
44568.9432755,  0.77426, 62993,    45
44568.9561111,  0.05914, 49662,    45
44569.0133681,  0.23940, 15886,    46
44569.0165856,  0.61432, 24838,    54
44569.0430440,  0.89795, 25974,    45
44569.1215509,  0.63832, 39530,    58
44569.1449653,  0.30725, 49147,    45
44569.1965741,  0.14515, 62222,    47
44569.3844213,  0.60746,  3985,    45
44569.4162153,  0.76958, 49147,    45
44569.4853241,  0.56479, 49662,    45
44569.4970023,  0.84062, 28775,    58
44569.5519213,  0.59270, 25061,    45
44569.8808102,  0.03449,  5136,    46
44569.9196875,  0.79118, 22496,    45
44569.9648032,  0.47618, 24358,    45
44569.9863657,  0.23630, 49147,    45
44570.0203241,  0.22937, 64382,    45
44570.0696991,  0.08647,  6193,    45
44570.1879398,  0.23637, 64382,    58
44570.2289931,  0.29225, 49147,    59
44570.3314120,  0.25867,  5087,    44
44570.3931944,  0.07039, 64382,    59
44570.3932060,  0.74174, 50144,    46
44570.3988889,  0.42177, 25061,    45
44570.4343981,  0.79444, 15613,    58
44570.4409259,  0.62366, 36894,    59
44570.4790278,  0.83363, 64382,    45
44570.6150231,  0.80270, 39056,    59
44570.6743750,  0.61567,  7433,    46
44570.6913889,  0.36636,  3098,    58
44570.6967593,  0.77908,  3673,    59
44570.8446412,  0.81211, 64382,    45
44570.8933218,  0.91694, 28775,    58
44570.9410880,  0.06972, 49147,    45
44570.9558912,  0.14177, 11039,    45
44571.1608333,  0.96388,  1291,    59
44571.1871528,  0.55332, 42017,    58
44571.3723148,  0.58857, 39327,    60
44571.4152431,  0.34245, 26975,    45
44571.4192245,  0.63964, 64382,    59
44571.4273727,  0.83515, 10363,    59
44571.4615741,  0.93892, 39056,    60
44571.5080787,  0.80123, 63474,    58
44571.5642708,  0.36360, 28775,    45
44571.5706481,  0.79497, 49147,    45
44571.6615394,  0.21319, 49147,    45
44571.7701042,  0.03559, 49147,    46
44571.7758681,  0.84895, 25883,    58
44571.7763310,  0.74181, 17290,    59
44571.8465625,  0.98118, 11039,    58
44571.9182755,  0.51648, 58376,    46
44571.9565162,  0.61903, 32926,    45
44571.9616435,  0.91895, 64382,    59
44572.0376620,  0.73759, 64825,    44
44572.0463657,  0.93035, 24358,    45
44572.1871065,  0.05705, 48685,    45
44572.2067477,  0.36501, 49147,    59
44572.2453009,  0.97931, 49147,    58
44572.3234028,  0.42691, 30864,    46
44572.3271528,  0.49408, 57204,    58
44572.6270718,  0.64658, 16366,    58
44572.7696759,  0.13171,  5087,    45
44572.9072222,  0.31545, 49662,    45
44572.9107176,  0.05654,  4274,    46
44573.0220370,  0.70144, 49147,    45
44573.0312963,  0.27513, 49147,    45
44573.0759144,  0.29647, 29526,    60
44573.1365856,  0.58598, 62925,    45
44573.1416898,  0.64514, 16366,    57
44573.2849653,  0.51969, 65333,    45
44573.3578125,  0.16185,  9177,    46
44573.3907176,  0.59635, 64382,    45
44573.4438657,  0.80035,  9177,    58
44573.4548843,  0.94451,  3098,    45
44573.5938773,  0.30218, 10363,    46
44573.6281134,  0.14813, 49147,    45
44573.7294097,  0.62507, 14369,    45
44573.7517130,  0.25245,  9177,    58
44574.0658912,  0.65522, 27725,    59
44574.0774421,  0.32287, 53221,    46
44574.0803356,  0.10166, 49147,    45
44574.0948380,  0.74051, 49147,    45
44574.1360532,  0.52428, 25869,    46
44574.1974537,  0.31409,  5087,    47
44574.2603704,  0.56068, 11396,    44
44574.3687963,  0.59568, 57787,    45
44574.3727431,  0.31819, 49147,    58
44574.6247801,  0.78045, 28775,    45
44574.6254745,  0.63511, 64382,    57
44574.6990046,  0.09372, 28775,    58
44574.7845255,  0.10678, 39056,    59
44574.8832060,  0.06199,  2524,    45
44574.9312037,  0.50851, 49147,    46
44574.9313657,  0.59500, 49147,    47
44574.9410532,  0.73943, 64382,    45
44574.9606481,  0.29568,  7657,    57
44574.9886227,  0.36259, 32926,    47
44575.0098611,  0.83841, 48641,    46
44575.0445255,  0.57220, 49147,    59
44575.0747454,  0.26417, 64382,    45
44575.1582870,  0.18038, 53221,    57
44575.2572801,  0.54127, 49147,    58
44575.2663889,  0.67216,  9177,    46
44575.4166319,  0.16017, 63474,    43
44575.4375926,  0.51703, 39327,    47
44575.5338310,  0.14537, 64382,    59
44575.5402315,  0.86267, 49147,    45
44575.5659722,  0.58646, 63474,    45
44575.6190046,  0.04298, 49147,    46
44575.9127546,  0.82444, 64382,    59
44575.9437500,  0.18583,  5087,    46
44575.9949884,  0.64022, 63474,    46
44576.0427662,  0.84619, 11869,    46
44576.1416204,  0.48213, 32926,    46
44576.2529861,  0.80195,  9177,    58
44576.2662037,  0.20851, 35842,    45
44576.2943519,  0.89246,  3985,    46
44576.2961690,  0.85910, 63474,    45
44576.3018866,  0.21441, 15886,    45
44576.3074074,  0.34164, 12678,    59
44576.3476968,  0.11107, 49147,    45
44576.4286806,  0.56455, 48641,    59
44576.5086343,  0.06120, 49147,    58
44576.5565856,  0.99405,  3098,    45
44576.6023380,  0.00708, 28775,    58
44576.6794097,  0.00274, 49147,    46
44576.7240741,  0.58327, 12368,    45
44576.8250579,  0.92481,   799,    59
44576.8511806,  0.78619, 49147,    51
44576.8855556,  0.13759, 16366,    58
44576.9153819,  0.08662, 39056,    58
44576.9297569,  0.91912, 14369,    47
44576.9644676,  0.52893, 16366,    46
44577.0460301,  0.82547, 63474,    59
44577.0673380,  0.46461, 45596,    59
44577.2024537,  0.36811, 63474,    46
44577.2593171,  0.26078, 49147,    46
44577.3024769,  0.52802, 49147,    52
44577.4994792,  0.32071,  1903,    59
44577.5160301,  0.35789, 25974,    45
44577.5462963,  0.70382, 49147,    44
44577.5926389,  0.81103, 14369,    59
44577.6176273,  0.56020, 49147,    48
44577.6721296,  0.75026, 28775,    46
44577.6945949,  0.87499, 49147,    48
44577.7359028,  0.75254, 27245,    45
44577.7654398,  0.69981, 49147,    57
44577.7875347,  0.47414, 49147,    58
44577.8801505,  0.63511, 64382,    46
44577.9465162,  0.68743, 16366,    45
44578.0317593,  0.39888,  9054,    59
44578.0917130,  0.73300, 64382,    44
44578.2244213,  0.84201, 49147,    45
44578.3889120,  0.50632,  9177,    59
44578.4136343,  0.00653,  3985,    45
44578.5239815,  0.83767, 49147,    56
44578.5509144,  0.26306, 49147,    45
44578.5778704,  0.60376, 28775,    45
44578.5858218,  0.55012, 28464,    46
44578.5936574,  0.70931, 10363,    58
44578.6232755,  0.80054, 64382,    58
44578.6239699,  0.92855, 33838,    46
44578.7542593,  0.82934, 49147,    46
44578.7696875,  0.88631,  9177,    46
44578.8017940,  0.73929, 16366,    45
44578.8036690,  0.65980, 22052,    46
44578.8842708,  0.12365, 63474,    45
44578.9773032,  0.44030, 63474,    59
44579.0337384,  0.69335, 17926,    45
44579.0421759,  0.67571, 50789,    46
44579.0607060,  0.68222, 63474,    46
44579.0800579,  0.56757, 58376,    45
44579.2094097,  0.56599,  3098,    45
44579.2169676,  0.44479,  4985,    68
44579.2177662,  0.21749, 17926,    45
44579.2498032,  0.42280, 55633,    47
44579.3085648,  0.38390, 16366,    60
44579.3242361,  0.53467, 52062,    46
44579.3904514,  0.17973, 29717,    45
44579.4681366,  0.46641,  9177,    59
44579.4733565,  0.41532, 53243,    45
44579.4800000,  0.80824, 64382,    58
44579.5180556,  0.96590, 64382,    59
44579.5548843,  0.65899, 12678,    58
44579.5727778,  0.64804, 33182,    59
44579.5879514,  0.78213,  2868,    59
44579.6029630,  0.87079, 35842,    45
44579.6536111,  0.67257, 14369,    45
44579.6536574,  0.57849, 14369,    59
44579.6574537,  0.02726, 39056,    59
44579.7711227,  0.02071, 64382,    45
44579.8165625,  0.02210, 62925,    58
44579.9322917,  0.81007,  4985,    45
44579.9464931,  0.46898, 49147,    47
44579.9996065,  0.12919,  9177,    51
44580.0042824,  0.80188, 22563,    45
44580.2814236,  0.27494, 49147,    58
44580.2895602,  0.05868, 63558,    58
44580.2990625,  0.11354, 49147,    45
44580.3054861,  0.71315, 64382,    45
44580.3441204,  0.07644, 24838,    46
44580.3914699,  0.37562, 63474,    58
44580.4800579,  0.08894,  7657,    45
44580.5585301,  0.87650, 64382,    56
44580.5866898,  0.10709, 49147,    59
44580.5971759,  0.28051,  6713,    58
44580.6003241,  0.79627, 64382,    58
44580.6350000,  0.29909,  3985,    45
44580.6373148,  0.20817, 49147,    58
44580.8967245,  0.62901, 49147,    46
44580.9064120,  0.03773,  4458,    45
44581.0049421,  0.60861,  9177,    46
44581.0710532,  0.79898, 49147,    46
44581.1408333,  0.32673, 49147,    45
44581.1566435,  0.43872, 62222,    45
44581.1754398,  0.55296, 49147,    58
44581.2604745,  0.53246, 49662,    46
44581.3215741,  0.19077, 53221,    46
44581.3488657,  0.95382, 63474,    47
44581.3537384,  0.92385, 36809,    47
44581.4188310,  0.95349, 64382,    59
44581.5515625,  0.31308, 57730,    45
44581.7668403,  0.31241, 63474,    45
44581.8207407,  0.49648, 63474,    45
44581.8730903,  0.71003, 48641,    59
44581.8779282,  0.02870, 62222,    45
44581.9129167,  0.36816, 63430,    45
44581.9262616,  0.48494, 12678,    59
44581.9387384,  0.76543, 53243,    59
44581.9898380,  0.47601, 53221,    45
44581.9932523,  0.18655, 64382,    44
44581.9960880,  0.70682, 39056,    45
44582.0657755,  0.37406, 49147,    45
44582.1233796,  0.77313, 35842,    48
44582.1687384,  0.43260, 64382,    58
44582.2080671,  0.75981, 64382,    44
44582.3391088,  0.50306, 65011,    57
44582.3635880,  0.52670, 16366,    46
44582.4107639,  0.57292, 49147,    45
44582.4390741,  0.08813, 49147,    58
44582.6283218,  0.68786, 17926,    45
44582.6352778,  0.69139, 57730,    58
44582.6788194,  0.71891, 63474,    67
44582.7380324,  0.41868,  9177,    45
44582.7969444,  0.56584, 64382,    60
44582.8136458,  0.73259, 24453,    45
44582.8763657,  0.28711, 48611,    46
44582.8828356,  0.39316, 65011,    59
44582.9005556,  0.73324, 58292,    58
44583.0166088,  0.85996, 64382,    47
44583.0556481,  0.37284,  3985,    45
44583.1077199,  0.81887, 49147,    55
44583.1570833,  0.74829, 24453,    59
44583.2257292,  0.59277, 49147,    59
44583.2301389,  0.79046, 64382,    45
44583.2735764,  0.59560,  9177,    45
44583.3799074,  0.31769, 16366,    45
44583.4018056,  0.15578, 65525,    45
44583.4256019,  0.88989, 16366,    45
44583.4555324,  0.78285,  3063,    59
44583.5509375,  0.62419, 24453,    45
44583.6132986,  0.09792, 14369,    44
44583.6141782,  0.07361, 64382,    42
44583.8295023,  0.32234,   799,    44
44583.8981944,  0.76521,  3673,    58
44583.9769329,  0.91288, 49147,    46
44583.9865394,  0.74431, 48641,    59
44584.0353009,  0.05974,  3985,    56
44584.0470370,  0.91900, 49147,    58
44584.0988079,  0.40581,  6193,    58
44584.1518634,  0.73456, 13268,    45
44584.1860417,  0.97175, 49662,    59
44584.2713542,  0.69539, 35842,    45
44584.3157523,  0.65287,  9177,    45
44584.3341435,  0.03600, 64382,    48
44584.3793171,  0.85833, 28775,    62
44584.5155093,  0.51122, 12678,    45
44584.5865509,  0.02986, 16366,    45
44584.6135880,  0.34634, 49147,    45
44584.6695370,  0.63043, 65525,    45
44584.7988773,  0.31723, 62222,    58
44584.9151505,  0.01589, 20681,    45
44584.9429282,  0.54448, 49662,    56
44584.9933449,  0.04937, 22563,    44
44585.0915856,  0.75563,  5087,    45
44585.0989352,  0.79591, 49147,    44
44585.1233333,  0.77675, 49147,    44
44585.1401736,  0.94902,  9177,    45
44585.1963079,  0.95750, 49662,    45
44585.3547569,  0.78043, 16366,    45
44585.3747801,  0.80625, 49147,    45
44585.4196644,  0.98142, 64382,    45
44585.4222801,  0.35719, 49147,    56
44585.4967593,  0.26863, 35842,    59
44585.5622454,  0.91823, 33123,    45
44585.7372917,  0.35277, 49147,    45
44585.7497685,  0.27146,  9792,    45
44585.7777199,  0.55056, 11039,    58
44585.8550694,  0.27283, 49147,    54
44585.8727778,  0.27432,  1291,    51
44585.8870602,  0.88137, 57204,    45
44585.9358449,  0.95126, 12678,    59
44585.9409722,  0.87283, 45596,    58
44586.3228588,  0.42045, 49147,    55
44586.4685069,  0.64984, 64382,    58
44586.4834259,  0.52346,  9177,    59
44586.6475000,  0.60645, 49147,    45
44586.6704167,  0.96986, 64382,    45
44586.7479282,  0.68966, 12678,    45
44586.8610764,  0.12238, 15613,    45
44586.8722801,  0.76516, 61402,    46
44586.8859259,  0.89522, 64382,    44
44586.9242708,  0.86219, 15886,    58
44586.9304398,  0.18821, 15695,    58
44586.9789352,  0.61502, 11039,    45
44587.0001736,  0.19061, 49147,    59
44587.1705324,  0.34461, 64382,    45
44587.1780787,  0.06233, 15886,    58
44587.2200116,  0.84235, 57730,    45
44587.2663079,  0.47138, 49147,    45
44587.3753935,  0.74037, 22386,    46
44587.4401273,  0.96249, 49147,    57
44587.5102431,  0.23875,  3098,    46
44587.5340509,  0.87779, 36809,    45
44587.5796528,  0.86097,  1291,    59
44587.5803125,  0.70617, 12678,    45
44587.6244560,  0.78995,  4114,    45
44587.6480787,  0.16063, 39056,    58
44587.6482755,  0.05530, 39056,    45
44587.6895718,  0.86143, 12678,    59
44587.7060648,  0.20774, 12368,    58
44587.7474306,  0.95894, 49147,    45
44587.7627083,  0.71764, 49147,    46
44587.7676389,  0.51256, 49147,    58
44587.7702083,  0.40089, 48757,    45
44587.8139931,  0.34761, 49147,    48
44587.8639352,  0.77596, 32926,    59
44587.9053588,  0.91497, 49662,    45
44587.9360185,  0.32205, 14369,    57
44587.9434722,  0.87235,  9177,    45
44588.0382755,  0.69203, 63474,    45
44588.0499306,  0.89728, 23579,    46
44588.0503819,  0.78215, 64382,    53
44588.1924884,  0.40480,  9177,    58
44588.2613310,  0.78919, 64382,    45
44588.3070370,  0.14313, 62925,    64
44588.4204514,  0.48364, 49147,    46
44588.4431134,  0.74495, 54846,    58
44588.5685069,  0.97437, 49147,    45
44588.5815856,  0.69573, 49147,    45
44588.6489583,  0.52507, 59852,    58
44588.6729514,  0.77906, 53529,    58
44588.8789005,  0.32455, 49147,    45
44588.9212153,  0.10342, 49147,    45
44588.9930440,  0.75436, 64382,    46
44589.0170255,  0.13517, 33838,    45
44589.0227431,  0.54204,  3985,    47
44589.0938426,  0.49610, 36809,    45
44589.1440625,  0.15091, 25061,    58
44589.2021065,  0.12449, 64382,    59
44589.2443519,  0.43500, 64382,    45
44589.2762037,  0.87472, 22563,    45
44589.3557407,  0.67497, 49147,    58
44589.4353819,  0.63232, 64382,    45
44589.4846528,  0.99062, 33838,    52
44589.4855324,  0.54336, 49147,    59
44589.4872222,  0.55389, 63474,    45
44589.6379167,  0.45218, 62925,    44
44589.6479630,  0.40941, 63430,    58
44589.6576620,  0.94768, 27150,    59
44589.6753819,  0.84760, 29280,    58
44589.7475810,  0.50971, 49147,    45
44589.8189005,  0.30825, 64382,    45
44589.8842245,  0.46296,  3098,    59
44589.9223380,  0.41716, 49147,    47
44589.9618287,  0.93928,  3098,    55
44590.0978819,  0.63475,  9177,    59
44590.2047569,  0.15108, 14369,    59
44590.2050579,  0.18103, 49147,    58
44590.2883102,  0.99626, 64382,    45
44590.3606134,  0.36458, 16366,    45
44590.3827894,  0.76322, 63474,    58
44590.4692361,  0.81703, 49147,    46
44590.5452662,  0.20925, 39056,    59
44590.6044792,  0.33393, 64797,    45
44590.6172685,  0.64999,  4114,    58
44590.7080903,  0.72064, 48641,    59
44590.7607176,  0.70147, 53243,    46
44590.8117130,  0.17981, 16366,    58
44590.8828009,  0.47906,  9177,    44
44590.9022222,  0.67178, 48641,    45
44590.9994097,  0.78057, 11039,    45
44591.0116898,  0.27233, 11039,    46
44591.0524884,  0.55963, 49147,    45
44591.1402431,  0.48808,  3501,    45
44591.1558912,  0.83459, 12678,    45
44591.1849884,  0.26817, 61402,    57
44591.2108218,  0.13085, 15230,    65
44591.2269907,  0.98260, 49147,    45
44591.2799537,  0.18194, 53221,    46
44591.3599421,  0.05280, 61970,    59
44591.4082523,  0.81722, 36809,    45
44591.4383102,  0.73233, 12678,    45
44591.4977199,  0.32417, 49147,    45
44591.6462384,  0.08052, 64382,    45
44591.6858102,  0.44534, 28775,    45
44591.6901157,  0.30216, 11039,    45
44591.7159954,  0.28380, 49147,    59
44591.7413773,  0.08362, 63430,    45
44591.8868750,  0.27842, 54846,    59
44591.9447569,  0.49905, 14369,    59
44591.9843750,  0.22682, 65333,    46
44591.9898380,  0.52478, 49147,    45
44592.0098611,  0.03794, 49147,    51
44592.1728472,  0.00878, 63474,    45
44592.2642130,  0.83186, 62925,    45
44592.2882986,  0.33098,  4985,    45
44592.4800463,  0.80819,  2524,    59
44592.5028819,  0.18559, 64382,    58
44592.5086574,  0.95414, 49147,    46
44592.5577315,  0.20191, 49147,    59
44592.6288194,  0.96100, 16366,    59
44592.6573264,  0.23947, 16366,    58
44592.7705324,  0.62971, 64382,    54
44592.7705440,  0.61029, 64382,    59
44592.9030440,  0.90719, 64797,    46
44592.9609954,  0.52996,  9054,    57
44593.0654745,  0.95116, 63474,    59
44593.1126852,  0.84916, 49147,    58
44593.1331019,  0.58605, 64382,    45
44593.1711111,  0.51854, 49147,    45
44593.1931134,  0.69268, 49147,    45
44593.2082060,  0.19027, 49147,    58
44593.2336458,  0.50409, 64382,    43
44593.2677315,  0.69621, 27245,    60
44593.3596875,  0.73588,  3985,    45
44593.3598032,  0.24633, 41868,    59
44593.5407060,  0.91449, 49147,    45
44593.6046181,  0.31272,  3985,    59
44593.6107870,  0.10862, 64825,    45
44593.7487269,  0.89126, 35842,    45
44593.8124769,  0.85456,  3985,    45
44593.8810185,  0.69323, 28775,    59
44594.0955556,  0.89385, 65333,    59
44594.1174884,  0.78763, 49147,    59
44594.1444444,  0.65683,  6193,    58
44594.1673264,  0.85747, 64825,    45
44594.1758796,  0.49219, 16580,    59
44594.2633796,  0.49396, 65333,    45
44594.3590625,  0.02729, 24453,    45
44594.4141551,  0.42009, 63430,    45
44594.4315162,  0.26052, 64382,    45
44594.4474190,  0.12761, 49147,    47
44594.6992130,  0.56028, 64382,    58
44594.7527199,  0.75643, 33182,    45
44594.9215046,  0.46658,  7631,    46
44594.9693634,  0.34917, 62724,    45
44595.0307639,  0.93606, 64382,    45
44595.1941204,  0.31970, 58857,    58
44595.1975116,  0.76178, 49662,    45
44595.2294792,  0.45667, 33774,    44
44595.2474537,  0.23899, 49147,    46
44595.5117361,  0.68851, 32926,    45
44595.5735417,  0.72549, 53529,    58
44595.5821991,  0.34752, 49147,    45
44595.6044097,  0.45993, 12678,    58
44595.6468634,  0.07207,   769,    45
44595.6830671,  0.16116, 64382,    58
44595.8007176,  0.77354, 62222,    59
44595.8647801,  0.06588, 64382,    45
44595.8664005,  0.30821, 49147,    45
44595.8868519,  0.48561,   799,    45
44595.9087037,  0.53414, 64382,    44
44596.1126505,  0.73826, 62086,    45
44596.1660185,  0.88506, 64382,    56
44596.2059838,  0.92102, 14369,    45
44596.2060417,  0.27506, 39327,    49
44596.2871644,  0.89896, 64382,    45
44596.3277315,  0.52399, 49147,    45
44596.4201736,  0.25497,  9177,    58
44596.5036343,  0.70946,  9792,    45
44596.5335185,  0.81683, 49147,    59
44596.5391088,  0.73519, 63430,    63
44596.6745833,  0.92730, 49147,    57
44596.6746296,  0.58802, 49147,    45
44596.8195602,  0.86440,  5087,    57
44596.8228241,  0.14292, 57730,    45
44596.8754282,  0.68764, 49147,    58
44596.8953704,  0.75047, 11732,    45
44596.9766667,  0.17184, 49147,    45
44597.0102431,  0.15751,  9177,    45
44597.0173611,  0.37056, 57972,    59
44597.0739699,  0.13543, 39056,    45
44597.0906481,  0.61156,  4171,    45
44597.0927662,  0.47205, 14085,    58
44597.1256134,  0.86143, 49662,    45
44597.1292940,  0.84405, 49147,    45
44597.1898958,  0.35198, 64382,    44
44597.2171759,  0.59440,  9177,    45
44597.2674074,  0.46533, 64382,    45
44597.2865741,  0.93153, 48641,    45
44597.3031366,  0.14172, 11039,    45
44597.3731944,  0.14515, 22496,    45
44597.4528588,  0.79941, 16366,    45
44597.4535764,  0.40288, 28775,    58
44597.4577431,  0.35798, 63474,    46
44597.5646644,  0.20997,   769,    45
44597.5978704,  0.16550, 64382,    45
44597.6756134,  0.61384, 64797,    45
44597.7058681,  0.03883, 63474,    58
44597.7172569,  0.60062, 49147,    56
44597.7301389,  0.21413, 49147,    58
44597.7881829,  0.54842, 49147,    45
44597.8330093,  0.48405,  3985,    59
44597.8410301,  0.93611, 28775,    46
44597.8704745,  0.12218, 48347,    45
44597.9380671,  0.00346, 16366,    58
44597.9450116,  0.64307, 39056,   539
44598.0772222,  0.08902, 49147,    58
44598.0995023,  0.74090, 12678,    45
44598.3723843,  0.08945, 62925,    46
44598.3893634,  0.30021, 64382,    56
44598.5568056,  0.61101, 25315,    44
44598.6135880,  0.08443, 64382,    45
44598.6616551,  0.45064,  3098,    45
44598.6663194,  0.16579, 63474,    45
44598.6860880,  0.49216, 49147,    58
44598.7963889,  0.67807,  9177,    45
44598.8072801,  0.35472, 49147,    59
44598.9172106,  0.51895, 10363,    59
44598.9266435,  0.11645, 49147,    45
44599.0506481,  0.08448, 33838,    58
44599.1693634,  0.55694, 63474,    45
44599.1751389,  0.01325, 64382,    57
44599.2469560,  0.61408, 64382,    45
44599.2886690,  0.07464, 48611,    45
44599.3426968,  0.97852, 64382,    45
44599.4331713,  0.87259,  8427,    46
44599.5351042,  0.63856, 14085,    46
44599.6696065,  0.02638, 64382,    45
44599.7185995,  0.96141, 27150,    43
44599.7394560,  0.08969, 35449,    59
44599.7659954,  0.94002, 28775,    58
44599.9358796,  0.22013, 64382,    45
44599.9427894,  0.59968, 64382,    45
44600.0670602,  0.40922, 32926,    58
44600.1126852,  0.66775, 16366,    45
44600.2090162,  0.76555, 62086,    49
44600.2178472,  0.53088, 57204,    45
44600.2427083,  0.38018, 45186,    45
44600.2885301,  0.04570,   769,    45
44600.3446528,  0.12384, 49147,    46
44600.4024074,  0.53222, 49662,    59
44600.4437963,  0.76751,  1291,    63
44600.5810417,  0.32743,  3098,    45
44600.6892130,  0.80414, 48641,    54
44600.6901042,  0.47071, 49662,    57
44600.7149421,  0.52286,  6713,    45
44600.7311111,  0.91048, 62222,    45
44600.7489931,  0.88571, 29280,    58
44600.8978472,  0.97691, 30266,    59
44601.0550463,  0.17930,  1291,    45
44601.0605903,  0.68138, 28775,    45
44601.0654514,  0.06562,  1903,    59
44601.2236343,  0.95306,  2524,    45
44601.2452546,  0.50011, 35834,    48
44601.3035185,  0.10138, 44372,    45
44601.4036111,  0.48448,  3098,    45
44601.4152083,  0.33482, 13820,    58
44601.5025463,  0.80882, 48641,    45
44601.5441088,  0.38952, 49662,    43
44601.7460764,  0.02177, 10363,    44
44601.8173032,  0.58634, 53221,    58
44601.9507060,  0.33665, 46068,    45
44601.9994444,  0.51926, 16366,    45
44602.0440972,  0.30545,  7631,    44
44602.1289583,  0.33725, 23579,    58
44602.1539120,  0.28675, 63474,    44
44602.1540394,  0.42091, 63474,    58
44602.1545949,  0.47390, 53243,    47
44602.1793519,  0.38085, 39056,    58
44602.3019676,  0.50618,   799,    58
44602.3156481,  0.19017, 49147,    45
44602.3592245,  0.56241, 15886,    57
44602.4602431,  0.40821, 65011,    65
44602.5350926,  0.17880, 63474,    58
44602.8682060,  0.80968, 16366,    45
44603.0573032,  0.29021, 58376,    58
44603.2695949,  0.85031, 49147,    58
44603.2858102,  0.77354, 49147,    58
44603.3243519,  0.17724, 53243,    45
44603.4511806,  0.95934,  3098,    59
44603.5248032,  0.82036,  2524,    52
44603.5711343,  0.45578,  3985,    45
44603.5760532,  0.48141, 64382,    44
44603.6525463,  0.46068, 57730,    58
44603.7239352,  0.58300,  5087,    58
44603.7388889,  0.38481, 19278,    44
44603.7514931,  0.46747, 23262,    59
44603.9050810,  0.88511, 49147,    67
44604.0671065,  0.41020, 49147,    45
44604.0735764,  0.10306, 62222,    54
44604.0974653,  0.11755, 65333,    52
44604.1333102,  0.09331, 24838,    46
44604.1461806,  0.29971, 41459,    45
44604.1934259,  0.40644, 64382,    47
44604.2548958,  0.99542, 40977,    45
44604.2638426,  0.32189, 36894,    58
44604.4619907,  0.27285, 41459,    58
44604.4713657,  0.85987, 20999,    45
44604.4806481,  0.18019, 53243,    59
44604.4988426,  0.56781, 14369,    45
44604.5543171,  0.07085,  3985,    45
44604.6514931,  0.25452, 64382,    45
44604.7513194,  0.45348, 27150,    45
44604.7855093,  0.84811, 16366,    58
44604.8318519,  0.93683, 12678,    58
44604.8539931,  0.11839, 11039,    45
44604.9550694,  0.37848, 39056,    45
44604.9668056,  0.13145, 28464,    45
44604.9949190,  0.77915, 16366,    46
44605.0606713,  0.93400, 65011,    59
44605.0927315,  0.07135, 49147,    45
44605.4275231,  0.53808, 64382,    45
44605.4479630,  0.96710, 49147,    45
44605.5290741,  0.29337, 64382,    45
44605.5429167,  0.52346, 49147,    54
44605.6133102,  0.85262, 49147,    46
44605.6717824,  0.42084, 53243,    45
44605.6986343,  0.86248, 64382,    58
44605.7262616,  0.86349, 63474,    58
44605.7761343,  0.79751, 49147,    59
44605.8814699,  0.98243,  9177,    45
44605.8840856,  0.22435, 64382,    46
44605.9511574,  0.26201, 30864,    45
44606.0075694,  0.60343, 14369,    45
44606.0359606,  0.26669, 64382,    60
44606.0379514,  0.01301, 64382,    46
44606.1696296,  0.34313,  3098,    59
44606.1819329,  0.11957, 64382,    46
44606.2117245,  0.25934,  7657,    45
44606.2971991,  0.67499, 63474,    59
44606.3201620,  0.58015,  3985,    57
44606.3372106,  0.39384, 59852,    46
44606.3884606,  0.21871,  9177,    45
44606.4458218,  0.55269, 49147,    59
44606.4844213,  0.55816, 49147,    44
44606.5860648,  0.02141, 24453,    45
44606.6317245,  0.20597, 49147,    45
44606.6353472,  0.91204, 49662,    59
44606.7287616,  0.46828, 15230,    45
44606.7465741,  0.37699, 27150,    45
44606.7475000,  0.01150, 30378,    57
44606.7807292,  0.60871, 64382,    57
44606.8635069,  0.26229, 33652,    46
44607.0330093,  0.38798, 34852,    59
44607.1058565,  0.28375, 35834,    45
44607.1181829,  0.81283,  2524,    45
44607.1742824,  0.72256, 64382,    46
44607.1946875,  0.19469, 39056,    45
44607.2756250,  0.83690, 14085,    59
44607.3131713,  0.35323,  9550,    59
44607.3232986,  0.79699, 64382,    45
44607.3235301,  0.60216, 64382,    46
44607.3307523,  0.75643, 64382,    57
44607.3675463,  0.99035, 65525,    56
44607.5003009,  0.40802,  9177,    54
44607.5100116,  0.67603, 63474,    59
44607.5499884,  0.62968, 14085,    45
44607.5756713,  0.91389, 49147,    45
44607.5901505,  0.21312,  3063,    45
44607.6156944,  0.36650, 22386,    45
44607.6517708,  0.30619, 41868,    45
44607.7529167,  0.48662, 49147,    45
44607.7570139,  0.04762, 10363,    58
44607.8037731,  0.33972,  1291,    45
44607.8091898,  0.71973, 49147,    46
44607.8285995,  0.72275, 25869,    47
44607.9918866,  0.80212, 49147,    58
44608.0205324,  0.62282, 59852,    44
44608.0231134,  0.03418, 48641,    45
44608.0262731,  0.58744, 49147,    53
44608.0975694,  0.36657, 14369,    58
44608.1168981,  0.20611,  9177,    45
44608.1351505,  0.31656, 24358,    45
44608.3560764,  0.07507, 27357,    45
44608.4771528,  0.39964, 28464,    58
44608.4977315,  0.99138, 39056,    59
44608.5048148,  0.98094, 64382,    58
44608.6825347,  0.10709, 16580,    45
44608.7604051,  0.58572,  5136,    54
44608.7906481,  0.13661, 16366,    44
44608.7955324,  0.87609, 16366,    59
44608.8265394,  0.32073, 65525,    45
44608.9042361,  0.00055, 64797,    58
44608.9135648,  0.90256, 16366,    45
44608.9276157,  0.06252, 63474,    45
44608.9334028,  0.13521, 16366,    45
44608.9337384,  0.59812, 29280,    58
44608.9585532,  0.14808, 57204,    46
44609.0092245,  0.06322, 35842,    45
44609.0972222,  0.47438, 64382,    45
44609.2060995,  0.53376, 64382,    45
44609.3215046,  0.45600, 11039,    45
44609.3860648,  0.92274, 49147,    46
44609.4164352,  0.46747, 57954,    43
44609.5449537,  0.12717, 12678,    58
44609.6289120,  0.14517,  2524,    54
44609.7074537,  0.46159, 49147,    54
44609.7398032,  0.98193, 27150,    47
44609.7420370,  0.41284, 16580,    44
44609.7500694,  0.41256, 15886,    64
44609.7509722,  0.53928, 49147,    44
44610.0233912,  0.35448,  1291,    44
44610.0392708,  0.05472, 63474,    45
44610.0529861,  0.41856, 49040,    44
44610.0640046,  0.05472, 49147,    45
44610.1921181,  0.84722, 16366,    45
44610.3769676,  0.86896, 49147,    58
44610.4499537,  0.89368, 54846,    45
44610.4739352,  0.79243, 49147,    44
44610.4783796,  0.03581, 49147,    42
44610.5310648,  0.10106, 48611,    64
44610.6224306,  0.90326, 14085,    44
44610.6443981,  0.36257, 64382,    54
44610.6609028,  0.48739,  9177,    58
44610.7661343,  0.07668, 47257,    45
44610.7726968,  0.05863, 49147,    45
44610.7896875,  0.67761, 49147,    58
44610.8325231,  0.66595, 32926,    58
44610.8494097,  0.41846, 49040,    45
44610.9670602,  0.14925, 39056,    45
44610.9807986,  0.79024,  3098,    45
44611.2249306,  0.62615, 48641,    47
44611.3357292,  0.78429, 65333,    44
44611.3685880,  0.60206, 57730,    57
44611.3879051,  0.14373, 33123,    59
44611.4361690,  0.28327, 48641,    58
44611.4886690,  0.93136, 48641,    57
44611.4954167,  0.59323,  5239,    58
44611.5694444,  0.20150, 64382,    44
44611.5859606,  0.75379, 64382,    45
44611.5973611,  0.70399, 30266,    45
44611.6674769,  0.97821, 19739,    58
44611.6767477,  0.51268, 62222,    56
44611.6791319,  0.15453,  5087,    59
44611.8735185,  0.70279, 19739,    45
44611.9016898,  0.49471, 11664,    58
44611.9107176,  0.40389, 62993,    45
44611.9976968,  0.47575, 16366,    45
44612.1895833,  0.52084, 16366,    45
44612.2138310,  0.33974,  3098,    45
44612.3673495,  0.33139,  6193,    45
44612.3889815,  0.21213, 49147,    55
44612.4187269,  0.69415, 49147,    54
44612.4264583,  0.32942,   799,    45
44612.4789468,  0.84767, 16366,    58
44612.6140625,  0.38071, 36676,    58
44612.6140741,  0.76816, 64382,    44
44612.6700463,  0.26049, 10363,    45
44612.7268171,  0.39024, 49147,    45
44612.8780208,  0.22793, 24838,    54
44612.9141898,  0.53116, 63474,    44
44612.9905440,  0.65903, 48641,    45
44613.0690394,  0.71971, 36809,    55
44613.2118866,  0.96698, 49147,    58
44613.2303819,  0.80707, 64382,    57
44613.2305208,  0.50128, 64382,    58
44613.3378356,  0.99592, 13268,    45
44613.3534491,  0.59748, 49147,    58
44613.4128009,  0.07099,  5087,    45
44613.4150463,  0.80565, 64382,    58
44613.4220486,  0.25500, 17926,    45
44613.5816551,  0.59301, 62086,    45
44613.5840509,  0.04363, 64382,    57
44613.6018750,  0.30120,  7433,    58
44613.6077083,  0.73022, 15898,    45
44613.7074653,  0.45679, 49147,    58
44613.8564468,  0.00106, 13820,    44
44613.9810764,  0.05230,  9234,    45
44614.0383333,  0.23520, 16366,    44
44614.1273611,  0.30746, 57954,    58
44614.1315856,  0.67113, 57730,    45
44614.1421528,  0.76852, 39327,    59
44614.2190278,  0.57648,  6426,    46
44614.2244792,  0.97958, 15886,    58
44614.2370949,  0.67271, 12678,    45
44614.2987616,  0.62671, 49147,    58
44614.3495139,  0.24689, 16580,    59
44614.3923148,  0.08249,  4114,    58
44614.4774306,  0.56896, 64382,    45
44614.4776852,  0.09917, 64382,    45
44614.4853356,  0.03698, 22052,    45
44614.5379282,  0.92118, 22052,    58
44614.5644792,  0.34639, 59746,    72
44614.6486343,  0.44908, 14369,    59
44614.6776389,  0.72566, 54653,    45
44614.8956134,  0.27564, 48611,    58
44615.0057870,  0.46785, 14369,    59
44615.0482639,  0.98039, 15886,    44
44615.1150231,  0.58816, 33412,    44
44615.1581250,  0.58401, 64382,    58
44615.2723958,  0.99023,  3985,    57
44615.2912963,  0.07248, 49147,    55
44615.3041782,  0.34176, 64382,    45
44615.3056713,  0.44155, 15613,    44
44615.4152431,  0.89447, 33123,    59
44615.4292014,  0.71366, 39056,    45
44615.4802546,  0.03919, 15886,    46
44615.5196759,  0.55051, 22563,    57
44615.5697454,  0.41551, 35842,    59
44615.8002083,  0.70569, 41868,    53
44615.8804977,  0.05875,  3985,    55
44615.9580556,  0.64814, 57787,    45
44616.1573032,  0.28370,  3098,    45
44616.2410417,  0.40224, 63474,    60
44616.3570718,  0.47332, 10363,    58
44616.4981134,  0.01229, 21915,    58
44616.5315278,  0.54907, 33774,    45
44616.5439699,  0.33053, 25061,    45
44616.6744792,  0.96515, 20999,    45
44616.6745139,  0.05479, 20999,    57
44616.7535995,  0.01572,  8427,    45
44616.7837037,  0.74865,  3985,    45
44616.8128472,  0.06065, 63474,    52
44616.8944329,  0.95303, 64382,    44
44616.9208681,  0.56332,  9177,    45
44616.9223495,  0.47594, 49147,    45
44616.9295255,  0.17261, 49147,    44
44617.0716898,  0.13764, 49147,    48
44617.0913542,  0.37104, 64382,    45
44617.2217014,  0.08369, 58857,    57
44617.2593866,  0.56433, 26078,    55
44617.2650463,  0.62959, 16366,    59
44617.3055671,  0.54693, 64382,    45
44617.3259259,  0.74925, 22563,    44
44617.5101505,  0.59668, 33038,    45
44617.5323958,  0.07428, 16580,    57
44617.5493634,  0.95111, 64382,    45
44617.5725000,  0.32909, 57204,    45
44617.7012500,  0.60439, 28775,    44
44617.7124769,  0.17095, 57814,    59
44617.7531134,  0.91103, 57730,    45
44617.8125579,  0.15835, 33038,    45
44617.8554514,  0.80531, 49147,    57
44617.9015162,  0.54804, 15695,    57
44617.9188194,  0.95073,  5087,    45
44617.9916667,  0.93090, 28775,    45
44618.0748611,  0.36302, 41587,    47
44618.1080671,  0.94641, 39056,    57
44618.1360880,  0.36756,   769,    45
44618.1573264,  0.68663, 63474,    45
44618.1649653,  0.48052, 39056,    45
44618.1820023,  0.94374,  4171,    46
44618.1905787,  0.64720, 12678,    45
44618.2290162,  0.35347,  5087,    45
44618.3643634,  0.68879, 48641,    45
44618.5455208,  0.59260, 33123,    59
44618.5816435,  0.00744,  7631,    68
44618.5925926,  0.47875, 64382,    45
44618.6293750,  0.85413, 64382,    45
44618.6559722,  0.49411, 16366,    45
44618.7245255,  0.53018,  1903,    42
44618.7426157,  0.39477,  6193,    68
44618.8145486,  0.64535, 19926,    46
44618.8591551,  0.55298, 48611,    45
44618.9657755,  0.03420,   799,    46
44618.9680440,  0.62819, 64382,    45
44619.0495718,  0.50251, 49147,    59
44619.1190394,  0.16521, 14369,    45
44619.1328588,  0.91756, 36676,    58
44619.1756829,  0.06662, 45562,    45
44619.1900463,  0.39669,  9177,    45
44619.2188542,  0.56563,  7657,    59
44619.2617593,  0.45614, 49147,    59
44619.2640972,  0.76807,  9177,    58
44619.3091782,  0.00379,  9177,    59
44619.3181829,  0.00475, 63474,    44
44619.3817130,  0.69244, 10363,    56
44619.3961921,  0.20858,  5136,    45
44619.4355787,  0.75103, 28775,    45
44619.5247801,  0.76252,  3098,    45
44619.7234259,  0.62035, 63430,    45
44619.7835532,  0.03977, 61249,    45
44619.7932986,  0.30470, 24453,    44
44619.8364468,  0.29381,  7631,    44
44619.9209606,  0.66494, 65525,    60
44620.0700926,  0.37934,  3098,    45
44620.0944792,  0.66662, 49147,    59
44620.1089005,  0.02736, 10363,    44
44620.1495486,  0.22169,  9177,    45
44620.1937847,  0.01932, 50144,    45
44620.2153356,  0.61699,   769,    59
44620.2996181,  0.77887, 64382,    45
44620.3134722,  0.33415, 53529,    45
44620.3343634,  0.84244, 49147,    45
44620.4100231,  0.34941, 49717,    66
44620.4100694,  0.19632,  5087,    45
44620.4102546,  0.53690,  5087,    44
44620.4462269,  0.76490, 49147,    59
44620.4496528,  0.10301,  7631,    57
44620.4563657,  0.81381, 12678,    51
44620.4793866,  0.24989, 27150,    59
44620.5184144,  0.06031, 27293,    46
44620.5555440,  0.42072, 29280,    45
44620.5926273,  0.36156, 49147,    59
44620.6137731,  0.49874, 64382,    44
44620.6403588,  0.91266,  1903,    47
44620.6570949,  0.63551, 49147,    57
44620.8292940,  0.47448, 24358,    58
44620.8475579,  0.63287, 49147,    58
44620.8643519,  0.16423, 49147,    57
44620.9053125,  0.16046, 39056,    58
44620.9414699,  0.22356, 64382,    59
44620.9790509,  0.98466, 65525,    45
44621.1547569,  0.10805, 39056,    60
44621.1941088,  0.36933, 63474,    59
44621.2076736,  0.05602, 64382,    59
44621.3583681,  0.94257, 41459,    59
44621.3733218,  0.63062, 49147,    45
44621.4074190,  0.63273, 49147,    48
44621.4603472,  0.49720, 64382,    60
44621.4936574,  0.28339, 49147,    44
44621.5269907,  0.55557, 36676,    60
44621.5588542,  0.67214, 49147,    59
44621.5667014,  0.69148,  3985,    60
44621.5953819,  0.15072, 49147,    63
44621.5964120,  0.75844, 63474,    44
44621.6411574,  0.76816, 28775,    49
44621.6731134,  0.74128, 64382,    49
44621.8440162,  0.54487, 24358,    48
44621.9075000,  0.91134, 48611,    49
44621.9851505,  0.63633, 49147,    48
