44543.6313542,  0.93290, 65011,    51
44543.6492824,  0.50769, 49147,    46
44543.6553704,  0.32318, 49147,    46
44543.6555208,  0.03542, 62222,    46
44543.6636690,  0.36283, 49147,    53
44543.8633102,  0.79264,  3985,    60
44543.8772338,  0.71015,  5087,    58
44543.8847801,  0.55840, 16366,    64
44543.8966782,  0.51892, 54188,    46
44544.0628356,  0.34778,   769,    45
44544.0648380,  0.04339, 45562,    46
44544.0887616,  0.18597, 12368,    47
44544.0899884,  0.86831, 33774,    47
44544.0907060,  0.28560, 64382,    46
44544.1488079,  0.54060, 16366,    47
44544.1851273,  0.01694, 61402,    59
44544.2311227,  0.29563, 22563,    47
44544.2704861,  0.26796, 65011,    59
44544.3317245,  0.32594, 64797,    46
44544.3536806,  0.99813, 49147,    47
44544.4310880,  0.35666, 19926,    57
44544.5959028,  0.90597, 64382,    59
44544.6134375,  0.43951, 64382,    46
44544.6246759,  0.72635,   799,    46
44544.6730787,  0.33485,  9177,    46
44544.7261343,  0.67231, 49147,    54
44544.8372917,  0.02249, 16366,    48
44544.8457523,  0.27521, 48641,    46
44544.8790394,  0.52564, 54846,    60
44545.0070833,  0.76329, 49147,    47
44545.0487731,  0.71251, 15886,    60
44545.1269213,  0.44193, 33377,    60
44545.2452894,  0.19394, 36809,    60
44545.3834491,  0.49828,  9177,    46
44545.4495602,  0.60506, 63474,    60
44545.4746991,  0.26834,  9177,    46
44545.5788079,  0.88600,   769,    46
44545.5828819,  0.17412,  5087,    47
44545.5850347,  0.77395, 54846,    46
44545.5877431,  0.58046,  9234,    59
44545.6280208,  0.65011,  3985,    46
44545.6553125,  0.18441, 28775,    46
44545.7587847,  0.97350, 64382,    58
44545.9437269,  0.61694, 27150,    60
44546.0099074,  0.46147, 64382,    46
44546.1444444,  0.36321, 10363,    58
44546.1570370,  0.00070, 16366,    60
44546.2233102,  0.58881, 64382,    58
44546.2864120,  0.09281, 53221,    46
44546.2940856,  0.87148, 14868,    60
44546.3257292,  0.10831, 64382,    60
44546.3398380,  0.10152,  2524,    45
44546.3964352,  0.23820, 49147,    46
44546.5113773,  0.48220, 64382,    59
44546.5741435,  0.52507, 39056,    59
44546.5848611,  0.48811, 63474,    46
44546.6131829,  0.90592, 64382,    46
44546.6294213,  0.46725, 54188,    46
44546.6723727,  0.77191, 64382,    46
44546.7106134,  0.27600, 24838,    51
44546.7279051,  0.72235, 10363,    59
44546.7447338,  0.10226,  3985,    59
44546.7680903,  0.80059, 53243,    45
44546.9258681,  0.26431, 49147,    46
44546.9355208,  0.03821, 12368,    67
44547.0765278,  0.32493, 27150,    46
44547.0874653,  0.48844, 49662,    59
44547.1345139,  0.78741, 57730,    46
44547.1883218,  0.01951, 50380,    48
44547.3466782,  0.73255, 44680,    52
44547.4634375,  0.03670, 11396,   317
44547.5020718,  0.57979, 11396,   322
44547.5780093,  0.93539, 49147,    60
44547.5912731,  0.60648,  9234,    60
44547.6016782,  0.92723, 49147,    45
44547.6322106,  0.79612, 58376,    45
44547.7040278,  0.13581, 25869,    46
44547.8077894,  0.46048, 11664,    59
44547.9753356,  0.84556, 22386,    57
44547.9981481,  0.52500, 16366,    59
44548.0377662,  0.30283, 49147,    46
44548.1284491,  0.63640, 63430,    60
44548.3621644,  0.99364, 47749,    46
44548.3980787,  0.38164, 64382,    46
44548.5787269,  0.82471, 49147,    55
44548.6990741,  0.28382, 16580,    57
44548.7114699,  0.35606, 53243,    48
44548.7290741,  0.03118, 63474,    46
44548.8052894,  0.19886, 25974,    46
44548.9131597,  0.02345, 12678,    60
44548.9846644,  0.20021, 64851,    46
44548.9977199,  0.33828, 16366,    56
44549.0571644,  0.23467, 57972,    59
44549.0574653,  0.04310, 64382,    46
44549.1133912,  0.75479,  6426,    59
44549.1465625,  0.42182,  9177,    56
44549.2552083,  0.78244, 14369,    46
44549.3611574,  0.51880, 49147,    46
44549.3767940,  0.75535, 24453,    44
44549.4863657,  0.17105, 32926,    47
44549.5188773,  0.06994, 33774,    59
44549.5235764,  0.14388, 63474,    59
44549.5433796,  0.61615,  5087,    46
44549.6195023,  0.45244, 33123,    60
44549.7116782,  0.03223, 36809,    60
44549.7129745,  0.30038, 14369,    46
44549.7295370,  0.97974, 43324,    59
44549.7536111,  0.93863, 53529,    59
44549.8111921,  0.04178, 49147,    60
44549.8467014,  0.01044, 63557,    59
44549.9430556,  0.43449, 49147,    45
44549.9467824,  0.24372,  3985,    46
44550.0485648,  0.43924, 22705,    66
44550.0746412,  0.65234, 16366,    47
44550.1488426,  0.02614, 48347,    46
44550.1979745,  0.57948, 48611,    49
44550.2495255,  0.30629,  9177,    55
44550.2597222,  0.45381, 11664,    46
44550.2888542,  0.82754,  3985,    57
44550.3281944,  0.94238, 62925,    45
44550.4981134,  0.71181, 49147,    46
44550.5014120,  0.36341, 57730,    59
44550.5740278,  0.91463, 53221,    48
44550.6029514,  0.26769, 57730,    46
44550.6919329,  0.53400, 11396,    59
44550.7327431,  0.48374, 15886,    46
44550.8315046,  0.30336, 62925,    59
44550.9812616,  0.69451,  3098,    60
44551.0365625,  0.30425, 39056,    59
44551.0568287,  0.91031, 62222,    47
44551.1137037,  0.35186, 45562,    59
44551.1384028,  0.56104, 21672,    60
44551.1476389,  0.95644, 64382,    60
44551.1646528,  0.97442, 63474,    59
44551.1727199,  0.38918, 15886,    46
44551.2195023,  0.49231, 57730,    46
44551.2932176,  0.86781,  3098,    59
44551.3259838,  0.68726, 49147,    46
44551.3731134,  0.81671, 63474,    60
44551.4096065,  0.35501, 63430,    46
44551.4261574,  0.24403, 63474,    60
44551.6563542,  0.27756, 64382,    48
44551.6645718,  0.28068, 32926,    60
44551.6658565,  0.97206, 16580,    48
44551.6956134,  0.46992, 49147,    60
44551.7421644,  0.49094, 49717,    48
44551.7693981,  0.55855, 27150,    60
44551.7839583,  0.69230, 62222,    59
44551.7982176,  0.61735,  9177,    60
44551.8046759,  0.42621, 12678,    48
44551.8295833,  0.59116, 49147,    60
44552.0313310,  0.66035, 19926,    47
44552.1166204,  0.88168, 64382,    57
44552.1246412,  0.60019, 14868,    60
44552.1853704,  0.84139, 43551,    57
44552.1940394,  0.86020, 32926,    46
44552.2056366,  0.56508, 64382,    60
44552.2295255,  0.09744,  3098,    50
44552.3492940,  0.37675, 49147,    60
44552.3777778,  0.75487, 63474,    47
44552.4045949,  0.57648, 19739,   127
44552.4643634,  0.58447, 20681,    60
44552.5440741,  0.80704, 15886,    47
44552.5715509,  0.51492, 48641,    47
44552.6114931,  0.68399, 49147,    58
44552.6117014,  0.59229, 49147,    55
44552.6566204,  0.35844, 36894,    46
44552.6654630,  0.03912, 62222,    46
44552.7583565,  0.46324, 12678,    47
44552.7881250,  0.54969,  9177,    56
44552.8815625,  0.89586, 58376,    47
44552.9593519,  0.18477, 15695,    59
44552.9874190,  0.79231, 39056,    47
44553.0942824,  0.78347, 64382,    61
44553.1305093,  0.10702, 30864,    47
44553.1574769,  0.81739, 11664,    60
44553.1640046,  0.57936, 64382,    57
44553.2119792,  0.09132, 62925,    47
44553.2457060,  0.41294,  5087,    47
44553.2774190,  0.25056, 45737,    47
44553.2995833,  0.81868,  2868,    60
44553.3165625,  0.97374, 49147,    60
44553.3782639,  0.90758, 32926,    60
44553.4798727,  0.79754, 30266,    61
44553.6583218,  0.49356, 64382,    47
44553.6735532,  0.84902,  3985,    50
44553.7075694,  0.95310, 49147,    46
44553.7085764,  0.38812, 12678,    58
44553.7724537,  0.20001, 49147,    47
44553.8109838,  0.83107,  7433,    47
44553.9064699,  0.59978, 49717,    47
44554.0322106,  0.85447,  9054,    47
44554.0555440,  0.76399, 33038,    48
44554.1620949,  0.21348,  3063,    46
44554.1950463,  0.56832, 48685,    47
44554.2478241,  0.58334, 49662,    61
44554.2617014,  0.41988,  3985,    47
44554.2957986,  0.65949,  9177,    61
44554.3921296,  0.88509, 62222,    59
44554.4124190,  0.97845, 49147,    49
44554.4398380,  0.11179, 54846,    47
44554.4621065,  0.45144,  5087,    56
44554.4690162,  0.72923, 27910,    60
44554.5099884,  0.17707, 54846,    49
44554.5522106,  0.54648, 64382,    60
44554.6250810,  0.87628, 39327,    47
44554.7612616,  0.64972,  5087,    68
44554.7658796,  0.54264, 64382,    60
44554.8317940,  0.62124,  4114,    68
44555.0294444,  0.98207, 58376,    46
44555.0384028,  0.36182, 41868,    46
44555.2769213,  0.77567, 63808,    60
44555.3289815,  0.78899, 16366,    47
44555.3832986,  0.85139, 16366,    48
44555.5358912,  0.28413, 60792,    47
44555.5570602,  0.52044, 33774,    61
44555.5617708,  0.70833, 35842,    60
44555.5760417,  0.84431, 42017,    60
44555.5956481,  0.74231, 64382,    60
44555.6526389,  0.61783, 64382,    60
44555.6696875,  0.42624, 16580,    47
44555.7948611,  0.08126, 14369,    60
44555.8422454,  0.97110,  5087,    60
44555.8873611,  0.56553, 64382,    54
44555.9479051,  0.89555, 62222,    47
44556.0051042,  0.28457, 49147,    59
44556.0064352,  0.28788, 49147,    60
44556.0422338,  0.04711, 49147,    47
44556.1266088,  0.15513, 48641,    59
44556.1942593,  0.61876, 63474,    60
44556.3616667,  0.71690, 16366,    46
44556.4181250,  0.34092, 33123,    51
44556.5048611,  0.74059, 49147,    47
44556.5192708,  0.73075, 32926,    46
44556.5444213,  0.67689, 49147,    47
44556.6424537,  0.30281, 49147,    47
44556.6771759,  0.87532, 53221,    46
44556.7608565,  0.25985, 13268,    47
44556.8008912,  0.45501, 57204,    46
44556.8114583,  0.85012, 33412,    47
44556.8994907,  0.56308, 49147,    60
44557.0730787,  0.92774, 64382,    48
44557.0948495,  0.33146, 64382,    59
44557.1329745,  0.71205, 55861,    46
44557.1534259,  0.16795, 49147,    61
44557.2148495,  0.15247, 49147,    60
44557.2923148,  0.25908, 49147,    47
44557.3231944,  0.33938, 62222,    47
44557.4556250,  0.62918, 16366,    60
44557.5849884,  0.44402, 64382,    46
44557.6190856,  0.04618, 58190,    47
44557.6839005,  0.84031, 39327,    47
44557.6922801,  0.67999, 64382,    60
44558.2421991,  0.21441, 57730,    47
44558.2519444,  0.60960,  5087,    53
44558.3435648,  0.15509, 49147,    56
44558.4197917,  0.30847, 61402,    60
44558.4909144,  0.57103, 16580,    47
44558.4967940,  0.75983, 64382,    60
44558.5422685,  0.46996, 35842,    66
44558.6185880,  0.71224, 62222,    46
44558.8353125,  0.33108, 49147,    59
44558.8707292,  0.62200, 39056,    59
44558.9346412,  0.66419,  3063,    46
44558.9347917,  0.03684,  3063,    59
44558.9352894,  0.35721,  3063,    46
44558.9355787,  0.10901,  3063,    58
44558.9356481,  0.29681,  3063,    48
44558.9357176,  0.48573,  3063,    46
44558.9357870,  0.67372,  3063,    60
44558.9359375,  0.04651,  3063,    63
44558.9365741,  0.72530,  3063,    46
44558.9367940,  0.28425,  3063,    51
44558.9369329,  0.65745,  3063,    45
44558.9370023,  0.84475,  3063,    47
44558.9370833,  0.03106,  3063,   269
44558.9371528,  0.21744,  3063,   241
44558.9372222,  0.40459,  3063,   230
44558.9372917,  0.59498,  3063,   200
44558.9375116,  0.16027,  3063,    43
44558.9377894,  0.92174,  3063,    40
44558.9378704,  0.11208,  3063,    57
44558.9379398,  0.30194,  3063,    48
44558.9380093,  0.49132,  3063,    45
44558.9382986,  0.25025,  3063,    60
44558.9385417,  0.87359, 16580,    58
44558.9390394,  0.59424,  3063,    46
44558.9390856,  0.34495,  3063,    47
44558.9396528,  0.85550,  3063,    59
44558.9521991,  0.44100, 62222,    47
44558.9587037,  0.63290, 62222,    46
44558.9756597,  0.95973, 49147,    47
44558.9918403,  0.65015,  3501,    59
44559.0411806,  0.68995, 49147,    46
44559.1061806,  0.09048, 64382,    47
44559.1235532,  0.53983, 42370,    46
44559.3351968,  0.22226, 63557,    58
44559.4025231,  0.36554, 20429,    59
44559.4028125,  0.04274, 20429,    59
44559.4028819,  0.21393, 20429,    59
44559.4030208,  0.55365, 20429,    45
44559.4031597,  0.89488, 20429,    68
44559.4032407,  0.06619, 20429,    75
44559.4033102,  0.24067, 20429,    64
44559.4033796,  0.41613, 20429,    46
44559.4035185,  0.76475, 20429,    63
44559.4035880,  0.94024, 20429,    51
44559.4043056,  0.69059, 20429,    58
44559.5312384,  0.38020, 15695,    46
44559.5339236,  0.03130, 62606,    47
44559.5668750,  0.66376, 24358,    60
44559.5976968,  0.35873, 14369,    47
44559.6162847,  0.70778,  5136,    60
44559.6330440,  0.48597, 64382,    45
44559.6461574,  0.22337, 27245,    47
44559.6462269,  0.41889, 27245,    46
44559.6462963,  0.61545, 27245,    46
44559.6463657,  0.81127, 27245,    60
44559.6465162,  0.20465, 27245,    47
44559.6467940,  0.99138, 27245,    59
44559.6469444,  0.38006, 27245,    46
44559.6470139,  0.57480, 27245,    44
44559.6476620,  0.33669, 27245,    41
44559.6477315,  0.53352, 27245,    46
44559.6497801,  0.04181,  9550,    65
44559.6500579,  0.76562,  9550,    58
44559.6513542,  0.05873,  9550,    46
44559.6731597,  0.51261, 16366,    60
44559.6734028,  0.66160, 16366,    46
44559.6820949,  0.17013, 11703,    44
44559.6821644,  0.35409, 11703,    60
44559.6822338,  0.54069, 11703,    45
44559.6823032,  0.72861, 11703,    44
44559.6825926,  0.49236, 11703,    47
44559.7031481,  0.83839,  9177,    57
44559.7084491,  0.20285, 64382,    46
44559.7790278,  0.20981,  9177,    46
44559.7950347,  0.70106,  9054,    59
44559.7951042,  0.90635,  9054,    59
44559.7953935,  0.72770,  9054,    73
44559.7956134,  0.34929,  9054,    91
44559.7959028,  0.18461,  9054,    45
44559.7961111,  0.81391,  9054,   203
44559.7964005,  0.64915,  9054,   292
44559.7964699,  0.85771,  9054,   151
44559.7965509,  0.07032,  9054,    66
44559.7966204,  0.28437,  9054,    44
44559.7967593,  0.71090,  9054,    46
44559.7972685,  0.19997,  9054,    55
44559.7974769,  0.83371,  9054,    58
44559.7983912,  0.15408, 28775,    46
44559.7984606,  0.31104, 28775,    45
44559.7985301,  0.46742, 28775,    46
44559.7985995,  0.62438, 28775,    45
44559.7986690,  0.78479, 28775,    45
44559.7987384,  0.94564, 28775,    46
44559.7990278,  0.58024, 28775,    46
44559.7990972,  0.73768, 28775,    51
44559.7991667,  0.89457, 28775,    68
44559.7992477,  0.05357, 28775,    51
44559.7993171,  0.21621, 28775,    53
44559.7994560,  0.54487, 28775,    62
44559.8078704,  0.38258, 33774,    58
44559.8085185,  0.09096, 33774,    58
44559.8085880,  0.28411, 33774,    58
44559.8097685,  0.34490, 62724,    56
44559.8099074,  0.70631, 62724,    59
44559.8099769,  0.88756, 62724,    46
44559.8100579,  0.06864, 62724,    58
44559.8101273,  0.25053, 62724,    47
44559.8123727,  0.43651, 24838,    59
44559.8125810,  0.89776, 24838,    46
44559.8126620,  0.05263, 24838,    55
44559.8128704,  0.52058, 24838,    40
44559.8129398,  0.67667, 24838,    45
44559.8130093,  0.83385, 24838,    45
44559.8130787,  0.99230, 24838,    46
44559.8131597,  0.14985, 24838,    44
44559.8132292,  0.30765, 24838,    42
44559.8670602,  0.09108, 49147,    47
44559.8748611,  0.13562, 64797,    46
44559.9271875,  0.36648, 64382,    46
44559.9273843,  0.87247, 64382,    46
44559.9647801,  0.74836, 65525,    46
44560.0463773,  0.29208, 33377,    45
44560.0464468,  0.44829, 33377,    44
44560.0465162,  0.60499, 33377,    45
44560.0465856,  0.76151, 33377,    44
44560.0466551,  0.91689, 33377,    47
44560.0468750,  0.38006, 33377,    53
44560.0469444,  0.53496, 33377,    47
44560.0470139,  0.68867, 33377,   245
44560.0842593,  0.75650, 45562,    45
44560.0850463,  0.21986, 45562,   100
44560.0851157,  0.35618, 45562,   257
44560.0851852,  0.49461, 45562,   156
44560.0854745,  0.05426, 45562,    50
44560.0855440,  0.19368, 45562,    46
44560.0856829,  0.47064, 45562,    44
44560.0858218,  0.74954, 45562,    46
44560.0861111,  0.30837, 45562,    44
44560.0868866,  0.81784, 45562,    46
44560.0870370,  0.09362, 45562,    58
44560.0909954,  0.31665, 29762,    56
44560.0945370,  0.70864,  6193,    45
44560.0946065,  0.89608,  6193,    48
44560.0948958,  0.64387,  6193,    45
44560.0949653,  0.82929,  6193,    43
44560.0950463,  0.01507,  6193,    55
44560.0951157,  0.20081,  6193,    49
44560.0951852,  0.38750,  6193,    55
44560.0952546,  0.57403,  6193,    45
44560.0953241,  0.76195,  6193,    45
44560.0955440,  0.33036,  6193,    45
44560.0956134,  0.52015,  6193,    56
44560.0956829,  0.71008,  6193,    46
44560.2026505,  0.99609, 30864,    46
44560.2030787,  0.98092, 30864,    83
44560.2031597,  0.14911, 30864,   118
44560.2033681,  0.66184, 30864,    45
44560.2983449,  0.37157, 57814,    59
44560.2984838,  0.72599, 57814,    45
44560.2985532,  0.90369, 57814,    49
44560.2986343,  0.08582, 57814,    42
44560.4167477,  0.74203,  3098,    46
44560.4229051,  0.16910, 25315,    59
44560.4229745,  0.33290, 25315,    44
44560.4230440,  0.49860, 25315,    46
44560.4231134,  0.66218, 25315,    44
44560.4231829,  0.82826, 25315,    89
44560.4232523,  0.99484, 25315,   208
44560.4234028,  0.33463, 25315,    99
44560.4234722,  0.50565, 25315,    45
44560.4235417,  0.67559, 25315,    57
44560.4629514,  0.58444, 48347,    59
44560.4818056,  0.31068, 64825,    47
44560.5329514,  0.23541, 63474,    45
44560.5425926,  0.39734, 64797,    47
44560.5565972,  0.34783, 49662,    46
44560.5643056,  0.39283, 49147,    46
44560.5883102,  0.57110,  9177,    46
44560.6045718,  0.22315, 12678,    46
44560.6420023,  0.63177,  7657,    46
44560.6595370,  0.47236, 65011,    49
44560.6731829,  0.86054, 57204,    46
44560.6875116,  0.24957, 11039,    46
44560.7073148,  0.90016, 47595,    47
44560.7802894,  0.51960, 49147,    46
44560.7892477,  0.12214, 32926,    68
44560.8123148,  0.46504, 22496,    46
44560.8535764,  0.16728, 13972,    46
44560.9267708,  0.88821, 45596,    48
44560.9279861,  0.22529, 64382,    59
44561.3420486,  0.47899, 58857,    43
44561.3421181,  0.58826, 58857,    45
44561.3421875,  0.69911, 58857,    46
44561.3423264,  0.91854, 58857,    47
44561.3426157,  0.35856, 58857,    60
44561.3428935,  0.79401, 58857,    62
44561.3429630,  0.90258, 58857,    59
44561.3431829,  0.22874, 58857,    55
44561.3432523,  0.33681, 58857,    56
44561.3433218,  0.44472, 58857,    57
44561.3434606,  0.66225, 58857,    66
44561.3435301,  0.77222, 58857,    58
44561.4224190,  0.47181, 16366,    45
44561.4405903,  0.95548, 27150,    45
44561.5335880,  0.18228,  6713,    58
44561.5348843,  0.16075, 32926,    46
44561.5787731,  0.31461, 35834,    58
44561.5804745,  0.65697, 35834,    46
44561.5805440,  0.79677, 35834,    56
44561.5806134,  0.93498, 35834,    45
44561.5806944,  0.07370, 35834,    54
44561.5809028,  0.49375, 35834,    57
44561.5966435,  0.04889,  3985,    46
44561.5968403,  0.61682,  3985,    59
44561.6098380,  0.40053, 15695,    58
44561.6340509,  0.46797, 41498,    59
44561.6535648,  0.09295, 62125,    43
44561.7078125,  0.85900, 63474,    59
44561.7358681,  0.45379, 62125,    59
44561.7979745,  0.95514, 16366,    47
44561.8218981,  0.96510, 65011,    47
44561.8220486,  0.32061, 65011,    47
44561.8227662,  0.09612, 65011,    45
44561.8228356,  0.27350, 65011,    60
44561.8229051,  0.45211, 65011,    61
44561.8229745,  0.63127, 65011,    71
44561.8230440,  0.81067, 65011,   131
44561.8231134,  0.99078, 65011,   100
44561.8231944,  0.17181, 65011,    70
44561.8232639,  0.35477, 65011,   103
44561.9025116,  0.12689, 46068,    46
44561.9834028,  0.14306, 62222,    47
44562.0326157,  0.90959, 49147,    58
44562.0454167,  0.79821, 41498,    46
44562.1144213,  0.29001, 48641,    46
44562.1935764,  0.88000, 41546,    45
44562.2372917,  0.54091, 16366,    46
44562.3155440,  0.84395, 65525,    59
44562.3965856,  0.32193, 39327,    74
44562.4279977,  0.10481, 17926,    46
44562.4444907,  0.92493, 49147,    45
44562.4460185,  0.67610, 49147,    59
44562.5270486,  0.82907, 64382,    45
44562.6259838,  0.68263, 48641,    58
44562.7189931,  0.88082, 25315,    52
44562.7784028,  0.95145, 10363,    46
44562.8028588,  0.28538, 22563,    45
44562.8227778,  0.83251, 49147,    46
44562.9237616,  0.17042, 63430,    55
44562.9837731,  0.57945, 28775,    47
44563.1081481,  0.78655, 22563,    45
44563.1804861,  0.16581, 49147,    46
44563.2965162,  0.47848, 63474,    46
44563.3468866,  0.32081, 14369,    46
44563.4061574,  0.16116, 61249,    58
44563.4064468,  0.49128,  3098,    46
44563.4388889,  0.40776,  3063,    46
44563.4455093,  0.60400,  3985,    58
44563.5438194,  0.55257,  6193,    46
44563.6130208,  0.27242, 49147,    58
44563.6568171,  0.45436, 49147,    58
44563.7061111,  0.16817, 39056,    58
44563.7656597,  0.90587, 49662,    66
44563.7717361,  0.03569, 27725,    55
44563.7923495,  0.57002,  1903,    46
44563.9712269,  0.55814, 49147,    45
44563.9826157,  0.05882, 16366,    46
44564.0554977,  0.67910, 49662,    60
44564.0719213,  0.28754, 63474,    44
44564.1151505,  0.86260,  5087,    58
44564.1161111,  0.94766,   799,    58
44564.1952199,  0.83582, 64382,    58
44564.3813079,  0.64696,  5087,    45
44564.4630324,  0.61723, 39056,    54
44564.5941204,  0.61087, 48641,    45
44564.6148148,  0.48271, 62222,    46
44564.6842130,  0.93789, 63474,    58
44564.6965625,  0.41313, 49147,    46
44564.7026736,  0.56712, 49147,    46
44564.7791088,  0.74697,   769,    58
44564.7798611,  0.27261, 65333,    59
44564.9192593,  0.16922, 16366,    58
44564.9193981,  0.40956, 16366,    46
44564.9194676,  0.53068, 16366,    58
44564.9196065,  0.77512, 16366,    45
44564.9196759,  0.89668, 16366,    45
44564.9201042,  0.62104, 16366,    49
44564.9203935,  0.10075, 16366,    59
44564.9205324,  0.34401, 16366,    61
44564.9206019,  0.46672, 16366,    66
44564.9207407,  0.71320, 16366,   182
44564.9208102,  0.83733, 16366,    73
44564.9208796,  0.96405, 16366,    46
44564.9214468,  0.98186, 16366,    43
44564.9215278,  0.18446, 16366,    86
44564.9223032,  0.50241, 16366,    45
44564.9223727,  0.62678, 16366,    57
44564.9231481,  0.98997, 16366,    45
44564.9232292,  0.11287, 16366,    57
44564.9234375,  0.48019, 16366,    45
44564.9235764,  0.72299, 16366,    47
44564.9236458,  0.84482, 16366,    44
44564.9243634,  0.07068, 16366,    45
44564.9244329,  0.19365, 16366,    45
44564.9268403,  0.37245, 16366,    45
44564.9273380,  0.24338, 16366,    58
44564.9275463,  0.61370, 16366,    55
44564.9281134,  0.59688, 16366,    49
44564.9283218,  0.97120, 16366,    58
44564.9308796,  0.37550, 16366,    45
44564.9318750,  0.10920, 16366,    46
44564.9321528,  0.60295, 16366,    58
44564.9322222,  0.72556, 16366,    47
44564.9857986,  0.40704,   769,    47
44565.0081481,  0.95073, 16580,    58
44565.1778588,  0.32340, 62993,    58
44565.2510069,  0.81232, 64382,    59
44565.3661343,  0.58636, 33182,    58
44565.3851968,  0.73931, 49147,    58
44565.4250579,  0.58476, 49147,    59
44565.4273611,  0.15091, 54846,    58
44565.4370949,  0.89090, 49147,    84
44565.4982407,  0.27641,  7631,    45
44565.5079514,  0.29765, 17926,    45
44565.5187037,  0.74690,  6193,    46
44565.5346412,  0.25368, 12678,    58
44565.5639352,  0.53308, 48685,    45
44565.6010532,  0.73315, 57787,    45
44565.6509375,  0.52636, 30266,    54
44565.7695949,  0.19387, 42711,    59
44565.7696644,  0.29349, 42711,    94
44565.7697338,  0.39501, 42711,    44
44565.7977083,  0.82053, 64382,    45
44565.8215509,  0.81477, 65011,    46
44565.8795486,  0.68397, 64382,    46
44566.0127662,  0.83085, 49147,    47
44566.0150579,  0.26013, 20058,    58
44566.0151273,  0.42057, 20058,    58
44566.0151968,  0.58185, 20058,    57
44566.1069907,  0.11750, 30266,    44
44566.1451042,  0.28169, 49662,    46
44566.1722338,  0.52908, 64825,    68
44566.1723032,  0.65582, 64825,    43
44566.1725926,  0.16418, 64825,    56
44566.1728704,  0.67607, 64825,    45
44566.1766088,  0.56462, 12678,    46
44566.3925347,  0.19334, 49147,    58
44566.4850347,  0.94962, 49147,    59
44566.5562269,  0.68903, 49147,    46
44566.7480093,  0.16565, 28775,    47
44566.7504977,  0.75115, 63557,    58
44566.7507870,  0.48664, 63557,    72
44566.8212963,  0.70843, 57954,    54
44566.8215856,  0.20193, 57954,    59
44566.8218634,  0.70987, 57954,    45
44566.8220833,  0.09295, 57954,    44
44566.8221528,  0.22008, 57954,    78
44566.9010995,  0.37401, 25869,    59
44566.9588426,  0.41095, 49147,    52
44566.9650000,  0.48681, 11869,    46
44567.0864236,  0.60513, 16580,    46
44567.1652662,  0.61204, 50380,    58
44567.2143403,  0.93525,  3098,    46
44567.2237731,  0.49231, 49147,    71
44567.3143634,  0.52533, 16580,    46
44567.3157523,  0.53594, 15230,    46
44567.3861921,  0.88864, 63474,    46
44567.4458796,  0.89608, 10363,    59
44567.5290509,  0.52363, 17926,    46
44567.5873843,  0.57033, 49147,    46
44567.5918287,  0.88629, 53243,    46
44567.6261690,  0.89142, 63474,    47
44567.6807060,  0.42050, 49147,    59
44567.7718056,  0.67322, 62086,    47
44567.8192014,  0.58274, 10363,    60
44568.0043519,  0.49476, 49147,    46
44568.0712847,  0.45312, 28464,    46
44568.1632870,  0.93198, 16580,    47
44568.1651505,  0.48528, 49147,    59
44568.1792593,  0.87508, 64382,    47
44568.1858681,  0.24969, 49147,    46
44568.2010880,  0.99458,  3985,    55
44568.2298495,  0.47076, 15886,    47
44568.3460648,  0.23033, 49147,    48
44568.3833565,  0.13824, 49662,    47
44568.4555440,  0.94521,  7657,    60
44568.4574653,  0.76432,  9177,    47
44568.5676852,  0.81566, 60792,    46
44568.6108102,  0.94977, 16366,    46
44568.6134491,  0.38008, 41546,    46
44568.6346991,  0.04510,  9177,    46
44568.6797106,  0.95099, 65333,    46
44568.7510532,  0.35702, 64382,    47
44568.7540162,  0.35801, 42017,    47
44568.7676852,  0.72839, 30864,    60
44568.8020602,  0.70924, 58857,    59
44568.8919560,  0.75201, 49147,    47
44568.9793287,  0.04762, 63474,    46
44569.0165162,  0.65959, 62993,    46
44569.0352431,  0.71985, 24838,    46
44569.0990046,  0.05191, 49147,    46
44569.1096759,  0.45196, 49147,    46
44569.1931597,  0.31015, 15886,    47
44569.2044444,  0.46572, 16580,    46
44569.2481019,  0.41016, 25869,   314
44569.3002315,  0.35145, 39056,    46
44569.3186111,  0.60124, 35842,    49
44569.5477778,  0.39799, 63474,    47
44569.6742593,  0.35306,  6713,    51
44569.7463542,  0.45384, 49147,    59
44569.8207523,  0.95476, 64382,    60
44569.8766435,  0.87448, 39056,    47
44569.8898611,  0.89046, 49147,    60
44569.9892708,  0.23556, 15613,    46
44570.0272338,  0.15026, 62086,    45
44570.0966898,  0.49202, 49147,    46
44570.1036227,  0.67845, 47595,    47
44570.2343981,  0.33146, 16366,    59
44570.2784375,  0.55778, 64382,    46
44570.2785301,  0.95253, 64382,    47
44570.2891898,  0.70869, 49147,    46
44570.3208449,  0.38347, 49147,    47
44570.4071296,  0.60580, 35842,   292
44570.5447222,  0.13075, 17290,    60
44570.5464468,  0.34877, 15695,    60
44570.5691088,  0.94374, 48641,    47
44570.5851042,  0.65841,  6426,    46
44570.7308218,  0.72127, 65011,    50
44570.8409028,  0.16771,  9177,    46
44570.9049421,  0.66352,  9177,    46
44571.2939005,  0.44870, 49147,    61
44571.3622801,  0.03922, 62573,    46
44571.3716204,  0.82036, 49147,    61
44571.4114005,  0.10466,  7657,    47
44571.4874306,  0.25807, 49147,    57
44571.6140278,  0.05292, 15695,    47
44571.6190741,  0.34793,  1291,    47
44571.6570139,  0.11040, 64382,    47
44571.6601042,  0.01476, 33123,    47
44571.7561806,  0.60885, 63430,    56
44571.8116782,  0.92512, 39056,    47
44571.9211690,  0.40752, 33652,    47
44571.9487384,  0.44040, 26975,    48
44572.0723032,  0.26107, 50144,    46
44572.0960185,  0.05659, 63474,    46
44572.1357986,  0.64324,  3098,    46
44572.1782755,  0.71589,  2524,    60
44572.2102894,  0.88070, 53243,    60
44572.2375116,  0.83615, 15695,    46
44572.3275231,  0.49929, 36809,    60
44572.3355671,  0.76214, 49147,    47
44572.3694097,  0.07445, 64382,    52
44572.3987616,  0.19041, 36894,    60
44572.4753472,  0.69482,  3985,    46
44572.4918171,  0.85689, 36894,    57
44572.4919560,  0.35832, 36894,    46
44572.5008912,  0.75124,  9177,    60
44572.5111806,  0.13713, 54846,    48
44572.5552662,  0.65536, 49147,    69
44572.6288310,  0.12343, 12678,    46
44572.6542014,  0.28572, 59852,    56
44572.7630440,  0.71481,  6193,    46
44572.7773958,  0.48796, 49147,    46
44572.7829630,  0.52586, 11664,    47
44572.8063657,  0.91238, 49147,    60
44572.8196875,  0.31531,  9177,    47
44572.8435764,  0.77872, 17926,    57
44572.8681713,  0.09638, 48641,    48
44572.8691667,  0.58368, 24838,    60
44572.8725694,  0.40780, 41860,    46
44572.8727894,  0.09991, 41860,    47
44572.8928241,  0.82120, 48641,    46
44572.9267824,  0.94732, 63474,    60
44572.9488194,  0.19051, 53243,    58
44572.9510880,  0.24189, 49147,    47
44572.9565394,  0.41066, 39056,    46
44573.0231713,  0.30403, 29280,    47
44573.1595370,  0.54196, 49662,    44
44573.2052894,  0.17906, 45186,    61
44573.3401736,  0.41863, 49147,    49
44573.4205324,  0.84086, 10363,    60
44573.5489236,  0.26678, 39056,    59
44573.6129282,  0.45945, 17290,    58
44573.6298148,  0.98265,  1903,    47
44573.6457292,  0.27485, 29280,    46
44573.6685185,  0.46548, 49147,    47
44573.6686227,  0.03245, 49147,    46
44573.7145139,  0.66050, 63430,    60
44573.7286343,  0.36319, 49147,    60
44573.7921759,  0.91703, 64382,    46
44573.8342130,  0.49008, 48641,    47
44573.8814120,  0.34195, 53243,    59
44573.8827199,  0.20985, 63474,    59
44573.9177083,  0.71810, 18058,    46
44573.9642361,  0.57110, 42017,    46
44574.1794097,  0.77236, 17926,    69
44574.2882060,  0.04810,  3501,    49
44574.3120833,  0.95867,  9177,    47
44574.4026620,  0.55020, 49147,    60
44574.5072917,  0.98654, 14369,    47
44574.5465394,  0.43420, 28464,    46
44574.5597338,  0.82845, 49662,    47
44574.7278241,  0.25274, 57787,    60
44574.7949769,  0.45844, 50144,    47
44574.8894329,  0.96407, 49147,    48
44575.1086111,  0.93791,  9177,    59
44575.1734838,  0.52531, 39171,    46
44575.1821065,  0.51480, 63474,    47
44575.2929398,  0.52392, 10162,    46
44575.3770139,  0.74234, 49147,    60
44575.4679745,  0.24746, 27725,    47
44575.4967708,  0.77246, 19926,    60
44575.5197569,  0.52653, 64382,    60
44575.5603356,  0.93218, 64382,    47
44575.5779745,  0.95231, 27150,    47
44575.6644792,  0.83229, 62222,    66
44575.6787269,  0.65968, 48641,    47
44575.8636690,  0.06751, 64382,    46
44575.9920023,  0.54993, 64382,    60
44576.0141088,  0.98867, 16580,    46
44576.0894097,  0.49488, 60792,    46
44576.1071991,  0.09050, 16366,    60
44576.1468519,  0.61941, 35842,    58
44576.3116319,  0.86414, 12678,    48
44576.3488079,  0.60816, 49147,    60
44576.3689468,  0.29906, 12678,    47
44576.4557755,  0.81585,  9177,    47
44576.5232060,  0.33427, 49147,    60
44576.5234954,  0.63350, 49147,    47
44576.5734144,  0.27180, 49147,    60
44576.5934144,  0.49939, 49147,    60
44576.6214815,  0.89810, 42017,    47
44576.8243866,  0.69170, 16580,    47
44576.8667708,  0.55394, 64382,    54
44576.8826852,  0.90930,  4985,    47
44576.9162037,  0.98879,  3985,    60
44576.9498032,  0.81707, 19739,    59
44576.9590394,  0.90604, 39056,    46
44577.0041898,  0.99510, 64382,    60
44577.0243403,  0.15413, 49147,    48
44577.0853588,  0.74380,  4114,    47
44577.1067824,  0.72424, 63474,    58
44577.2663310,  0.53776, 63474,    60
44577.3336921,  0.96882, 32926,    47
44577.3499421,  0.48424, 16366,    60
44577.3868634,  0.68083, 60737,    48
44577.5730440,  0.35613, 49147,    60
44577.5843634,  0.63871, 11039,    46
44577.5881713,  0.12672,  7631,    59
44577.6789815,  0.96803, 10162,    60
44577.7687963,  0.17237, 14369,    46
44577.7963310,  0.58123, 49147,    60
44577.8478241,  0.43140, 24838,    58
44577.9103241,  0.89126, 35842,    60
44577.9229514,  0.71620, 65333,    47
44577.9578704,  0.63496, 16366,    60
44577.9826620,  0.53664, 49662,    48
44578.0220370,  0.96006, 30266,    46
44578.0234259,  0.01210, 39056,    60
44578.0334838,  0.71512, 57787,    58
44578.0570602,  0.87139,  5239,    60
44578.2210069,  0.61413,   799,    47
44578.3221181,  0.08093, 64382,    60
44578.3405903,  0.55977, 49147,    54
44578.4019560,  0.93563, 11039,    46
44578.5804630,  0.09970, 35449,    46
44578.6120486,  0.75736, 39327,    46
44578.6345602,  0.30821, 33412,    46
44578.6756713,  0.69050, 45186,    46
44578.7203241,  0.25994, 63474,    59
44578.7417940,  0.24804,  3098,    47
44578.9569213,  0.61804, 49147,    47
44579.0085995,  0.48319, 57730,    46
44579.0933333,  0.88391, 36894,    47
44579.1718519,  0.98106, 62086,    61
44579.1821759,  0.36650,  5087,    51
44579.1884259,  0.50071, 49147,    47
44579.2254398,  0.75256, 64382,    47
44579.3065972,  0.00290, 49147,    46
44579.4639468,  0.41865, 22055,    60
44579.5029514,  0.02016,  3985,    57
44579.5512384,  0.77426,  3098,    47
44579.5901968,  0.36559, 49662,    47
44579.6119097,  0.65791, 10363,    60
44579.7574653,  0.35933, 49147,    53
44579.8302894,  0.05554, 15230,    46
44579.8885301,  0.91146, 64382,    58
44579.9672338,  0.06605, 53243,    46
44580.0177315,  0.29457, 63474,    60
44580.0633912,  0.42194,  5087,    47
44580.2098727,  0.88137,  5087,    69
44580.2105208,  0.23921, 57204,    58
44580.2485301,  0.52588,   769,    60
44580.2636806,  0.63191,  9177,    61
44580.3065625,  0.12036, 29280,    46
44580.3928241,  0.17325, 61402,    60
44580.4044213,  0.62745,  9177,    61
44580.4804630,  0.50119, 49662,    58
44580.5423843,  0.53875, 53529,    59
44580.6444097,  0.76879, 49147,    46
44580.6739468,  0.01961,  9177,    46
44580.7204282,  0.72602, 41868,    47
44580.7334838,  0.62436, 64382,    59
44581.0372338,  0.97996, 65525,    48
44581.0464352,  0.50248,  9054,    60
44581.1457176,  0.66518, 63474,    46
44581.1746991,  0.31265, 64382,    57
44581.3097569,  0.45489, 64382,    46
44581.5720486,  0.27835,  1291,    59
44581.6797338,  0.54902, 64382,    47
44581.6884722,  0.43452, 63474,    46
44581.7386806,  0.15458, 29280,    60
44581.8314699,  0.29395, 42017,    46
44581.9226273,  0.30717, 28775,    46
44581.9414699,  0.18451, 63430,    47
44581.9920718,  0.16483, 63474,    60
44582.0226157,  0.74032,  9177,    59
44582.0231134,  0.24679, 61970,    46
44582.0906597,  0.37713, 65011,    59
44582.2158912,  0.88694, 27150,    47
44582.3246875,  0.84415, 14085,    46
44582.3731019,  0.87021,   769,    46
44582.3802662,  0.67991, 58376,    59
44582.4032639,  0.39242, 64382,    60
44582.4767245,  0.95414, 64382,    47
44582.5008912,  0.36866, 49147,    59
44582.5803241,  0.07445,  4171,    60
44582.6800231,  0.72362,  3985,    47
44582.6973264,  0.36261, 15886,    46
44582.7496991,  0.93532, 49147,    46
44582.8648264,  0.49483,  7657,    46
44582.8804398,  0.36900,  9177,    47
44582.9692940,  0.90098, 15613,    47
44582.9975000,  0.92697, 64382,    45
44583.0198727,  0.37622, 64382,    60
44583.0657523,  0.62124, 61970,    46
44583.0747106,  0.66472, 58857,    60
44583.0998032,  0.26731, 49147,    55
44583.1729167,  0.54187, 64382,    46
44583.2069676,  0.59923, 14868,    46
44583.2201736,  0.51544, 54846,    46
44583.2251736,  0.15542, 49147,    47
44583.2445255,  0.57480, 28775,    47
44583.2521759,  0.09996, 39327,    60
44583.2961806,  0.11518, 49147,    59
44583.3007060,  0.43351, 63474,    46
44583.3094444,  0.25764, 16580,    46
44583.3280671,  0.05162,  3673,    46
44583.3644213,  0.48048,  9054,    45
44583.4083333,  0.12053, 49147,    47
44583.4657523,  0.60772, 49147,    46
44583.5446991,  0.25848, 49147,    56
44583.5501389,  0.14750, 65011,    59
44583.5658218,  0.66652, 53221,    46
44583.5715741,  0.88665, 58376,    46
44583.6810532,  0.61101, 63474,    58
44583.7082060,  0.52032,  9177,    46
44583.7383218,  0.59258, 28775,    59
44583.8225000,  0.77126, 36809,    46
44583.8714815,  0.21000, 36894,    47
44583.8837269,  0.54996, 49147,    46
44583.8983912,  0.56995, 64382,    46
44583.9202431,  0.20760, 36676,    47
44584.0517361,  0.27669, 30864,    47
44584.1225926,  0.62421, 49147,    46
44584.1864699,  0.31185, 39056,    46
44584.1886806,  0.33852, 64382,    47
44584.2118750,  0.35119, 61402,    49
44584.2983565,  0.32966, 49662,    47
44584.2987269,  0.43790, 48641,    46
44584.3359606,  0.23985, 57787,    54
44584.3677894,  0.97358, 63474,    46
44584.3718403,  0.81465, 49147,    46
44584.5324769,  0.06065, 23579,    46
44584.5642824,  0.98692, 11732,    60
44584.5668403,  0.21396, 64382,    46
44584.6185301,  0.48472, 63430,    46
44584.6568287,  0.07248, 27150,    59
44584.7380903,  0.83131, 63474,    45
44584.7876968,  0.47112, 63430,    58
44584.8241088,  0.51556, 49147,    46
44584.8588310,  0.61396,  7433,    46
44584.8898380,  0.63635,  9054,    46
44584.9900000,  0.46116, 64382,    46
44585.0358681,  0.07378, 49147,    60
44585.2212963,  0.16063,  3098,    46
44585.2382407,  0.32275, 64382,    55
44585.3460301,  0.95289, 37291,    46
44585.4373148,  0.52569, 49662,    68
44585.5769907,  0.68601, 62925,    47
44585.6074074,  0.60417, 57730,    46
44585.6178588,  0.57175, 64382,    46
44585.6272222,  0.13320, 12678,    60
44585.7056019,  0.59635, 49147,    46
44585.7875347,  0.69830,  1903,    59
44585.8367593,  0.49212, 15230,    47
44585.8836458,  0.61296, 49147,    55
44586.0311806,  0.31010, 61402,    46
44586.2234259,  0.49598, 47129,    47
44586.2455787,  0.54314, 14369,    46
44586.2860880,  0.21547,  9792,    47
44586.3375810,  0.94770, 48641,    47
44586.3723843,  0.02530, 57730,    46
44586.3936343,  0.81141, 48641,    59
44586.4014931,  0.33144, 16580,    46
44586.4455440,  0.11710, 45186,    59
44586.5118866,  0.59906, 64382,    46
44586.5320833,  0.49812, 22052,    46
44586.5765162,  0.52711, 61402,    60
44586.6106829,  0.16200, 49147,    47
44586.6437731,  0.88655, 14369,    46
44586.6977546,  0.77500, 49147,    47
44586.8901852,  0.56697, 64382,    60
44587.0250810,  0.77587, 49147,    60
44587.0710069,  0.35325, 49147,    59
44587.1577662,  0.54955, 14085,    46
44587.2892014,  0.24355, 64382,    47
44587.3201736,  0.92682, 49147,    59
44587.3390625,  0.31593, 53221,    47
44587.3694444,  0.17993, 64382,    57
44587.5005903,  0.43764, 57204,    61
44587.5352199,  0.85130, 11703,    59
44587.5403588,  0.63057, 42017,    56
44587.5500579,  0.25817, 49147,    46
44587.5674190,  0.25356, 49147,    47
44587.5757870,  0.26234, 39056,    46
44587.6213426,  0.43377, 49147,    46
44587.7738657,  0.38532,  9177,    97
44587.8544907,  0.49641, 49147,    61
44587.8720718,  0.37380,  3501,    59
44587.9123727,  0.39360, 41868,    46
44587.9869213,  0.77059, 12678,    58
44588.0076968,  0.41409, 30076,    63
44588.0731134,  0.04044, 48641,    46
44588.2074421,  0.46276, 63474,    46
44588.2255671,  0.18619,  9177,    47
44588.2707870,  0.57364, 34852,    61
44588.3094560,  0.17733,  1903,    47
44588.4335301,  0.39840, 19739,    59
44588.4794792,  0.03242, 49147,    46
44588.5006829,  0.80695,  3098,    60
44588.5148611,  0.33367, 61402,    46
44588.5288773,  0.48523, 49147,    47
44588.5690741,  0.01474, 32926,    60
44588.7330093,  0.63923, 49147,    46
44588.7733449,  0.01070, 64382,    46
44588.7880093,  0.74759,  9177,    59
44588.8254282,  0.62560, 49147,    59
44588.8695023,  0.95205, 49147,    60
44588.9357870,  0.43051, 12678,    47
44589.0206829,  0.36437, 63474,    59
44589.0386343,  0.26340, 57730,    46
44589.0577199,  0.42194, 64382,    48
44589.0945486,  0.40228, 12368,    46
44589.2614815,  0.12564, 48757,    47
44589.2857523,  0.42602, 40977,    69
44589.3773032,  0.82099, 64382,    60
44589.4233218,  0.16699, 12678,    59
44589.4919560,  0.31701, 32926,    45
44589.5868287,  0.81355, 23579,    47
44589.6304398,  0.44068, 65525,    50
44589.7036574,  0.85226, 49147,    46
44589.9248843,  0.58216, 49147,    47
44590.0053241,  0.27605,  5087,    60
44590.0059722,  0.77685, 16580,    46
44590.0262616,  0.69314, 49147,    47
44590.1185185,  0.18866, 64382,    46
44590.1185764,  0.21093, 49147,    60
44590.2026505,  0.60408, 49147,    46
44590.2121991,  0.77594, 61402,    46
44590.2485185,  0.51057, 29280,    47
44590.2799884,  0.62131, 28775,    46
44590.3211574,  0.26690, 49147,    59
44590.3385532,  0.06216, 42017,    46
44590.4877546,  0.93700, 12678,    46
44590.5393171,  0.88830, 64851,    60
44590.6211806,  0.95171, 16366,    57
44590.7108333,  0.40147, 49147,    47
44590.7556250,  0.30480,  3985,    46
44590.7708796,  0.22063, 62222,    46
44590.7890509,  0.26141, 39056,    57
44590.8259028,  0.61099, 16366,    46
44590.8263542,  0.40900, 12678,    59
44590.8687500,  0.86291, 49662,    47
44590.9348495,  0.15105, 16580,    46
44590.9358449,  0.05472,  3098,    46
44590.9402778,  0.78928, 16366,    46
44591.0276389,  0.82495, 28775,    47
44591.0678588,  0.87998,  3985,    58
44591.1005787,  0.24314, 39530,    46
44591.1943750,  0.22022, 39056,    46
44591.1973264,  0.55444, 64382,    46
44591.2032176,  0.14611, 25869,    46
44591.2184259,  0.10898, 16366,    59
44591.2481944,  0.96117, 28464,    47
44591.2514005,  0.59253, 64382,    47
44591.3689352,  0.92685,  3098,    46
44591.6283681,  0.06482, 47257,    47
44591.6519560,  0.34289, 63430,    59
44591.6652778,  0.19992, 63474,    60
44591.7265741,  0.94463,  9177,    59
44591.7466551,  0.50863,  9177,    46
44591.7519213,  0.09509, 49147,    53
44591.7984259,  0.80587, 48641,    46
44591.8312963,  0.49012, 33652,    48
44591.8634144,  0.64903, 65011,    46
44592.0122685,  0.61999, 29418,    46
44592.0314815,  0.07860, 64382,    60
44592.0574421,  0.60614,  9177,    60
44592.1235995,  0.72827, 64797,    60
44592.1524306,  0.36137, 64382,    46
44592.3388310,  0.34449,  7657,    46
44592.4344444,  0.03607, 41868,    60
44592.4405903,  0.47126, 33774,    46
44592.6465625,  0.24362, 62086,    46
44592.6607060,  0.77207, 53243,    54
44592.7868866,  0.52012, 49147,    46
44592.8051968,  0.92721, 62925,    66
44592.8661343,  0.14849, 23262,    47
44592.8687731,  0.65325,  9177,    60
44592.8800810,  0.56628,  2524,    47
44592.9929977,  0.98426,  2524,    60
44593.0022222,  0.51309, 49147,    47
44593.0354051,  0.93846, 63474,    47
44593.1386690,  0.61183, 64382,    47
44593.2919907,  0.45741, 49147,    60
44593.3003125,  0.99069, 53243,    46
44593.3300116,  0.41318, 33182,    59
44593.3870833,  0.94432, 47595,    46
44593.4810069,  0.39926, 30266,    46
44593.5178125,  0.63655, 49147,    46
44593.5929861,  0.03614, 52062,    47
44593.5982870,  0.68985, 27150,    60
44593.6187731,  0.13644, 28464,    44
44593.6902083,  0.65896, 49147,    49
44593.7025231,  0.73586, 53349,    46
44593.8621181,  0.33835,  3098,    44
44593.9601736,  0.18905, 28775,    46
44594.1110995,  0.04579,  6426,    47
44594.1218403,  0.99885, 20681,    47
44594.1955903,  0.80296, 11039,    58
44594.2266551,  0.93729,  9177,    59
44594.2490162,  0.53757, 63474,    60
44594.4025579,  0.96957, 64382,    52
44594.4543056,  0.92301, 36809,    47
44594.4858912,  0.47222, 48641,    45
44594.5314583,  0.79751, 64382,    46
44594.7237153,  0.55315, 49662,    46
44594.7874769,  0.89742, 57787,    46
44594.8049306,  0.83217, 49147,    59
44594.8292708,  0.54974,  2524,    46
44594.8414236,  0.46072, 62125,    47
44594.9153125,  0.28579, 64382,    55
44594.9904051,  0.51564,  3985,    45
44594.9939699,  0.84083, 28775,    59
44595.0655903,  0.65510,  5239,    46
44595.1209722,  0.55046, 49662,    46
44595.2154398,  0.73526, 49147,    59
44595.3353472,  0.25886, 33652,    56
44595.3670255,  0.09922, 49147,    60
44595.3803125,  0.14517,  3985,    60
44595.3966782,  0.04435, 58376,    47
44595.4034838,  0.68975,  1903,    46
44595.4123843,  0.87047, 28464,    47
44595.4696644,  0.38704, 48611,    59
44595.5448958,  0.20006, 54846,    47
44595.5490278,  0.09019, 65011,    60
44595.5579977,  0.69494, 64382,    60
44595.6102662,  0.25469, 64382,    48
44595.7320139,  0.38188,  9234,    46
44595.8630556,  0.12286, 49147,    47
44595.8704745,  0.47268, 12368,    60
44595.9261574,  0.56160, 49147,    46
44595.9579630,  0.57175,  9177,    60
44596.0233218,  0.66081, 49147,    59
44596.0604861,  0.76216, 27150,    46
44596.1175463,  0.73396, 63474,    59
44596.1648611,  0.62426, 63474,    46
44596.1815046,  0.38476, 15695,    46
44596.2041898,  0.79502,  3098,    46
44596.2562963,  0.63959, 63474,    46
44596.3185069,  0.45256, 65011,    46
44596.3203241,  0.95498, 63474,    46
44596.3650116,  0.86267, 20429,    59
44596.5153704,  0.26664, 15613,    45
44596.6027431,  0.98894, 50144,    59
44596.6972106,  0.74207, 39171,    46
44596.7731019,  0.10884,  9177,    46
44596.8818403,  0.79363, 49147,    60
44596.9473032,  0.92075, 49147,    48
44597.0090046,  0.60184,  9177,    47
44597.0532407,  0.04363,  5087,    56
44597.0735069,  0.73605, 62925,    59
44597.1242477,  0.19814, 19739,    69
44597.1779861,  0.53954, 35842,    46
44597.2625116,  0.48782, 49147,    59
44597.2714931,  0.79113, 64382,    46
44597.3174653,  0.67276, 49147,    60
44597.3633102,  0.98865, 12678,    46
44597.4125579,  0.53320, 33412,    46
44597.4198032,  0.64437,  9447,    56
44597.4658912,  0.88706, 64382,    46
44597.5325579,  0.77044,  7631,    59
44597.5641088,  0.11698, 35842,    59
44597.5648611,  0.59474,  9177,    47
44597.6644329,  0.14765,  3501,    46
44597.7329398,  0.48424, 49147,    60
44597.8362963,  0.50085, 64382,    59
44597.8398727,  0.22428,  9177,    60
44597.8874421,  0.70895, 63474,    46
44597.8997106,  0.87076, 32926,    58
44597.9125000,  0.03547, 64382,    47
44597.9659606,  0.15333, 49147,    46
44598.0415972,  0.66539, 16580,    48
44598.2633102,  0.01126, 64382,    49
44598.2858102,  0.45688, 65011,    48
44598.3289236,  0.65085, 25315,    55
44598.3507523,  0.37305,  5087,    46
44598.3717940,  0.19627, 64382,    47
44598.3973495,  0.03547,  9177,    46
44598.4277083,  0.61231,  9177,    46
44598.5084028,  0.40699,  9234,    46
44598.5363426,  0.37308, 20999,    59
44598.5384606,  0.86107,  5087,    47
44598.5402778,  0.58963, 48641,    48
44598.5426968,  0.33847, 64382,    59
44598.5732407,  0.59119, 15886,    46
44598.6072801,  0.04322, 16366,    55
44598.6124421,  0.74515, 64382,    59
44598.7528009,  0.10524, 33914,    62
44598.7856019,  0.72367,  3985,    46
44598.9037384,  0.22082, 33182,    46
44599.0381134,  0.06151,  3098,    59
44599.0706713,  0.56196, 49147,    46
44599.1041898,  0.79960, 16366,    48
44599.1062037,  0.68675, 16366,    59
44599.1805093,  0.47872, 14369,    60
44599.1888542,  0.83371, 51026,    58
44599.2395255,  0.68183,  5087,    46
44599.3778588,  0.86764, 64382,    60
44599.4725579,  0.50402, 64797,    46
44599.4916204,  0.75165, 28775,    46
44599.4917130,  0.22545, 28775,    46
44599.4950926,  0.16860, 35449,    46
44599.5318866,  0.03048,  3063,    47
44599.5584028,  0.64991,  3098,    47
44599.6071644,  0.63475, 49147,    46
44599.6733333,  0.97077, 33774,    46
44599.7148843,  0.48940, 49147,    45
44599.7638542,  0.53880, 49147,    47
44599.8910995,  0.66127, 64382,    59
44599.9009491,  0.96734,  9177,    46
44599.9312847,  0.54972, 63474,    46
44599.9541319,  0.10157, 12678,    47
44600.0092361,  0.04414, 16366,    53
44600.1739120,  0.94881, 63474,    67
44600.1818287,  0.65325, 14369,    46
44600.1908912,  0.13517, 33774,    60
44600.1993287,  0.62747, 63474,    60
44600.3818519,  0.13238, 53243,    60
44600.5220023,  0.80179, 49147,    59
44600.5355208,  0.26822, 16366,    47
44600.5872222,  0.17409,  9177,    47
44600.7691551,  0.69597, 30266,    67
44600.8418403,  0.55891, 64382,    60
44600.9743519,  0.27105, 65011,    46
44601.0890509,  0.91914, 14369,    47
44601.2335301,  0.10949, 27150,    47
44601.3327778,  0.08863, 63474,    46
44601.4254977,  0.51852, 39327,    46
44601.5008796,  0.38560, 64382,    45
44601.5116319,  0.25255, 49662,    46
44601.5301736,  0.45722, 50144,    46
44601.5394213,  0.85355, 12678,    60
44601.5835069,  0.07730, 12678,    60
44601.5990741,  0.17052,  6193,    46
44601.6729167,  0.62107,  3673,    59
44601.9038194,  0.31073, 49147,    44
44601.9195370,  0.87405, 12678,    46
44601.9449537,  0.24009, 10162,    50
44602.0342245,  0.50145, 63430,    59
44602.0809722,  0.49034, 49147,    58
44602.0874421,  0.48312, 16366,    59
44602.1291551,  0.52898, 15898,    46
44602.1295255,  0.74515, 49147,    59
44602.1807639,  0.40341, 17926,    59
44602.2091898,  0.67027, 64382,    58
44602.4103704,  0.04877, 28775,    58
44602.4924653,  0.98930, 27150,    46
44602.5568403,  0.38776, 63474,    46
44602.5751620,  0.60700, 50789,    46
44602.6056481,  0.68277, 11039,    59
44602.6340278,  0.34917, 35842,    58
44602.6352894,  0.52768,  9054,    59
44602.6430440,  0.14270, 15613,    46
44602.6489583,  0.29160,  6713,    54
44602.9591551,  0.32256, 35842,    46
44603.0013194,  0.15079, 64382,    59
44603.1675579,  0.40046, 28775,    45
44603.1948843,  0.04867,  5239,    60
44603.2064583,  0.36494, 49662,    60
44603.3442940,  0.16649, 57730,    46
44603.3646412,  0.07058,  7631,    59
44603.4225926,  0.53726,  4458,    60
44603.5197685,  0.40473, 64382,    45
44603.5723958,  0.44719, 58376,    46
44603.5874537,  0.97415, 64382,    46
44603.6978356,  0.50131,  3501,    46
44603.8621644,  0.75179,  6426,    46
44603.8750116,  0.26117, 49717,    46
44603.8809375,  0.61610, 43324,    46
44603.8974769,  0.80798, 62925,    46
44603.8992245,  0.31389, 64382,    56
44604.0279282,  0.17796, 49147,    60
44604.0392014,  0.93990, 63474,    47
44604.1767130,  0.26769, 62925,    46
44604.2422917,  0.05678, 25061,    60
44604.2445718,  0.54357, 49662,    48
44604.3355208,  0.17301, 36809,    59
44604.4077778,  0.35088, 10363,    46
44604.8816088,  0.57794, 65525,    46
44604.9571181,  0.65215,  5087,    47
44604.9855440,  0.94482, 30864,    57
44604.9912153,  0.86959, 49147,    46
44604.9968750,  0.94871, 59852,    46
44605.1957639,  0.95073, 15886,    46
44605.2341782,  0.15576, 22563,    60
44605.2467708,  0.52876, 49147,    46
44605.2790394,  0.56517, 49147,    47
44605.3633565,  0.77709, 58376,    46
44605.5001620,  0.34190,  5087,    47
44605.5116667,  0.73963, 49147,    47
44605.6470833,  0.53044, 63474,    58
44605.6711806,  0.13937,  9177,    60
44605.6713426,  0.42028,  9177,    47
44605.6747454,  0.72309,  3985,    60
44605.8341551,  0.12525, 13820,    61
44605.9060995,  0.42050, 35842,    57
44606.0211806,  0.42124,  3098,    49
44606.0577431,  0.15485, 63474,    46
44606.0672569,  0.84033, 16580,    46
44606.3395023,  0.12854, 41459,    60
44606.3505671,  0.06122, 32926,    46
44606.3918171,  0.64610,  7631,    60
44606.3932176,  0.60072,  9177,    59
44606.4918981,  0.47580, 64382,    60
44606.4970949,  0.07915,   769,    59
44606.5007870,  0.92680, 64382,    46
44606.6181481,  0.29189, 59852,    59
44606.6392940,  0.93909, 36809,    58
44606.8546412,  0.42439,  6193,    59
44606.8932060,  0.51844, 49147,    48
44607.0001157,  0.44851, 49147,    59
44607.0775694,  0.49963, 33774,    47
44607.0973264,  0.90254,  1291,    46
44607.1608796,  0.37173, 64382,    60
44607.1749421,  0.60261, 64382,    58
44607.2934722,  0.14059, 16580,    46
44607.3124074,  0.26736, 32926,    47
44607.5093750,  0.57784, 14369,    46
44607.6848148,  0.78515, 28775,    46
44607.7300694,  0.71479, 46068,    46
44607.7919329,  0.65231, 49147,    60
44607.7921528,  0.69107, 49147,    58
44607.8225579,  0.52214, 49147,    60
44607.8594329,  0.68767, 28775,    60
44607.8761111,  0.18662, 65011,    47
44608.0509259,  0.79255, 22563,    59
44608.0748032,  0.61123, 10363,    46
44608.2754861,  0.66295, 54846,    59
44608.3176389,  0.80649, 63474,    60
44608.5252546,  0.56496, 33038,    46
44608.6386921,  0.33708, 64382,    46
44608.6901852,  0.60187,  9234,    46
44608.6961111,  0.85396, 49147,    46
44608.9307986,  0.76262, 36894,    58
44608.9337037,  0.35306, 54846,    59
44608.9952199,  0.10229,  5087,    59
44609.0211343,  0.38894,  2524,    46
44609.0536458,  0.21921,  9550,    46
44609.3113310,  0.41402, 52062,    59
44609.4011111,  0.82811, 64382,    46
44609.4479514,  0.08513, 17290,    58
44609.6057407,  0.86555, 64382,    59
44609.6258333,  0.95337, 64382,    46
44609.6881250,  0.93309, 63474,    58
44609.7235764,  0.15533,  5087,    46
44609.7627199,  0.64567,  5087,    45
44609.8813889,  0.56160,  9177,    58
44609.9879745,  0.10560, 33652,    46
44610.1492477,  0.09305, 49147,    45
44610.1659954,  0.10010,  3098,    58
44610.2057060,  0.94744, 64382,    46
44610.2387731,  0.60705,  9177,    59
44610.2870833,  0.58653, 46068,    45
44610.3234028,  0.56179,  4171,    46
44610.3559491,  0.76660, 49147,    59
44610.5094097,  0.74032, 12901,    59
44610.5555787,  0.44496, 65011,    46
44610.6391667,  0.45319, 33652,    46
44610.6784259,  0.37677, 64382,    59
44610.7419907,  0.21350, 48611,    47
44610.7732292,  0.14527,   799,    60
44610.8886343,  0.39616, 27150,    59
44610.8957407,  0.91468, 38183,    46
44610.9354051,  0.25034, 49147,    45
44610.9354977,  0.38001, 49147,    59
44611.1946875,  0.22886,  3985,    68
44611.2046875,  0.79785,  9177,    46
44611.2149306,  0.40756, 39056,    47
44611.3179745,  0.71423, 24838,    60
44611.3798380,  0.47148, 10162,    60
44611.4024306,  0.53584,  3985,    59
44611.5219444,  0.20765, 16366,    46
44611.5619213,  0.23503, 49147,    46
44611.6962384,  0.48626, 49662,    46
44611.7682292,  0.15993, 11396,    59
44611.9190278,  0.95980, 57787,    46
44611.9754282,  0.17369,  4171,    59
44611.9884375,  0.43608, 33774,    46
44612.1066319,  0.82058, 49147,    45
44612.1897106,  0.24141, 64382,    46
44612.4769097,  0.44539, 28464,    43
44612.4822454,  0.27801, 17926,    45
44612.5086690,  0.58543, 49147,    58
44612.6910069,  0.72273, 63474,    46
44612.7303125,  0.93796, 64382,    60
44612.8771296,  0.61492, 14369,    46
44612.8779861,  0.82905,   799,    59
44613.1830556,  0.67917, 27245,    46
44613.2920139,  0.15989, 60792,    59
44613.3445023,  0.59904, 48641,    46
44613.4860301,  0.29381, 28775,    60
44613.5330093,  0.14460, 15886,    46
44613.5529514,  0.27365, 33182,    46
44613.7360301,  0.81323,  9177,    60
44613.9488657,  0.82991, 39056,    46
44614.1407523,  0.74678, 29717,    48
44614.1433681,  0.10229, 64382,    59
44614.1449537,  0.41923, 10162,    46
44614.3479051,  0.46149, 12678,    56
44614.4833333,  0.65361, 22563,    46
44614.5319676,  0.54624, 10363,    46
44614.6065509,  0.93592, 33123,    47
44614.6323380,  0.22627, 33838,    54
44614.6671065,  0.53796, 49662,    46
44614.7466551,  0.67060,  3063,    46
44614.7975116,  0.67855, 15695,    59
44614.8237384,  0.51588, 41546,    60
44614.9953819,  0.05045, 30864,    59
44615.0123727,  0.25452, 48685,    47
44615.0295023,  0.18122, 28775,    46
44615.1286921,  0.88206,  2524,    59
44615.2678704,  0.68875, 20681,    46
44615.2776273,  0.84796, 63474,    59
44615.2875810,  0.99863, 15230,    46
44615.3462847,  0.41265, 33774,    47
44615.3780324,  0.27564,  5087,    59
44615.3882639,  0.73312, 63808,    46
44615.4027778,  0.51681, 35842,    46
44615.4465278,  0.71421,   769,    63
44615.6608796,  0.36043, 27725,    59
44615.6814120,  0.81131, 16366,    47
44615.7350231,  0.96002, 55861,    60
44615.8698380,  0.50719,  3985,    60
44615.8756366,  0.81880, 11039,    47
44615.9724306,  0.05047, 28775,    59
44615.9807755,  0.15345, 64382,    46
44616.0113310,  0.01524, 33123,    46
44616.1418287,  0.16368, 15886,    46
44616.1648032,  0.19161, 33774,    45
44616.1962731,  0.43996, 63474,    46
44616.4503472,  0.69266, 64382,    46
44616.5357060,  0.99410, 63430,    44
44616.5707176,  0.44899, 57787,    47
44616.5931366,  0.87230, 49662,    46
44616.6159954,  0.61970, 57204,    46
44616.6450694,  0.58188,   799,    60
44616.6645833,  0.18103, 57730,    54
44616.6785764,  0.80644, 16366,    59
44616.6869792,  0.06895,  5087,    46
44616.7550463,  0.24713, 58292,    59
44616.8113194,  0.99947, 28775,    46
44616.8340278,  0.08398, 15695,    45
44616.9564583,  0.73547, 64382,    60
44617.0058333,  0.22176, 49147,    46
44617.0226736,  0.36720,  9177,    65
44617.0670602,  0.70768, 28775,    48
44617.1865162,  0.03900, 39327,    46
44617.2286690,  0.31075, 36894,    46
44617.2479051,  0.48033, 16366,    59
44617.2530671,  0.61833, 11039,    46
44617.3224769,  0.46281, 13268,    46
44617.4315046,  0.82240, 30864,    46
44617.5983333,  0.40732,  5087,    59
44617.6864815,  0.60230, 63474,    58
44617.6874769,  0.02981,  9177,    60
44617.7198611,  0.21888, 57972,    46
44617.7472454,  0.59599, 63474,    46
44617.7560301,  0.23035, 32926,    46
44617.9422801,  0.03331, 64382,    46
44617.9951389,  0.59577, 64382,    46
44618.0331597,  0.32265, 64382,    46
44618.0392940,  0.40260, 16366,    46
44618.0719676,  0.61094, 63474,    60
44618.1771759,  0.48268, 49147,    46
44618.2143403,  0.64276,  3985,    60
44618.2248843,  0.10116, 62222,    47
44618.2325926,  0.32203, 14369,    46
44618.2678241,  0.20933, 49147,    47
44618.2801157,  0.32321, 64382,    46
44618.2995602,  0.87100, 49147,    60
44618.3669097,  0.26647, 57814,    45
44618.4463542,  0.13956, 49662,    46
44618.4789352,  0.33350, 65011,    58
44618.5879630,  0.94605, 49147,    54
44618.6145718,  0.57208, 64382,    46
44618.6190625,  0.74668, 49147,    49
44618.8299537,  0.93558, 16366,    46
44618.8410532,  0.88893, 16366,    46
44618.8751505,  0.27434, 25061,    47
44618.8756019,  0.06058,  4985,    46
44618.9347454,  0.05748, 49147,    59
44618.9869907,  0.53006, 63474,    46
44619.0021412,  0.72067, 49147,    46
44619.0516319,  0.54801,  7631,    46
44619.0665394,  0.93993, 64382,    50
44619.0960185,  0.68121, 64382,    46
44619.1096528,  0.61924, 49147,    59
44619.1491551,  0.42319, 64382,    47
44619.1833218,  0.17369, 64382,    47
44619.2602662,  0.18996,  5136,    46
44619.4356134,  0.12038,   769,    60
44619.4421296,  0.09662, 58376,    49
44619.5543981,  0.61797, 49147,    60
44619.5791551,  0.70955, 22496,    47
44619.7895718,  0.99402, 49147,    46
44619.8280671,  0.84453, 58376,    56
44619.9069560,  0.20508, 32926,    46
44619.9861343,  0.55754, 64382,    60
44619.9886343,  0.46677,  5239,    46
44619.9978935,  0.92186, 32926,    47
44620.0038889,  0.04970, 49147,    46
44620.0456366,  0.42996, 16580,    46
44620.0576736,  0.84758, 53243,    46
44620.0937616,  0.14769,  1903,    46
44620.0988079,  0.51093, 64382,    60
44620.1391088,  0.48981,  5087,    46
44620.1405440,  0.15765, 39056,    46
44620.1526042,  0.40195, 33123,    50
44620.1812731,  0.81218, 49147,    46
44620.2412500,  0.01046, 30266,    47
44620.2659954,  0.87179, 36894,    46
44620.2848495,  0.24924, 57730,    46
44620.2891551,  0.54220, 63474,    46
44620.3096296,  0.36667, 36894,    59
44620.3541088,  0.80539, 10162,    54
44620.4244097,  0.47534, 49147,    60
44620.4781829,  0.83582, 35842,    59
44620.7354167,  0.44064, 25883,    46
44620.7956597,  0.59532, 45596,    61
44620.8346412,  0.95291, 16366,    48
44620.9384144,  0.53954, 25061,    60
44620.9932060,  0.54309, 36809,    46
44621.0000926,  0.09790, 12678,    61
44621.0983796,  0.20309, 13268,    48
44621.1067361,  0.76780, 49147,    46
44621.2894907,  0.43070, 28775,    46
44621.2940394,  0.75271,  9177,    56
44621.2973611,  0.19195, 62125,    46
44621.3323148,  0.05162, 28775,    46
44621.4262847,  0.67159, 49147,    60
44621.4799884,  0.97101,  7631,    44
44621.5807407,  0.26443, 12368,    52
44621.7129398,  0.54393, 65525,    40
44621.7464583,  0.97917, 16366,    40
44621.7804398,  0.87880, 58292,    40
44621.8010069,  0.18007, 28775,    42
44621.9878472,  0.55550,  9177,    39
