44543.6275694,  0.50133, 33123,     5
44543.6319560,  0.55713, 64072,     6
44543.6423495,  0.29057, 51026,    43
44543.6821528,  0.64999, 17926,    44
44543.8261458,  0.50743, 40977,    11
44543.8560764,  0.87592,  3098,    10
44543.8729977,  0.05201, 62925,    16
44543.8835648,  0.72501, 55861,    11
44543.8848264,  0.40380,  7631,    10
44544.0070370,  0.15137,  9177,    11
44544.0603588,  0.88550, 29418,    12
44544.1934606,  0.00840,  9234,    11
44544.2204051,  0.80522, 39327,    12
44544.2334838,  0.03307, 45186,    10
44544.2542477,  0.73775, 61402,    48
44544.2821991,  0.61497,  7631,    11
44544.2859144,  0.71102, 22052,    47
44544.3868634,  0.13680, 54188,    10
44544.5433449,  0.65822, 23262,    47
44544.6056134,  0.41337,  4114,    10
44544.6111227,  0.56112, 62125,    47
44544.6528935,  0.48240, 43617,    10
44544.7402199,  0.83637, 64825,    45
44544.7646875,  0.29966, 63558,    11
44544.7840046,  0.59472, 33652,    46
44544.9096759,  0.95459, 25869,    19
44544.9497338,  0.95970, 15695,    12
44545.0259491,  0.89169, 59852,    10
44545.0488542,  0.60028, 15886,    20
44545.1221181,  0.69561, 29762,    12
44545.1494560,  0.68083, 22386,     9
44545.1550926,  0.53628, 19278,    49
44545.2245370,  0.64720, 16580,    11
44545.2335880,  0.86363, 44680,    11
44545.2887269,  0.45288, 28775,    46
44545.3090509,  0.99530, 15886,    11
44545.3725810,  0.86812, 63474,    48
44545.3994097,  0.27379,  4985,    47
44545.4118403,  0.52236,  3985,    14
44545.4621875,  0.62683, 33412,    11
44545.4627083,  0.17995, 53349,    12
44545.5715162,  0.61843, 25115,    12
44545.5765741,  0.42912, 28775,   250
44545.5843403,  0.85982, 35842,    10
44545.6084028,  0.27209, 44197,    47
44545.6252083,  0.13910, 33123,    13
44545.6520139,  0.19277, 39171,    46
44545.6714815,  0.65133, 64851,    27
44545.7139583,  0.83731,  3985,    10
44545.7257060,  0.70089, 45596,    46
44545.7450231,  0.82288, 25869,    46
44545.7745139,  0.86884, 53243,    44
44545.7760532,  0.17174, 48347,    48
44545.7843519,  0.87472, 16366,    21
44545.7999769,  0.74764,  3673,    49
44545.8031944,  0.19766, 25869,    48
44545.9442708,  0.35765, 28775,    10
44546.0281481,  0.29832,  2524,    11
44546.0600463,  0.62044, 11664,    10
44546.1079514,  0.20635,   799,    20
44546.1391088,  0.87400, 22052,    45
44546.1436921,  0.10757, 64382,    11
44546.2290856,  0.71320, 54653,    11
44546.2440394,  0.71087, 43324,    12
44546.2739931,  0.86798, 58857,    28
44546.7583333,  0.55430, 35842,    42
44546.8628704,  0.64007, 49040,    10
44546.8851968,  0.31701,  1903,    13
44546.9076273,  0.82269, 30864,    47
44547.0807176,  0.13034, 41587,    10
44547.1579051,  0.78225, 50789,    39
44547.1783102,  0.28104, 21672,    46
44547.2097338,  0.43128, 36894,    10
44547.2404861,  0.39621, 62086,    47
44547.2752199,  0.36021, 63557,    48
44547.2924653,  0.02568, 15695,    12
44547.2943403,  0.60556, 20828,    48
44547.2954861,  0.71620, 10363,    13
44547.3123495,  0.88286, 39327,    10
44547.4021991,  0.78362, 10162,    45
44547.5024884,  0.10051, 36809,    12
44547.5118287,  0.90213, 15230,    47
44547.5501620,  0.98382,  9177,    12
44547.5620139,  0.50011, 28775,    47
44547.6388079,  0.19286, 50789,    46
44547.7177662,  0.03259, 35449,    11
44547.7285764,  0.60715, 34467,    46
44547.7861806,  0.06480, 53243,    46
44547.8317940,  0.24861, 39327,    48
44547.8348264,  0.17769,  9447,    12
44547.8502778,  0.30809, 14369,    10
44547.8695602,  0.15518,  4458,    46
44547.9518171,  0.16483,  4114,    39
44548.0220023,  0.48132, 27293,    45
44548.1075579,  0.42146, 19278,    47
44548.2064005,  0.59428, 62573,    11
44548.2468981,  0.92781,  3985,    10
44548.3523495,  0.09046,  3673,    10
44548.3669097,  0.35045, 25869,    11
44548.3872917,  0.00598,  5087,    12
44548.5274190,  0.02383, 21915,    48
44548.6005324,  0.64660, 45596,    46
44548.6540972,  0.48595, 22386,    12
44548.6609838,  0.07829, 35449,    11
44548.6985995,  0.26913, 39056,    20
44548.7042477,  0.66683, 60792,    10
44548.7087616,  0.84321, 61249,    12
44548.7537153,  0.05429, 50380,    48
44548.8018519,  0.22373, 33914,    11
44548.8544560,  0.30571, 18058,    47
44548.9558912,  0.11570, 45562,    12
44548.9603009,  0.52588, 19926,    47
44548.9876620,  0.88895, 64797,    44
44549.0364120,  0.85579, 11039,     6
44549.0364699,  0.36557, 21915,    10
44549.0610764,  0.12643, 12678,    13
44549.2225116,  0.34224,   769,    10
44549.2562153,  0.26366,  1903,    41
44549.3807870,  0.12353, 29717,    48
44549.3864931,  0.03192, 39327,    45
44549.4069444,  0.91012, 33377,    11
44549.4437616,  0.50260, 43080,    12
44549.4711111,  0.34586, 12678,    46
44549.5301968,  0.49783,  1291,    11
44549.5621296,  0.05962, 57730,     9
44549.6217708,  0.37843, 11396,    15
44549.6860880,  0.54372, 21672,    23
44549.7525810,  0.44318, 35842,    12
44549.7540856,  0.69995, 25061,    11
44549.8014352,  0.01618, 62759,    12
44549.8337731,  0.27326, 20058,    48
44549.8561806,  0.51782, 61249,    47
44549.8599884,  0.27468, 20058,    11
44549.8654167,  0.17817, 18058,    10
44549.8846065,  0.13783, 39310,    16
44549.9105903,  0.35337, 63430,    10
44549.9250463,  0.21295, 11664,    46
44550.0247106,  0.65719, 14369,    11
44550.0268634,  0.71114, 24838,    12
44550.0327546,  0.89514,   799,    12
44550.0594213,  0.85737, 11039,    17
44550.1985648,  0.92339, 11664,    46
44550.2843056,  0.14066, 36676,    12
44550.2847338,  0.28627, 22563,    11
44550.3321644,  0.31920,  9177,    45
44550.3560301,  0.77786, 10162,    10
44550.3664699,  0.85579, 30864,    11
44550.3740509,  0.99650,  9177,    46
44550.4251736,  0.20205,  3985,    12
44550.4550926,  0.06554,  5087,    13
44550.4795949,  0.09022,  9447,    13
44550.5323727,  0.28889, 49662,    46
44550.5693519,  0.99628, 37199,    17
44550.5800347,  0.75110, 16580,    48
44550.6966204,  0.43941, 34069,    48
44550.7390509,  0.91307, 62222,    11
44550.8769676,  0.08635, 49147,    13
44550.9842245,  0.65320, 30076,    16
44550.9917245,  0.19169,  9792,    50
44551.0311458,  0.79293,  3673,    21
44551.0620486,  0.10666, 49147,    13
44551.2036574,  0.35587, 47595,    14
44551.2663657,  0.40274,  5932,    50
44551.3431481,  0.18098, 39530,    13
44551.3668866,  0.60076, 45186,    48
44551.3994792,  0.89975, 14085,    49
44551.4420949,  0.67118, 15695,    48
44551.4714236,  0.34061, 11396,    12
44551.4888194,  0.93174, 54653,    49
44551.5405787,  0.16298,  9792,    13
44551.5469907,  0.31293, 62125,    50
44551.6103704,  0.32061, 57954,    48
44551.7498611,  0.73583, 50144,    47
44551.7553472,  0.88586, 27150,    50
44551.7620718,  0.63165,  3985,    48
44551.7754282,  0.79847, 39056,    18
44551.9763426,  0.91509, 41546,    50
44552.0657523,  0.79264,  9177,    13
44552.0743056,  0.32467, 20429,    49
44552.1172454,  0.80752, 54846,    13
44552.1419097,  0.87431, 22705,    49
44552.1609491,  0.13680,  3501,    13
44552.1835880,  0.78885, 43765,    12
44552.2324884,  0.18441,  6193,    15
44552.2363426,  0.78292, 29280,    13
44552.2720718,  0.00646,  6193,    50
44552.2779861,  0.23213,  2524,    21
44552.2787731,  0.53462, 65011,    50
44552.2947222,  0.86841, 62222,    49
44552.3473611,  0.61999,   769,    51
44552.4356713,  0.03005, 22052,    48
44552.4569097,  0.86203, 33914,    51
44552.5012963,  0.34478, 28775,    48
44552.5500000,  0.71390, 58376,    12
44552.5730556,  0.84986, 14369,    13
44552.5752431,  0.60432, 35834,    48
44552.6285069,  0.85648, 27725,    34
44552.6378009,  0.03698, 48611,    13
44552.6461343,  0.73735, 65525,    19
44552.6894444,  0.15756,  8427,    49
44552.8646991,  0.24057, 14369,    13
44552.8739005,  0.84981, 29280,    14
44552.9575347,  0.97041, 33914,    49
44553.0371181,  0.72019, 29717,    39
44553.0636111,  0.45480,  6426,    14
44553.0876620,  0.77375,  5087,    48
44553.1217014,  0.13041, 30266,    50
44553.1439352,  0.02381, 33377,    13
44553.3104861,  0.73142, 35678,    13
44553.3207639,  0.66907, 36809,    50
44553.3522222,  0.95975, 43324,    13
44553.3710880,  0.57091, 34852,    14
44553.4003472,  0.60964,  5239,    14
44553.5133796,  0.46075, 30266,    13
44553.5443403,  0.88958, 30266,    14
44553.5492824,  0.64432,  9447,    13
44553.5930324,  0.95601, 50144,    49
44553.6743634,  0.70010, 25115,    47
44553.8422338,  0.88389, 63474,    50
44553.8579167,  0.89222, 28775,    14
44553.8773380,  0.45192, 47779,    50
44554.0114352,  0.14976,  5239,    40
44554.0142593,  0.67706, 64797,    23
44554.1090625,  0.99494, 41546,    13
44554.1772917,  0.97936,  9234,    18
44554.2114236,  0.14688, 14868,    15
44554.2244213,  0.14957, 20429,    51
44554.2647454,  0.28485, 14085,    13
44554.2710069,  0.81921, 43796,    15
44554.2820486,  0.94842, 33182,    14
44554.3080324,  0.80798,  9177,    13
44554.3960880,  0.62500, 28775,    12
44554.4150810,  0.95008,  3063,    49
44554.5018403,  0.38100, 48641,    48
44554.5268866,  0.74200, 45562,    46
44554.6907986,  0.28891, 58190,    15
44554.6941782,  0.27091, 12368,    50
44554.7271644,  0.05474, 55633,    15
44554.8089005,  0.46267, 36894,    13
44554.8135764,  0.73401,  4114,    13
44554.8699421,  0.36835, 34852,    14
44554.8872106,  0.11405,  1291,    50
44554.9656829,  0.62013,  7631,    49
44555.0106134,  0.92452, 22563,    13
44555.0382176,  0.79893,   769,    14
44555.0926042,  0.21545, 43617,    51
44555.1068056,  0.63902, 35842,    51
44555.1397454,  0.05599, 33652,    15
44555.1957176,  0.98925, 25115,    14
44555.2060880,  0.84957, 47595,    13
44555.2255671,  0.00672,  4985,    16
44555.2473843,  0.31077,  8427,    15
44555.2530440,  0.81405, 27725,    15
44555.2724306,  0.56796, 36435,    51
44555.4108333,  0.69494, 63558,    51
44555.4398380,  0.78705, 58376,    50
44555.5739931,  0.71390, 20900,    52
44555.5942708,  0.79281, 48757,    49
44555.6468519,  0.08962, 58626,    15
44555.6625694,  0.46108, 57787,    16
44555.7278356,  0.17162, 28775,    33
44555.7629630,  0.27684, 30864,    54
44555.8028009,  0.13783, 42711,    21
44555.8248843,  0.34442,  5136,    56
44555.9658102,  0.26040, 20999,    21
44555.9966551,  0.98296,  7433,    21
44556.0040856,  0.97384, 23262,    57
44556.0774421,  0.41143,  2524,    22
44556.0943403,  0.94869, 22496,    22
44556.1019792,  0.67891, 36894,    21
44556.1393981,  0.31795, 59746,    20
44556.1503588,  0.31663,  5136,    27
44556.1975347,  0.38882,  1903,    22
44556.2221644,  0.31190, 15613,    21
44556.2966782,  0.98918,  4458,    20
44556.3300810,  0.00581, 15695,    58
44556.3496412,  0.38042, 37199,    21
44556.4524074,  0.89572,  9177,    21
44556.4746644,  0.91962, 39327,    56
44556.5235417,  0.43017, 37199,    58
44556.7016435,  0.26796,  6193,    57
44556.8151157,  0.00240, 39310,    57
44556.8421875,  0.52111, 57954,    20
44556.8636111,  0.87527, 16366,    20
44556.8762847,  0.85867, 58721,    51
44556.8809606,  0.70245, 15230,    56
44556.9981481,  0.64394, 57730,    23
44557.0189352,  0.19459, 63474,    21
44557.0632986,  0.13507, 62925,    57
44557.1362963,  0.84979, 47595,    21
44557.1744676,  0.07625, 10363,    22
44557.1830787,  0.70533, 28775,    56
44557.2373843,  0.45969, 49662,    21
44557.4606134,  0.85000, 25115,    21
44557.4833333,  0.67531, 36894,    55
44557.4887847,  0.78513, 43080,    18
44557.5115162,  0.12513, 19926,    20
44557.5726389,  0.40377,   769,    21
44557.6377199,  0.76747,  7657,    55
44557.6857407,  0.53827, 64851,    57
44557.7121181,  0.62260,  9550,    56
44557.7178588,  0.78955, 16580,    20
44557.7236921,  0.37867, 37199,    58
44557.7278588,  0.49742,  7631,    56
44557.7556134,  0.48700, 41498,    21
44557.7604167,  0.74999, 13268,    27
44557.7865856,  0.66023,  3501,    55
44557.8387384,  0.34800, 28775,    21
44557.9099537,  0.56908,  6426,    55
44558.0717130,  0.39914, 41459,    20
44558.1266667,  0.45511, 30266,    57
44558.1557755,  0.03446, 33412,    19
44558.2706829,  0.17071, 37199,    21
44558.2855787,  0.40236, 48757,    20
44558.3276389,  0.30029, 33377,    57
44558.3461574,  0.54343, 58626,    21
44558.6508449,  0.42664,  9447,    20
44558.6745370,  0.02714, 15886,    51
44558.7479398,  0.47080, 50380,    47
44558.7501389,  0.29877,  3985,    20
44558.7533102,  0.87712, 52650,    55
44558.8972685,  0.80673, 62222,    56
44558.9038194,  0.50409, 42017,    22
44558.9475694,  0.87621,  3063,    65
44558.9477199,  0.25123,  3063,   311
44558.9477199,  0.25209,  3063,   371
44558.9903356,  0.96914,  6713,    21
44559.3145833,  0.03722,  1291,    21
44559.3327083,  0.17520, 13820,    20
44559.4118287,  0.96136, 20429,   343
44559.4127315,  0.97029,  4985,    23
44559.4180208,  0.83407,  2868,    57
44559.4981250,  0.43320, 33838,    21
44559.5008681,  0.21177, 11039,    22
44559.5958333,  0.91972,  5087,    20
44559.6061458,  0.66777,  3985,    57
44559.6128472,  0.21230, 63430,    21
44559.6344676,  0.05518, 28775,    21
44559.6533449,  0.71255, 27245,    66
44559.6534144,  0.90767, 27245,   171
44559.6534144,  0.90810, 27245,   185
44559.6534954,  0.10409, 27245,    67
44559.6614931,  0.89138,  8427,    55
44559.6815162,  0.00475, 62222,    20
44559.7462500,  0.67077, 13268,    21
44559.7847222,  0.55504,  4985,    20
44559.8054630,  0.30998, 28775,    49
44559.8056944,  0.22229,  9054,    57
44559.8196528,  0.63863, 24838,    22
44559.8203009,  0.02810, 24838,    41
44559.8205093,  0.49764, 24838,   235
44559.8306829,  0.24410, 47595,    55
44559.8565278,  0.06691, 49717,    36
44559.9184838,  0.62639, 36894,    56
44559.9357292,  0.08942, 22496,    55
44559.9752662,  0.84520,  5136,    56
44559.9891782,  0.08426, 65333,    57
44560.0293171,  0.84153, 57730,    59
44560.0442593,  0.79543, 41498,    25
44560.0824306,  0.50028, 33914,    25
44560.0845486,  0.34272, 49040,    59
44560.0956481,  0.69127,  7631,    33
44560.1017130,  0.19809,  6193,   104
44560.1822917,  0.03158, 58292,    25
44560.2076620,  0.12727, 30864,    61
44560.2078009,  0.45448, 30864,   103
44560.2079398,  0.78554, 30864,   228
44560.2080093,  0.95075, 30864,   258
44560.2080903,  0.11803, 30864,   438
44560.2752431,  0.49848, 11039,    80
44560.3050000,  0.18321, 57814,   233
44560.3051389,  0.54307, 57814,    60
44560.3051389,  0.54379, 57814,   174
44560.3052083,  0.72811, 57814,    80
44560.3473843,  0.16368, 24838,    55
44560.3765625,  0.93902, 65333,    46
44560.4298958,  0.43142, 25315,   176
44560.4298958,  0.43176, 25315,   200
44560.4920370,  0.19049, 22705,    79
44560.7535069,  0.58351, 64851,    78
44560.7587269,  0.88679,  3985,    77
44560.8237731,  0.16231, 41587,    41
44560.9248495,  0.90952, 36676,    79
44560.9450810,  0.50973, 53221,    68
44560.9473264,  0.48278, 11703,    79
44560.9513773,  0.45194, 25061,    44
44560.9850347,  0.98673, 37199,    78
44561.0093056,  0.62951, 25061,    77
44561.0887847,  0.33926, 28775,    79
44561.1146991,  0.66268, 65525,    42
44561.1168403,  0.39940, 57204,    89
44561.1235995,  0.85427, 43324,    44
44561.1556134,  0.79303,  5239,    91
44561.2128588,  0.19219, 57787,    79
44561.2169907,  0.52809, 33412,    75
44561.2400116,  0.90489, 28775,    43
44561.2572801,  0.54177, 42017,    77
44561.3497222,  0.90210, 58857,    41
44561.3883333,  0.75803, 32926,    43
44561.4245370,  0.88586, 62606,    43
44561.4323148,  0.99746, 62086,    58
44561.4438542,  0.43113,   769,    74
44561.4980093,  0.16236, 16366,    51
44561.5521991,  0.49317, 19926,    79
44561.5859838,  0.65491, 35834,    39
44561.5861227,  0.92524, 35834,   110
44561.5864120,  0.48456, 35834,    59
44561.6526389,  0.97998, 19739,    46
44561.6941204,  0.22279, 25883,    43
44561.7463657,  0.95255, 47129,    78
44561.7731713,  0.44611,  5087,    77
44561.7783218,  0.69201, 17290,    78
44561.8279514,  0.10474, 65011,    60
44561.8285185,  0.50889, 65011,   156
44561.8286574,  0.86231, 65011,   188
44561.8289468,  0.57242, 65011,   323
44561.8290162,  0.75179, 65011,   597
44561.8293750,  0.66100, 65011,    87
44561.8299537,  0.12573, 65011,    41
44561.8300231,  0.31010, 65011,    77
44561.8306597,  0.95817, 65011,    79
44561.8323958,  0.47596, 35678,    77
44561.8355440,  0.93376, 53529,    77
44561.9075347,  0.12557, 63474,    79
44561.9262269,  0.96642, 45562,    80
44561.9344676,  0.80747, 49717,    79
44561.9516898,  0.05820, 58190,    45
44561.9529630,  0.81866, 28775,    42
44561.9718403,  0.72806,  9550,    70
44562.0857292,  0.36806,  9054,    78
44562.1236227,  0.77193, 11396,    42
44562.1251042,  0.07310, 33774,    56
44562.1532060,  0.96599, 29781,    77
44562.1595486,  0.76672, 16366,    65
44562.2494444,  0.47536, 24358,    77
44562.2919097,  0.81628, 57730,    79
44562.2984954,  0.84184, 28464,    78
44562.3916319,  0.19574, 63557,    79
44562.4009028,  0.97348, 62925,    78
44562.7357870,  0.06326, 34069,    78
44562.7983102,  0.65260, 63430,    43
44562.9272338,  0.87551, 59852,    77
44562.9714583,  0.27086,  3985,    43
44562.9715278,  0.73833, 63430,    58
44562.9782639,  0.59954, 28775,    79
44563.0184606,  0.66295,   769,    78
44563.0304167,  0.19641, 49040,    78
44563.0493981,  0.12084, 36117,    79
44563.1639931,  0.01404, 60236,    77
44563.1750463,  0.11273,  9447,    78
44563.2009491,  0.89646, 27150,    43
44563.3849537,  0.62795, 19739,    77
44563.4429282,  0.73382, 33038,    45
44563.4514236,  0.95066, 20681,    90
44563.5815741,  0.45427, 63474,    78
44563.6132755,  0.81357, 54846,    89
44563.7434144,  0.64046, 16366,    78
44563.7566667,  0.02304, 28464,    41
44563.8073495,  0.91854, 53243,    76
44563.8188889,  0.88648, 22496,    44
44563.8429398,  0.09192,  4171,    80
44563.8459259,  0.57724, 35449,    68
44563.9294792,  0.60904, 20429,    84
44564.0444907,  0.49022, 11664,    80
44564.1755787,  0.58260,  6426,    77
44564.1771065,  0.13265, 20999,    42
44564.2475810,  0.85060,  7631,    42
44564.2657060,  0.79219, 27150,    78
44564.3795486,  0.94766, 14369,    79
44564.4674190,  0.21485, 15695,    43
44564.4727662,  0.43010, 50789,    78
44564.5722338,  0.19101, 39171,    79
44564.6180671,  0.79514, 16580,    42
44564.6693866,  0.05568,  6193,    41
44564.6806019,  0.01286, 49040,    44
44564.7256713,  0.92690, 48757,    85
44564.7700694,  0.74390, 39327,    40
44564.8113657,  0.36590,  3063,    78
44564.8710069,  0.06283, 39327,    78
44564.9372801,  0.06487, 16366,    77
44564.9374884,  0.41757, 16366,    56
44565.0255671,  0.31538, 24358,    77
44565.0855440,  0.49202, 28775,    46
44565.1187616,  0.66652,  6713,    44
44565.3135417,  0.16435, 13268,    86
44565.3369907,  0.58538, 28464,    78
44565.4495370,  0.33996,  4985,    45
44565.7137616,  0.67135,  6193,    44
44565.7969444,  0.26688, 16366,    79
44565.8271065,  0.90789,  5136,    42
44565.8335417,  0.48144, 16366,    50
44565.8375000,  0.90172, 42017,    42
44565.8401157,  0.32645,  1903,    65
44565.8408681,  0.93849, 19926,    44
44565.8526273,  0.46555, 28464,    79
44565.9460764,  0.04421, 28074,    78
44566.0212616,  0.16113, 20058,    74
44566.0214005,  0.47865, 20058,   421
44566.1123958,  0.75494, 39056,    41
44566.1896528,  0.46531, 16366,    42
44566.3874074,  0.87009, 50789,    44
44566.4565972,  0.68762, 25883,    43
44566.4649653,  0.59654, 22052,    76
44566.4729398,  0.47685, 57954,    44
44566.4934954,  0.52188, 15613,    78
44566.4977199,  0.31003, 65333,    44
44566.4977199,  0.31152, 65333,    64
44566.4996991,  0.13694, 65333,    48
44566.5016667,  0.75873, 65333,    77
44566.5017361,  0.85819, 65333,    36
44566.5017361,  0.85939, 65333,    53
44566.5021644,  0.46348, 65333,    70
44566.5024421,  0.87143, 65333,    77
44566.5025116,  0.97199, 65333,    76
44566.5040046,  0.07814, 65333,    43
44566.5050579,  0.78443, 65333,    77
44566.5053472,  0.18830, 65333,    38
44566.5055556,  0.48710, 65333,   178
44566.6213542,  0.61857, 49662,    42
44566.6396644,  0.67502, 39530,    43
44566.6411227,  0.41328,  5087,    74
44566.7189120,  0.15045, 64797,    77
44566.7549190,  0.32018, 63557,    45
44566.7549884,  0.50407, 63557,   110
44566.7630093,  0.59320, 11703,    42
44566.8138426,  0.09161,  5087,    76
44566.8143750,  0.48259,  5932,    78
44566.8268750,  0.22670, 57954,    74
44566.8270139,  0.47515, 57954,   102
44566.8270139,  0.47630, 57954,   107
44566.8270833,  0.60225, 57954,    74
44567.0502315,  0.84760, 57730,    80
44567.1082870,  0.87870, 48347,    77
44567.1626968,  0.13701,  3063,    40
44567.1783449,  0.03314, 11732,    77
44567.3057060,  0.93748, 64825,    79
44567.5886111,  0.71536, 23579,    52
44567.6308218,  0.43564, 63557,    60
44567.6384259,  0.27837, 29762,    43
44567.6699769,  0.82115, 24453,    79
44567.6736227,  0.67415, 33182,    43
44567.7433449,  0.43660,  3985,    80
44567.8358449,  0.91115, 25061,    43
44567.9025347,  0.32486,  2868,    42
44567.9145139,  0.58209,  3673,    45
44567.9944097,  0.96964, 49147,    44
44568.0071759,  0.85603, 57730,    43
44568.0220370,  0.49802, 65525,    41
44568.0228935,  0.41157,  3673,    80
44568.0246528,  0.65138, 35842,    49
44568.0290509,  0.28221, 14369,    80
44568.0682639,  0.05988, 63474,    79
44568.1104861,  0.52948, 36809,    79
44568.3480787,  0.97168, 57787,    43
44568.5214005,  0.67211,  6193,    43
44568.5290278,  0.24645, 21170,    78
44568.5307755,  0.21941, 53243,    78
44568.5720023,  0.01118, 24838,    42
44568.7099190,  0.32546, 36809,    79
44568.7746644,  0.09720,  4274,    79
44568.7826620,  0.87086, 25315,    43
44568.7860417,  0.07594, 48611,    79
44568.8693519,  0.77524, 30864,    78
44568.9352199,  0.30405, 20058,    80
44568.9385880,  0.34641, 61970,    43
44568.9818056,  0.56827, 55861,    43
44569.0076736,  0.22380,  9177,    68
44569.1279630,  0.47865, 14085,    79
44569.1484722,  0.84868, 64851,    80
44569.2278935,  0.15365, 14085,    43
44569.2280903,  0.45962, 43324,    41
44569.3186690,  0.32114, 41587,    80
44569.3368750,  0.55161, 57204,    79
44569.3663542,  0.15523, 65333,    79
44569.4322685,  0.61027, 35842,    43
44569.4480208,  0.98860, 27293,    69
44569.5221759,  0.35585, 25974,    47
44569.5312963,  0.63671,  6193,    79
44569.5775579,  0.30357, 24838,    44
44569.6490046,  0.35916, 62222,    45
44569.6660185,  0.37065, 58376,    51
44569.6796412,  0.85334, 20999,    64
44569.7352431,  0.77188, 28775,    42
44569.7640278,  0.71659,  9177,    80
44569.8029282,  0.01618, 16366,    79
44569.8843403,  0.23299, 23579,    79
44570.0010417,  0.51369, 38764,    45
44570.1202315,  0.97086,  2524,    44
44570.1315625,  0.42268,  3063,    76
44570.1678588,  0.71683,  9447,    44
44570.2064468,  0.21861, 53243,    79
44570.2818056,  0.26673,  3098,    80
44570.2977315,  0.66707, 20900,    79
44570.3268287,  0.75914,   769,    47
44570.3506829,  0.63645, 11664,    79
44570.3976852,  0.45480, 20058,    79
44570.4622917,  0.10872, 10363,    80
44570.4968750,  0.08040, 63557,    79
44570.5528588,  0.12288, 57730,    74
44570.5694560,  0.14066, 16366,    50
44570.6590625,  0.78381, 33652,    44
44570.6910069,  0.84563, 19346,    43
44570.7683333,  0.45871, 48685,    79
44570.7922801,  0.94965,  1291,    42
44570.7940509,  0.08959, 36894,    44
44570.8666088,  0.44342, 40977,    79
44570.8828356,  0.56911, 41868,    78
44570.9437963,  0.54048, 25883,    80
44570.9444097,  0.28080, 33774,    80
44570.9565741,  0.16536, 57787,    43
44570.9776620,  0.85792, 41860,    58
44570.9889236,  0.20196, 10363,   110
44571.0302894,  0.70843, 15886,    44
44571.0432755,  0.71805,  7631,    77
44571.0654861,  0.58065, 35842,    45
44571.0755208,  0.85771, 64797,    79
44571.1283449,  0.65546, 22052,    80
44571.2095370,  0.97098, 47595,    78
44571.2571412,  0.43855, 45596,    45
44571.2609491,  0.81890,  3673,    44
44571.2691898,  0.27324, 11039,    60
44571.2793634,  0.17057, 45562,    72
44571.3428472,  0.31044, 30266,    79
44571.3881481,  0.17700,  1903,    44
44571.3926389,  0.90280, 30864,    80
44571.4061806,  0.84395, 46068,    42
44571.4383218,  0.56224, 33652,    80
44571.4398380,  0.42427,  2524,    75
44571.4661111,  0.21333,  6193,    43
44571.4945602,  0.74023, 19739,    41
44571.5516088,  0.31226, 15695,    43
44571.5596296,  0.09970,  5087,    45
44571.5864815,  0.50284, 48641,    45
44571.5890162,  0.17527, 48347,    46
44571.7697569,  0.51724,  4985,    43
44571.7749074,  0.74947, 57972,    44
44571.8381134,  0.53565, 36809,    43
44571.8655787,  0.30266,   799,    43
44571.8822685,  0.37929, 11664,    45
44572.1597222,  0.41908, 13820,    78
44572.1723148,  0.91653, 40977,    45
44572.2836921,  0.32097, 15886,    44
44572.2941551,  0.41724,  6713,    43
44572.3750231,  0.72117, 14369,    80
44572.4127662,  0.77193, 49662,    81
44572.4285301,  0.72170, 24358,    80
44572.4592824,  0.72143,  3098,    79
44572.5821875,  0.09552, 12678,    80
44572.5962847,  0.82900, 48641,    77
44572.6021644,  0.08597, 28775,    86
44572.6258912,  0.57650, 41868,    43
44572.6621875,  0.27825, 39310,    80
44572.6993519,  0.56858, 63474,    43
44572.7083565,  0.73019, 58721,    44
44572.7430324,  0.22519,  3985,    78
44572.8270486,  0.59404, 48757,    44
44572.8330093,  0.25625, 60792,    46
44572.8615625,  0.27691,  9054,    44
44572.8657870,  0.44035,  9234,    81
44572.9126273,  0.15914, 22563,    80
44573.0762153,  0.70139, 27150,    80
44573.0936806,  0.87868, 36894,    80
44573.2072801,  0.64653,  5087,    44
44573.2345255,  0.12427, 29418,    81
44573.3810069,  0.64257, 26975,    77
44573.4954861,  0.04639, 23262,    76
44573.5363657,  0.64147,  6713,    80
44573.5627546,  0.90902, 15695,    79
44573.5729630,  0.56462, 49662,    79
44573.6385069,  0.32352, 10162,    78
44573.6518866,  0.84955, 57814,    80
44573.6826042,  0.28661, 45596,    42
44573.7035417,  0.54422,  6193,    79
44573.7229977,  0.54696, 63430,    50
44573.7251736,  0.25075, 32926,    80
44573.8821528,  0.35537, 27150,    79
44573.8933333,  0.67919, 62125,    42
44574.2395486,  0.00166, 33652,    79
44574.3254977,  0.46732,  4274,    80
44574.3456829,  0.96750, 27150,    80
44574.3725694,  0.43557, 14085,    44
44574.3963310,  0.26102, 14369,    42
44574.5206481,  0.67994, 63430,    44
44574.5598611,  0.84556,  1903,    79
44574.5792014,  0.47762, 64877,    41
44574.6252199,  0.53265, 53243,    74
44574.7082407,  0.56577, 12678,    42
44574.7328704,  0.65339,  7631,    44
44574.7707176,  0.37221, 24838,    49
44574.7896759,  0.56493, 36435,    42
44574.8070486,  0.72472, 63430,    81
44574.9245718,  0.50450, 25869,    44
44574.9488194,  0.60564, 41868,    53
44575.0466551,  0.98584, 18058,    44
44575.0487384,  0.50368, 12901,    44
44575.0778819,  0.80265, 30266,    72
44575.1130671,  0.03950, 63474,    55
44575.1523148,  0.86839, 50144,    72
44575.1738889,  0.61924, 36894,    43
44575.2303472,  0.00305, 32926,    44
44575.2559375,  0.93062,  9792,    80
44575.2768981,  0.71512, 28775,    45
44575.2890278,  0.46941,  9054,    42
44575.2917014,  0.97984, 64382,    75
44575.3085301,  0.05340, 20999,    39
44575.3395949,  0.59760,  1903,    45
44575.4297222,  0.47419, 55633,    80
44575.4335417,  0.15005, 62925,    45
44575.5070023,  0.92752, 65011,    44
44575.5283912,  0.89174, 33038,    42
44575.5664236,  0.49171, 60792,    46
44575.5743171,  0.81705, 10363,    80
44575.5919097,  0.58353, 48611,    43
44575.5973611,  0.10200,  3063,    74
44575.6525579,  0.38580, 19739,    79
44575.6556366,  0.58480,  7631,    80
44575.7059144,  0.75926,   799,    44
44575.7558796,  0.56652,  9234,    44
44575.8364120,  0.89202, 25869,    43
44575.8364352,  0.09713,  8427,    48
44575.9389468,  0.44592, 49662,    42
44575.9918519,  0.46869, 37199,    78
44575.9974884,  0.85965,  1903,    43
44576.2715509,  0.48026, 16580,    90
44576.2718519,  0.00946, 15230,    43
44576.3154398,  0.89190, 15613,    48
44576.3775347,  0.58096,  3673,    79
44576.3898611,  0.83702,  2524,    78
44576.4341551,  0.77795, 16366,    45
44576.4899421,  0.88838, 60737,    43
44576.5424769,  0.08359,  4114,    79
44576.6310069,  0.48103, 63430,    44
44576.6385764,  0.91324, 11732,    44
44576.6539005,  0.10373,  4171,    79
44576.6727431,  0.89514, 57954,    43
44576.7117245,  0.91576, 53349,    75
44576.7239468,  0.45482, 57730,    42
44576.8451389,  0.57998, 57204,    78
44576.8675463,  0.08518,  9177,    77
44576.9361458,  0.90525, 53221,    47
44576.9490394,  0.02422, 15695,    56
44576.9752199,  0.54465, 46068,    80
44577.0112500,  0.76886, 62573,    43
44577.2255556,  0.10090, 57787,    42
44577.2487616,  0.15549, 41498,    78
44577.4665972,  0.59851, 27293,    80
44577.5054977,  0.63931, 28074,    47
44577.5224074,  0.59260, 62222,    43
44577.5426273,  0.38359, 55633,    45
44577.6786806,  0.38220, 13268,    44
44577.6944097,  0.64790, 60737,    42
44577.7358449,  0.18062, 57730,    44
44577.7670370,  0.69741, 38183,    78
44577.7754630,  0.45804, 64382,    77
44577.8089120,  0.72763,  3098,    43
44577.8366898,  0.77827, 10162,    43
44577.9076968,  0.81506, 25869,    44
44577.9376157,  0.32109, 12678,    79
44577.9452546,  0.85509, 45562,    81
44577.9733912,  0.49519, 53243,    78
44578.0261343,  0.30833, 53221,    43
44578.0321875,  0.94324,  4114,    44
44578.0448264,  0.31075, 63808,    42
44578.0764005,  0.45110, 26078,    80
44578.0764120,  0.43639, 35842,    79
44578.1102546,  0.13202,  6426,    42
44578.1576505,  0.17133, 55861,    78
44578.4971296,  0.80990, 20553,    45
44578.5041435,  0.70679, 25869,    46
44578.5520139,  0.50726, 62086,    80
44578.5904398,  0.04994, 21170,    43
44578.5996528,  0.17985, 19278,    79
44578.6950579,  0.74224, 63474,    44
44578.7157523,  0.60717, 45596,    80
44578.7463079,  0.47296,  2868,    59
44578.9197685,  0.54926, 11732,    79
44578.9406481,  0.24852,  3985,    78
44579.0016898,  0.84815,  9550,    45
44579.1597454,  0.50721, 64825,    70
44579.2118403,  0.08606, 64877,    44
44579.2336458,  0.64766, 37199,    43
44579.2385301,  0.18931, 53529,    44
44579.3021181,  0.61800, 54846,    43
44579.3033218,  0.99506, 49040,    43
44579.3630324,  0.71001, 15886,    44
44579.4147569,  0.07226, 54846,    80
44579.6724884,  0.09089, 12678,    44
44579.7085764,  0.16032, 55861,    47
44579.7671644,  0.91890, 20681,    79
44579.9467130,  0.29750, 62925,    80
44579.9602083,  0.28387, 25869,    78
44579.9726736,  0.54952, 61402,    44
44580.0324306,  0.41289, 21831,    43
44580.0375694,  0.41808,   799,    80
44580.0815856,  0.76375, 57954,    45
44580.1475463,  0.36216, 33377,    78
44580.1825694,  0.31769,  2524,    44
44580.2275463,  0.28089, 38764,    44
44580.2659606,  0.02122, 36435,    42
44580.2698495,  0.98186, 43324,    79
44580.4010995,  0.36357,  6713,    78
44580.4368866,  0.64972, 22052,    80
44580.4533102,  0.28646, 25869,    78
44580.4613310,  0.44788, 42370,    79
44580.4793519,  0.32117, 19739,    80
44580.5211921,  0.27201, 35373,    44
44580.5478704,  0.48588,  9054,    43
44580.6052199,  0.44016, 28775,    46
44580.6373727,  0.86037, 60737,    49
44580.7385995,  0.62064, 35842,    42
44580.7681944,  0.68699, 30266,    43
44580.7752083,  0.56793,  7657,    91
44580.8704167,  0.83925, 14085,    44
44580.9738657,  0.56040, 49662,    41
44580.9846528,  0.36408, 15886,    79
44581.1039468,  0.83966, 12678,    80
44581.1184028,  0.46044, 39327,    40
44581.2021875,  0.60285, 33377,    44
44581.2048958,  0.45043, 49662,    79
44581.2637384,  0.08491,  4985,    44
44581.2641782,  0.84976, 36894,    66
44581.2812963,  0.73159, 51026,    76
44581.4506944,  0.28073, 50789,    44
44581.5091667,  0.04399, 45596,    44
44581.5417593,  0.03022,  5087,    79
44581.5430671,  0.44659,  3098,    44
44581.5543866,  0.32397, 57787,    43
44581.5945718,  0.13169,  3063,    44
44581.6282639,  0.57681, 53243,    79
44581.7747338,  0.29736, 54846,    79
44581.7780787,  0.60105, 47779,    56
44581.8080208,  0.96611, 14085,    79
44581.8247801,  0.66652,   769,    78
44581.8929861,  0.69971, 29280,    80
44581.8998148,  0.02544, 33914,    80
44581.9717130,  0.14059,  7631,    44
44582.0075579,  0.12180, 15886,    77
44582.0354630,  0.25735,  5239,    80
44582.0510185,  0.05755, 37199,    43
44582.0669907,  0.05414, 62993,    76
44582.0757755,  0.39302, 62759,    45
44582.0993866,  0.95270, 62993,    43
44582.1077778,  0.72695, 10363,    43
44582.1494560,  0.44092, 25115,    45
44582.2329861,  0.25675, 14085,    47
44582.2649190,  0.70624, 49662,    46
44582.2652546,  0.05916, 64797,    43
44582.2787963,  0.18288, 62606,    44
44582.2835532,  0.07301, 36435,    78
44582.2983333,  0.85991,  3098,    79
44582.3812037,  0.78398, 23579,    43
44582.4007639,  0.09835, 41459,    80
44582.4527199,  0.63883, 12368,    80
44582.5290509,  0.74296,  1291,    44
44582.5467477,  0.82953, 16366,    79
44582.5720023,  0.35894, 49147,    44
44582.5954514,  0.66141, 43796,    44
44582.7788657,  0.86063, 29717,    44
44582.7971412,  0.28625, 43796,    79
44582.8356366,  0.52099, 38764,    55
44582.8447685,  0.66143, 62573,    80
44582.8481481,  0.28776, 10162,    59
44582.8805903,  0.40384,  4985,    42
44582.9243981,  0.21122, 18058,    79
44582.9459954,  0.56426, 45186,    78
44582.9955787,  0.36857, 24358,    43
44583.0483681,  0.39213, 15886,    80
44583.0491088,  0.19111,  3098,    79
44583.0875231,  0.36593, 15886,    80
44583.1123264,  0.88449, 16366,    44
44583.1190972,  0.15134, 64382,    78
44583.1346528,  0.13025, 63430,    53
44583.1505324,  0.54542,  9792,    50
44583.1695255,  0.60897, 39171,    43
44583.2576389,  0.38256,  3985,    68
44583.2794792,  0.47126,  9447,    79
44583.3011343,  0.64874, 65525,    59
44583.3053819,  0.23717,  5087,    43
44583.3072569,  0.88758, 28775,    43
44583.3481366,  0.28440,  9177,    44
44583.3920139,  0.24192,  9792,    79
44583.4021181,  0.98332, 58292,    74
44583.5296065,  0.55245, 57814,    80
44583.5511690,  0.13857, 28464,    44
44583.5815625,  0.46828, 57730,    78
44583.5890856,  0.93794, 17290,    43
44583.6690972,  0.40651,  5087,    44
44583.7604745,  0.10975, 12678,    91
44583.7871991,  0.43735,  3673,    42
44583.8192708,  0.03506, 25315,    76
44583.8364815,  0.51710, 41459,    78
44583.8629861,  0.63859, 45596,    45
44583.9092014,  0.31147, 57954,    76
44583.9309722,  0.07164, 36894,    43
44583.9504630,  0.05170, 20058,    81
44583.9760417,  0.69849, 62125,    78
44584.0357292,  0.45177, 28464,    45
44584.0686458,  0.18470,  5087,    43
44584.1112847,  0.49444, 33914,    79
44584.1149190,  0.51117, 25869,    44
44584.1190741,  0.91218, 39327,    46
44584.1468171,  0.89654, 39056,    43
44584.2164931,  0.74006, 15230,    79
44584.2514352,  0.26179, 48347,    43
44584.3204167,  0.29520, 10363,    43
44584.3719676,  0.14215, 25115,    78
44584.4150231,  0.92862, 36809,    80
44584.4438079,  0.65781, 59852,    80
44584.4477315,  0.01584, 54846,    47
44584.8130440,  0.12247,   769,    44
44584.8195023,  0.15617, 47749,    79
44584.8639699,  0.91103, 48757,    77
44584.9698032,  0.97026, 25869,    79
44585.0260764,  0.68918, 14369,    81
44585.0289120,  0.22380, 25869,    80
44585.0425579,  0.19425, 33123,    42
44585.1089236,  0.14023, 45596,    79
44585.1610417,  0.24489, 35373,    80
44585.1737847,  0.25171,  9792,    43
44585.2419213,  0.31781, 41868,    45
44585.2443866,  0.13305, 11664,    79
44585.2581366,  0.99580, 41459,    78
44585.3381713,  0.03413, 33412,    79
44585.3426273,  0.90947,  6713,    43
44585.4338657,  0.83795, 16580,    78
44585.4885185,  0.44025, 33838,    78
44585.5746528,  0.96791,  3063,    44
44585.6328009,  0.91182, 58292,    44
44585.7553704,  0.65863, 11039,    78
44585.7639352,  0.52221,  3501,    45
44585.7708681,  0.92894, 59852,    46
44585.7824421,  0.53419, 49040,    78
44585.8516667,  0.71659, 41459,    43
44585.8642708,  0.90273, 36809,    78
44585.9391435,  0.95776, 14085,    71
44585.9482755,  0.40627, 63557,    78
44585.9888079,  0.29604,   799,    79
44586.0001157,  0.98522, 49717,    45
44586.0456250,  0.62846, 16366,    80
44586.1076042,  0.74618, 63430,    46
44586.1144097,  0.12648, 29280,    78
44586.1241088,  0.85396,  9177,    45
44586.2229514,  0.68817, 49147,    43
44586.2305093,  0.38174, 28775,    44
44586.2663542,  0.54307, 32926,    79
44586.3023148,  0.25387, 37468,    78
44586.3219907,  0.03444, 64851,    44
44586.3533912,  0.14436, 11039,    78
44586.3970718,  0.95332, 41860,    40
44586.4401505,  0.61641, 57972,    43
44586.7725694,  0.34901, 12678,    45
44586.8207986,  0.82089,  3673,    43
44586.9210069,  0.16303, 42017,    80
44586.9573495,  0.21031,  9177,    80
44587.0259838,  0.68997, 20900,    45
44587.0323495,  0.92966, 64382,    79
44587.0868403,  0.70641,  3985,    52
44587.1129745,  0.12300, 61970,    44
44587.1879630,  0.33657, 29526,    71
44587.2101273,  0.87578, 37291,    44
44587.5344676,  0.67768, 22052,    78
44587.5593171,  0.89150, 42017,    43
44587.5603704,  0.25740, 34069,    43
44587.6478241,  0.76286, 34467,    79
44587.6605903,  0.96237, 11039,    75
44587.7200116,  0.43905,  1291,    45
44587.7535648,  0.30485, 63430,    43
44587.7886690,  0.59440, 22496,    49
44587.7982986,  0.06115, 47779,    79
44587.8630787,  0.35966,  9447,    77
44587.8676157,  0.96746, 30378,    77
44587.8786458,  0.62774,  3063,    45
44587.8815625,  0.46872, 19926,    43
44587.8987847,  0.76271, 54846,    44
44587.9824769,  0.89471, 63430,    44
44587.9873148,  0.00816, 12678,    41
44587.9939699,  0.24657,  9234,    76
44588.0213657,  0.82847, 57204,    79
44588.0726505,  0.55840, 57787,    79
44588.0888773,  0.33199, 45562,    43
44588.1245833,  0.13147, 27245,    80
44588.2133333,  0.82533, 16580,    44
44588.3359838,  0.90863, 38764,    49
44588.3767477,  0.33201,  9177,    80
44588.5008796,  0.54710, 15230,    44
44588.5638426,  0.80546, 36676,    79
44588.5651852,  0.44544, 49147,    43
44588.5864352,  0.82000, 22496,    44
44588.7458333,  0.53049, 48641,    43
44588.7488542,  0.75643,  3098,    44
44588.8879282,  0.48813, 33652,    80
44588.9165278,  0.69297, 12368,    44
44588.9361690,  0.39799, 62573,    46
44589.1936921,  0.71001,  5087,    45
44589.2291435,  0.09617, 11703,    45
44589.2653819,  0.53208, 17926,    44
44589.4076042,  0.90263, 27357,    44
44589.5403819,  0.68174,  5087,    59
44589.6417477,  0.03665, 29781,    57
44589.7014352,  0.22958, 15886,    80
44589.7459144,  0.34757, 53243,    78
44589.7500000,  0.65020, 48641,    79
44589.7504977,  0.39316,  2524,    43
44589.9333102,  0.04673, 57787,    77
44589.9948958,  0.00679,  9177,    44
44590.1600810,  0.70751,   769,    40
44590.1825579,  0.39146, 21915,    44
44590.2202199,  0.76547,  5087,    80
44590.2431597,  0.31939, 57787,    43
44590.2635185,  0.83855, 54846,    76
44590.3427778,  0.63827, 33652,    78
44590.3489236,  0.84794, 58376,    40
44590.3578819,  0.99047, 28775,   529
44590.3697454,  0.05359,  2524,    76
44590.3828241,  0.78664, 42857,    80
44590.4091204,  0.05628, 35842,    43
44590.4308102,  0.02246, 10162,    78
44590.4723380,  0.83911,  9177,    44
44590.4775231,  0.07654,  3098,    79
44590.4823727,  0.87976, 14369,    88
44590.5030556,  0.20520, 63430,    81
44590.5179282,  0.25317, 50542,    44
44590.5367824,  0.17789, 20553,    43
44590.5746065,  0.81451,  9054,    78
44590.6142477,  0.78259, 28775,    80
44590.8193750,  0.53018, 53243,    79
44590.8367593,  0.86023, 15886,    76
44590.8514931,  0.87103, 62125,    43
44590.8731019,  0.95802,  9177,    78
44590.9490162,  0.34745, 39310,    79
44590.9953935,  0.56316, 42370,    65
44591.0061574,  0.17928, 17926,    43
44591.0088426,  0.00144, 60792,    45
44591.0595602,  0.01481, 36676,    42
44591.0790856,  0.00979, 49147,    76
44591.0888657,  0.20335, 13972,    80
44591.1542014,  0.69278, 37710,    77
44591.1869907,  0.68426, 57730,    78
44591.3390856,  0.60957, 49040,    79
44591.3759722,  0.27907, 16580,    43
44591.4072454,  0.79514, 45562,    42
44591.4087500,  0.29765,  6193,    45
44591.4756481,  0.24468,   769,    78
44591.4955093,  0.18931, 55633,    79
44591.5711806,  0.49315, 41868,    80
44591.6326505,  0.50716, 29717,    43
44591.6345949,  0.58557, 33652,    42
44591.6598032,  0.61603, 43080,    81
44591.7231597,  0.66734, 65333,    43
44591.7250579,  0.85514,  3063,    79
44591.7545486,  0.81115, 59852,    79
44591.8414120,  0.36861,  3985,    79
44591.8711921,  0.49852, 41860,    78
44591.8763079,  0.99467, 29717,    40
44591.8955787,  0.71906, 45562,    80
44592.0613542,  0.98236,  2524,    44
44592.1071644,  0.66931, 57730,    78
44592.1372222,  0.57856, 15886,    78
44592.2309259,  0.64466, 48611,    80
44592.3035185,  0.34713, 63474,    44
44592.3322338,  0.44476, 64382,    42
44592.3542361,  0.87681,  3098,    42
44592.5539005,  0.21605, 15886,    77
44592.5630787,  0.14023, 11732,    81
44592.5841435,  0.90100, 62125,    80
44592.6317477,  0.29448, 27150,    43
44592.6768287,  0.73307, 35449,    81
44592.8476736,  0.29205,  3985,    81
44592.8623380,  0.69047, 26078,    44
44592.8933912,  0.48674, 28775,    76
44593.0483912,  0.48112, 64382,    47
44593.0588194,  0.67713, 49040,    46
44593.0593056,  0.31142,  4274,    78
44593.0663773,  0.54684, 33652,    78
44593.1100579,  0.00598, 57204,    43
44593.1200000,  0.21295, 41868,    43
44593.2088542,  0.71793, 50380,    76
44593.3306829,  0.50107, 39056,    73
44593.3407523,  0.62253, 22052,    79
44593.3638426,  0.93198, 62222,    76
44593.4157870,  0.22027, 64382,    73
44593.5879167,  0.17664, 53243,    43
44593.5881134,  0.20930, 49147,    80
44593.6577894,  0.57532, 28775,    45
44593.6886458,  0.34884, 16366,    41
44593.7336458,  0.40636, 58376,    41
44593.8371065,  0.07704, 18058,     5
44593.9073958,  0.59083, 33123,     5
44593.9513773,  0.05621, 65011,    41
44593.9641204,  0.35851, 38764,    40
44593.9819329,  0.42948, 20681,     7
44594.0093866,  0.91338, 27150,     6
44594.0101389,  0.33197,  3098,     5
44594.0315278,  0.24069, 62086,     4
44594.0526273,  0.39360, 48685,     6
44594.0580093,  0.36377, 39327,     6
44594.0615972,  0.08753,  3063,     1
44594.0989120,  0.23361, 62925,    41
44594.2069097,  0.77659, 16366,     7
44594.2091204,  0.14525, 15695,    41
44594.2114468,  0.06631,  5239,     6
44594.2148958,  0.55432, 58721,     4
44594.2268981,  0.32568, 21672,    41
44594.2277546,  0.20517,  5087,    41
44594.3067477,  0.70214, 62222,    42
44594.4316435,  0.68656, 30864,    41
44594.4587731,  0.31344, 49662,    16
44594.4606597,  0.64029, 23262,    47
44594.4730787,  0.70262, 50144,     5
44594.4932755,  0.76351,  3985,    41
44594.6734375,  0.89622, 47595,     4
44594.7164005,  0.35457,  5087,    42
44594.7165972,  0.75177, 63430,    34
44594.7248032,  0.61584,  9234,     5
44594.7783565,  0.73991, 11664,     5
44594.7930671,  0.20601,  4114,     5
44594.8240972,  0.65181, 63474,    42
44594.9282639,  0.86560, 15613,    42
44594.9653704,  0.99378, 64797,    42
44595.1442824,  0.96681, 57204,     4
44595.1835880,  0.75451, 42857,     4
44595.2154745,  0.56520,  9447,    38
44595.2672917,  0.53152, 41587,    42
44595.3124769,  0.72667, 20058,    42
44595.3592593,  0.83524, 17926,    36
44595.4950810,  0.51501, 33182,    19
44595.5037731,  0.32083, 57972,     6
44595.5135648,  0.33509, 29280,     5
44595.5157639,  0.91874,  5087,     6
44595.5853472,  0.92198,  3673,     5
44595.6290046,  0.47856, 53221,     6
44595.6440509,  0.07956, 33412,     7
44595.6639583,  0.02772, 33123,    41
44595.6662731,  0.09264, 29717,    42
44595.6748495,  0.51609, 11869,     7
44595.6959606,  0.04181, 28775,     8
44595.7567593,  0.15897, 30266,     6
44595.8376389,  0.73250, 42370,     6
44595.8944213,  0.22046, 34069,    40
44595.9675116,  0.48748, 20681,     5
44596.0291435,  0.93066, 15898,    42
44596.1094907,  0.08098,  3985,     5
44596.1615278,  0.52480, 33412,    43
44596.1845949,  0.26222, 58721,    42
44596.2075000,  0.65829, 27150,     9
44596.2980671,  0.08040, 58376,    41
44596.4581019,  0.47220,  6713,     7
44596.4914931,  0.88137, 52062,    41
44596.5253704,  0.20942, 48611,     7
44596.6028588,  0.08995, 28775,     5
44596.6527431,  0.61941, 63474,    43
44596.7062384,  0.74145, 41459,    36
44596.8059491,  0.54468, 57814,    43
44596.8221412,  0.04651, 55633,    42
44596.8709144,  0.41464,  3985,    43
44596.9710880,  0.41246,  3985,    42
44596.9876273,  0.74131, 13972,    43
44597.0155208,  0.54590, 33652,    41
44597.0246296,  0.57259, 28775,    39
44597.1604514,  0.94398, 48641,     5
44597.1869329,  0.63475, 65011,     8
44597.3297801,  0.51892, 49040,     6
44597.3430903,  0.86519, 19346,    42
44597.3434722,  0.22989, 10363,    20
44597.4001157,  0.65846, 49147,    43
44597.4093056,  0.63914, 11732,     6
44597.4094444,  0.25929, 53243,    23
44597.5869097,  0.13733, 15886,     5
44597.7585995,  0.11486, 18058,    40
44597.7694097,  0.88542, 32926,     6
44597.8061806,  0.39763, 15898,     6
44597.8425463,  0.01034,  8427,    49
44597.8600694,  0.51004, 42017,     6
44597.9820486,  0.89234, 28775,    42
44598.0170255,  0.76394, 25115,     7
44598.0564815,  0.02064,  1291,     7
44598.1999884,  0.96719, 57954,    41
44598.2482870,  0.27177,  5087,     6
44598.2772685,  0.11350, 27293,     7
44598.4124306,  0.94370, 45596,     5
44598.4438426,  0.04258, 15613,     7
44598.6181481,  0.66705, 18058,    42
44598.6730440,  0.87849, 41587,     7
44598.6800463,  0.05753, 64797,    43
44598.7469792,  0.17292, 24453,     7
44598.7498148,  0.74289, 52650,    42
44598.7545139,  0.64934, 19278,    37
44598.8573727,  0.22622, 11039,    32
44598.9071065,  0.80056, 33914,    47
44598.9788426,  0.57830, 14369,    42
44599.0109144,  0.64559, 25315,    45
44599.1021644,  0.95812, 20999,    40
44599.1178819,  0.60208, 14085,     6
44599.1557292,  0.00365,  6426,     6
44599.1893866,  0.81760, 58190,    43
44599.1946875,  0.61737, 11396,    43
44599.2083796,  0.10987, 39056,     9
44599.2336111,  0.70643,  9447,    18
44599.2512037,  0.39710, 11869,     6
44599.2539120,  0.61128,  6193,     5
44599.2653009,  0.64987, 57730,     7
44599.3644676,  0.96501, 36809,     6
44599.4241435,  0.13032, 65333,     5
44599.4308333,  0.35921, 65011,     6
44599.5093750,  0.85538, 20828,    42
44599.6578819,  0.23633, 42017,    41
44599.6963426,  0.73723, 11039,    41
44599.7598032,  0.59736, 10363,     4
44599.7869907,  0.16260, 50144,     6
44600.0154167,  0.71176, 28775,     6
44600.0195486,  0.05839, 33412,    43
44600.0458681,  0.49828, 11039,    44
44600.0685995,  0.04927, 17926,    41
44600.0780671,  0.58257, 33652,    41
44600.1541782,  0.21045, 33182,    43
44600.2508449,  0.86159, 48685,     8
44600.4744213,  0.52644, 19926,    43
44600.4787963,  0.10603, 57972,    41
44600.4864352,  0.44232,  5087,    43
44600.5230440,  0.52740, 16366,    43
44600.5237037,  0.37277, 48641,     7
44600.6437037,  0.23376, 64382,    41
44600.6700000,  0.52452, 28464,    42
44600.7054630,  0.23148, 34523,    42
44600.7171759,  0.17779, 32926,     6
44600.7616667,  0.36377, 14369,    41
44600.7645718,  0.14093,  6193,     8
44600.7987269,  0.77361, 15898,    42
44600.8049769,  0.76156, 33652,     6
44600.8183681,  0.81028, 65525,    42
44600.8698380,  0.88828, 19346,    39
44600.8914120,  0.94706, 64797,    29
44600.8972917,  0.10198, 45562,     5
44600.9411227,  0.23513, 57730,    41
44601.0331250,  0.04884,  3985,     6
44601.0540856,  0.37377,   769,    41
44601.1585532,  0.20371, 29280,    41
44601.1622685,  0.90052, 39171,    42
44601.1958912,  0.94811, 15613,     5
44601.2384838,  0.80505, 16580,    42
44601.3872569,  0.58183,  3063,     8
44601.4341782,  0.72724, 62573,    42
44601.4467824,  0.87666, 27910,    38
44601.5145255,  0.59942, 58857,    21
44601.5795370,  0.03101,  1903,    18
44601.6210995,  0.13730, 33652,     8
44601.6517708,  0.23371,   769,     6
44601.6603588,  0.69259, 35842,    41
44601.6792014,  0.79672, 49717,    41
44601.6923495,  0.21585,  5239,     6
44601.7963773,  0.19733, 28775,    40
44601.8443171,  0.88254,   769,    15
44601.8610648,  0.71865, 53529,    17
44601.9109028,  0.69208, 49040,    51
44601.9344097,  0.24981, 42017,    18
44602.0156019,  0.94662, 33914,    53
44602.0522801,  0.56433, 35842,    52
44602.1003009,  0.40761, 51026,    18
44602.1389699,  0.40992,  7631,    17
44602.1552199,  0.55195, 25315,    53
44602.1679630,  0.14995, 22052,    53
44602.1872338,  0.30842, 52062,    17
44602.2019213,  0.85876, 12368,    17
44602.2289005,  0.55428, 24838,    64
44602.3274769,  0.77723, 49662,    52
44602.3345139,  0.98790,  9177,    51
44602.3406597,  0.02861,  6426,    53
44602.3970833,  0.61639,  4171,    53
44602.3999421,  0.66647, 15695,    53
44602.4096759,  0.69777, 43080,    53
44602.4574421,  0.12885, 50542,    52
44602.6478125,  0.69367, 15695,    18
44602.7208449,  0.92063, 46068,    53
44602.7905903,  0.51338, 42711,    16
44602.8000926,  0.88026, 29762,    51
44602.8087731,  0.53212,  3985,    54
44602.8203009,  0.43389, 15613,    18
44602.8498032,  0.83834, 41459,    52
44602.9513773,  0.03878, 36894,    47
44603.0586458,  0.93885, 30266,    53
44603.1495486,  0.91989, 55861,    17
44603.4085764,  0.20815, 53243,    39
44603.5483218,  0.03024, 15898,    67
44603.5963426,  0.42566, 34467,    67
44603.7179745,  0.18557, 47129,    33
44603.7614352,  0.62452, 54188,    43
44603.8071991,  0.98932, 57954,    42
44603.9673843,  0.81050, 64382,    66
44604.0096296,  0.42196, 10363,    77
44604.0164120,  0.38901,  1291,    32
44604.0365741,  0.15425, 62606,    66
44604.0414815,  0.64036, 16580,    66
44604.0420718,  0.05748,  9234,    67
44604.0422106,  0.63729, 15230,    32
44604.0618287,  0.86889, 48641,    66
44604.1020602,  0.52944,  9177,    67
44604.1552431,  0.08093, 62086,    67
44604.2236227,  0.84979, 11869,    31
44604.2408681,  0.91936, 64797,    65
44604.2872685,  0.51148,  3098,    33
44604.3242708,  0.05705, 40977,    67
44604.3271065,  0.78513, 26975,    34
44604.4019907,  0.03946, 64825,    42
44604.4125694,  0.84659, 58721,    65
44604.4257986,  0.40449, 62222,    67
44604.6055208,  0.36960, 57787,    66
44604.6949769,  0.15093, 57204,    66
44604.7204514,  0.68630, 20681,    31
44604.7385185,  0.29556, 22496,    66
44604.7473148,  0.18624, 42370,    28
44604.7760764,  0.00710, 50789,    66
44604.7795370,  0.57175, 39310,    66
44604.7978356,  0.11448, 36894,    67
44604.8602894,  0.74755,  9177,    68
44604.9262963,  0.56580,  9177,    65
44604.9343750,  0.11002,   799,    31
44604.9433449,  0.08201,   799,    68
44604.9693056,  0.09473, 29280,    31
44605.0151157,  0.47884, 45596,    31
44605.0778704,  0.49219,  4274,    33
44605.0788310,  0.44820, 28464,    68
44605.1002199,  0.16929, 23579,    68
44605.1105556,  0.05561,  6426,    30
44605.2148264,  0.58468, 64382,    32
44605.3653704,  0.05506, 12678,    68
44605.4259259,  0.97588, 48641,    33
44605.4742593,  0.16795, 22563,    33
44605.4859028,  0.93640, 12368,    32
44605.5915162,  0.71548, 32926,    44
44605.6214352,  0.60043, 36809,    32
44605.6889931,  0.86851, 42370,    67
44605.7075579,  0.87487, 63474,    68
44605.7339005,  0.96393, 43796,    67
44605.7447454,  0.62011, 49147,    31
44605.8329977,  0.80959, 16366,    32
44605.8830093,  0.63273, 41860,    32
44606.0925463,  0.77397, 16580,    69
44606.1421644,  0.89894, 24838,    33
44606.2720139,  0.45621,  6193,    32
44606.2752778,  0.46984, 37468,    33
44606.3850810,  0.85079, 62222,    31
44606.4017245,  0.15545, 49147,    68
44606.4041898,  0.56515, 16366,    68
44606.5509722,  0.72184, 39327,    32
44606.5602083,  0.97120,  7433,    68
44606.6670949,  0.05762,  9447,    66
44606.7051505,  0.65373, 22052,    65
44606.7503241,  0.95961, 16366,    66
44606.7797454,  0.42268, 26078,    68
44606.8846181,  0.89289, 24838,    31
44606.9318981,  0.52968, 39056,    31
44606.9484144,  0.38436, 23262,    65
44606.9642361,  0.65546, 48685,    68
44606.9753241,  0.33381, 57204,    67
44606.9867593,  0.43747, 45562,    65
44606.9938542,  0.66069, 50380,    64
44607.0203935,  0.90724,  3098,    32
44607.0306944,  0.77003, 41860,    66
44607.0771065,  0.07891, 48685,    49
44607.2096412,  0.60698,  3098,    32
44607.2522338,  0.44157, 53349,    66
44607.2644907,  0.74915, 28464,    65
44607.3181829,  0.58814,  9177,    68
44607.3263657,  0.43744, 47129,    66
44607.3685880,  0.79401, 48685,    68
44607.4647106,  0.48868, 49147,    31
44607.4681713,  0.10426, 29762,    68
44607.5480208,  0.94343,   769,    31
44607.6045833,  0.56604, 64825,    67
44607.6313889,  0.36715, 63557,    65
44607.6429051,  0.77966,  4114,    32
44607.6620718,  0.04426, 42017,    68
44607.7164583,  0.50517,   769,    67
44607.7241319,  0.14875, 36894,    32
44607.7765162,  0.85922, 28775,    66
44607.8278935,  0.13514, 59852,    32
44607.9821991,  0.71313, 30266,    29
44607.9925579,  0.16509,  5239,    31
44608.0350926,  0.15273, 15886,    51
44608.0418634,  0.93815,  1903,    64
44608.0601736,  0.26301, 42017,    67
44608.1250347,  0.06175,  5239,    63
44608.2340162,  0.24389, 29526,    68
44608.2340278,  0.67106, 15230,    31
44608.2496181,  0.30468, 35678,    31
44608.2776157,  0.27367, 15695,    33
44608.4281713,  0.87297,  3985,    68
44608.4371296,  0.24969, 22705,    31
44608.5388657,  0.45040, 58857,    28
44608.5586806,  0.14138, 35842,    31
44608.5790856,  0.62193, 63430,    68
44608.6555787,  0.17361, 53529,    67
44608.6870833,  0.44587, 43765,    31
44608.7297222,  0.72938, 25883,    30
44608.7710069,  0.67797,  3098,    67
44608.8213889,  0.50150,  1903,    70
44608.8769560,  0.12773,  3985,    68
44608.8784491,  0.50366, 10363,    31
44608.8901157,  0.18276, 62086,    62
44608.9377662,  0.77231, 24453,    63
44608.9840394,  0.28358, 57204,    32
44609.0084028,  0.12667, 39327,    27
44609.0268056,  0.83951, 65011,    64
44609.0306481,  0.69057, 29762,    50
44609.0837384,  0.21681, 36894,    67
44609.1123495,  0.14791, 25315,    31
44609.1458102,  0.99191,  5136,    58
44609.1495370,  0.96952, 61249,    65
44609.1979282,  0.62121, 15613,    63
44609.2239583,  0.24343, 44372,    50
44609.2639931,  0.13850,  7657,    67
44609.2975694,  0.09970,  6426,    30
44609.3177546,  0.51936, 33914,    32
44609.3388657,  0.62716, 30266,    32
44609.3707060,  0.43075,  5932,    31
44609.4025694,  0.16418, 55633,    32
44609.4136111,  0.58132, 28775,    36
44609.5258102,  0.69093, 29418,    45
44609.5268519,  0.10409, 36435,    31
44609.6666551,  0.59875, 63474,    67
44609.7992245,  0.97132, 51026,    65
44609.8009144,  0.61476, 61970,    31
44609.8090046,  0.29371, 57787,    67
44609.8256134,  0.61346, 42017,    28
44609.8290046,  0.09840, 33412,    31
44609.8682292,  0.45904, 63558,    65
44609.8925926,  0.27403, 45737,    32
44610.1728009,  0.92949, 16366,    67
44610.2101736,  0.37262,  1291,    32
44610.2270023,  0.52809,  3985,    39
44610.2296991,  0.93503, 54653,    90
44610.2920833,  0.94110, 63430,    60
44610.3047338,  0.46960, 11664,    31
44610.3259144,  0.55800,  3098,    51
44610.3456134,  0.95591, 63557,    66
44610.3617130,  0.91547, 12901,    31
44610.3907986,  0.07332, 34467,    72
44610.5591782,  0.36230, 61249,    31
44610.5764468,  0.58716, 19278,    54
44610.6056597,  0.74627, 30266,    34
44610.6304861,  0.81626, 62086,    66
44610.8215394,  0.58452,  4985,    30
44610.9861458,  0.18569,  6193,    65
44611.0098264,  0.02878, 39056,    68
44611.0967477,  0.34497,  5087,    31
44611.1525694,  0.76708, 57204,    59
44611.1651505,  0.00977, 36809,    57
44611.1928819,  0.95579, 62724,    32
44611.2359491,  0.28245, 52650,    67
44611.3619676,  0.57758, 62573,    32
44611.3635069,  0.09055,  5087,    67
44611.5050000,  0.91000, 48641,    61
44611.5969792,  0.73747, 64382,    30
44611.6720602,  0.58761, 25869,    66
44611.7102083,  0.13125, 60792,    30
44611.7194329,  0.42201, 33123,    35
44611.8090972,  0.45372, 42857,    65
44611.8114931,  0.17455, 36676,    69
44611.8902083,  0.34178, 35842,    68
44611.8932407,  0.89913, 64825,    33
44611.9070139,  0.78040, 20681,    30
44611.9241088,  0.94888,  1903,    77
44612.0453935,  0.54648, 36809,    67
44612.0502778,  0.96530, 57204,    67
44612.0744792,  0.07118, 36676,    67
44612.0898958,  0.21266, 19926,    68
44612.1498264,  0.32510, 57204,    41
44612.1792245,  0.98334,  6193,    31
44612.2328588,  0.50431,  6193,    31
44612.2472454,  0.05969, 33123,    60
44612.3800810,  0.51916,  6713,    67
44612.5393519,  0.24753, 20681,    30
44612.5530440,  0.58212, 39327,    77
44612.6501620,  0.07243, 49662,    31
44612.6745370,  0.16154, 16366,    59
44612.6942940,  0.76171, 33838,    30
44612.8032523,  0.33737, 28775,    68
44612.8044560,  0.62172, 22052,    67
44612.9359954,  0.82617, 28775,    67
44613.0568171,  0.16881,  7631,    66
44613.1434954,  0.01090, 65011,    67
44613.1681713,  0.28658, 29762,    31
44613.1731134,  0.68373, 58857,    30
44613.2649421,  0.64927,  3673,    67
44613.3009491,  0.36929,  3673,    68
44613.4239815,  0.07550, 37468,    31
44613.4454051,  0.11998, 28775,    64
44613.4456366,  0.99897, 50144,    67
44613.4515856,  0.53476,  1291,    31
44613.4725579,  0.14340, 52062,    34
44613.4742477,  0.38856, 47749,    30
44613.5704745,  0.09758, 59852,    34
44613.6056829,  0.90748, 25315,    68
44613.7233912,  0.37968, 25061,    33
44613.7239120,  0.69691, 58857,    66
44613.8444329,  0.06432, 65011,    31
44613.9012963,  0.12096,   769,    31
44613.9577778,  0.65690, 24838,    32
44613.9595023,  0.34205,  3063,    31
44614.0011458,  0.32181, 11732,    31
44614.0577546,  0.58728, 11664,    76
44614.0746991,  0.14179, 57730,    32
44614.0886806,  0.20875, 41868,    30
44614.1128009,  0.51302, 27245,    31
44614.2592245,  0.38635, 53221,    69
44614.2646759,  0.72911, 51026,    30
44614.2746065,  0.52219, 48611,    73
44614.3441435,  0.83673, 62086,    68
44614.4063657,  0.52852,  4274,    31
44614.6143171,  0.86121, 41459,    67
44614.7143403,  0.98483, 65333,    31
44614.7262037,  0.19526, 14085,    66
44614.7298843,  0.62755, 27150,    31
44614.7336921,  0.46504, 61402,    29
44614.7571296,  0.45758, 41868,    68
44614.8614352,  0.39036,  5932,    32
44614.8788079,  0.66791, 52062,    32
44614.9362500,  0.71090, 12901,    32
44615.0018171,  0.52699, 16366,    68
44615.0718171,  0.87283,  9177,    65
44615.0886690,  0.41186, 36894,    35
44615.1187731,  0.48268, 62086,    45
44615.1473495,  0.13843,  3673,    68
44615.1583796,  0.53265, 25883,    31
44615.1656019,  0.64334, 15695,    66
44615.1782523,  0.00590, 54846,    29
44615.2051505,  0.76252, 32926,    40
44615.2843403,  0.90837, 43796,    32
44615.3087269,  0.36427,   799,    33
44615.3100116,  0.37061,  3985,    30
44615.3250116,  0.01685, 61402,    61
44615.3588657,  0.75559, 35842,    66
44615.5135185,  0.89049, 50144,    57
44615.5301852,  0.75547,  5087,    67
44615.6325347,  0.03218,  9177,    66
44615.7179398,  0.35853, 24838,    67
44615.7506019,  0.28752,  9177,    68
44615.8070255,  0.53911, 63430,    67
44615.8729745,  0.18758,  3985,    68
44615.8764931,  0.27545, 63430,    31
44615.9891898,  0.46809,  1903,    66
44616.0062153,  0.77147, 49717,    33
44616.0264583,  0.71887, 20900,    31
44616.0559028,  0.52970, 22386,    32
44616.0595370,  0.38049, 29717,    29
44616.0626273,  0.31545, 11664,    34
44616.0691088,  0.13819,  5087,    67
44616.0713079,  0.48902,  9177,    27
44616.3049653,  0.20786, 46068,    80
44616.4307060,  0.82677, 14369,    68
44616.4375463,  0.54139, 62925,    32
44616.4705208,  0.07361, 47595,    31
44616.5385185,  0.12785, 36676,    32
44616.5858218,  0.50001, 58190,    67
44616.6787153,  0.23030,  6426,    30
44616.7179398,  0.36840, 15695,    28
44616.7285648,  0.04152, 62573,    34
44616.7583681,  0.56292, 49662,    32
44616.8090741,  0.97792, 28775,    25
44616.9962616,  0.59716, 63474,    67
44617.0605903,  0.19097, 62222,    69
44617.0642708,  0.25589,  9177,    32
44617.0866204,  0.72259, 20999,    77
44617.1160069,  0.28178, 63430,    66
44617.1550231,  0.22022, 27725,    30
44617.2114005,  0.30012, 29280,    66
44617.2266088,  0.17179,  4171,    67
44617.2373148,  0.74265, 35842,    65
44617.2537269,  0.43468, 28775,    35
44617.3104167,  0.26465, 63557,    31
44617.3792245,  0.53544, 14369,    67
44617.4589005,  0.81988, 54846,    31
44617.4654630,  0.72643,  5087,    66
44617.4922685,  0.79339, 22386,    70
44617.5705324,  0.41688, 28775,    32
44617.5815278,  0.82324, 14085,    30
44617.6986921,  0.22723, 42370,    70
44617.7329051,  0.34509, 33377,    68
44617.8033218,  0.18864, 62222,    34
44617.8050926,  0.13680, 48611,    41
44617.9090972,  0.00326, 60737,    31
44618.0041435,  0.10670, 24453,    66
44618.0142593,  0.88833, 57787,    29
44618.0445833,  0.23993, 24838,    66
44618.0588194,  0.62220, 15230,    68
44618.0923843,  0.78991, 32926,    68
44618.2025000,  0.60220, 28775,    67
44618.2531481,  0.49348, 63558,    67
44618.3359375,  0.69909, 29280,    30
44618.3580093,  0.99808, 43324,    30
44618.3648032,  0.21192, 35842,    35
44618.5660764,  0.37077, 58376,    66
44618.6190625,  0.62608, 53243,    66
44618.6756019,  0.12173, 12368,    68
44618.6962616,  0.93278, 24838,    68
44618.8330671,  0.77927, 65333,    32
44618.8458102,  0.93926, 23262,    30
44618.8679977,  0.89747, 63474,    30
44618.9793056,  0.60184,  3098,    69
44619.0246644,  0.59892, 17290,    42
44619.0401852,  0.67103, 12901,    43
44619.0912384,  0.30444, 54188,    68
44619.2746181,  0.33137, 57787,    68
44619.2922338,  0.23337, 45596,    37
44619.3341898,  0.04282,  3098,    30
44619.3534838,  0.98606, 16580,    65
44619.3868171,  0.09725, 20681,    68
44619.4116898,  0.57909, 42017,    33
44619.4418287,  0.66323, 25974,    69
44619.5117245,  0.55893, 42017,    31
44619.5593519,  0.33840, 48641,    29
44619.5853356,  0.08714, 23579,    69
44619.6182176,  0.91326, 60737,    29
44619.6654861,  0.71157,  5087,    42
44619.8298380,  0.98606, 39530,    66
44619.8388310,  0.05419, 62086,    66
44619.8668287,  0.26021, 65333,    30
44619.8671412,  0.47407, 23579,    31
44619.8778704,  0.37900, 28775,    69
44619.9343981,  0.35930, 57814,    68
44619.9448958,  0.14385, 39056,    39
44619.9750000,  0.94336, 28775,    69
44619.9861690,  0.80966, 36894,    30
44620.0282986,  0.61692,  5087,    68
44620.0902083,  0.43543, 12678,    40
44620.1046065,  0.48866,  4985,    30
44620.1312384,  0.64190, 33914,    30
44620.1614120,  0.96105, 62724,    77
44620.2205440,  0.53954, 12901,    61
44620.3491319,  0.07901, 37291,    70
44620.4321991,  0.86541, 33123,    42
44620.4624769,  0.85857, 21915,    75
44620.4710995,  0.26241, 14868,    32
44620.4810185,  0.92706, 22055,    66
44620.5169907,  0.43161, 33123,    30
44620.6216667,  0.42259, 45596,    30
44620.6323611,  0.62008, 54846,    67
44620.6575347,  0.61543, 25883,    32
44620.6742940,  0.28296, 42857,    68
44620.7354745,  0.73226, 27293,    60
44620.8118634,  0.27773,   799,    68
44620.9065162,  0.02395, 35842,    68
44621.0909028,  0.99093,  2868,    31
44621.1116088,  0.18912, 25883,    68
44621.1267593,  0.45820, 15230,    67
44621.1349884,  0.01546, 36894,    69
44621.1512153,  0.33737, 22055,    32
44621.1571296,  0.56606, 58292,    69
44621.1629051,  0.67180,  5087,    68
44621.2053241,  0.29952, 59852,    30
44621.2700231,  0.43766, 50144,    31
44621.2753704,  0.35309, 19278,    30
44621.2781250,  0.70247, 35834,    68
44621.4714583,  0.16893, 43080,    30
44621.4889120,  0.73449, 48611,    32
44621.5368866,  0.39451, 58292,    68
44621.6660417,  0.24909, 35842,    45
44621.7672569,  0.93592, 48641,    65
44621.7919560,  0.03204, 15230,    30
44621.8857407,  0.26837, 27910,    30
44621.8902662,  0.23198, 44372,    65
