44543.5149190,  0.20762,  9177,    36
44543.5489583,  0.06701, 64382,    42
44543.5620718,  0.55461, 16366,    44
44543.5981713,  0.74133,  9792,    61
44543.6018287,  0.84866,  9177,    60
44543.6061921,  0.99009, 32926,    60
44543.6813542,  0.07452, 53243,    60
44543.7827315,  0.68627, 22705,    47
44543.8313079,  0.99455, 64382,    47
44543.8365509,  0.52747, 55861,    59
44543.8420370,  0.28625, 49147,    46
44543.8707407,  0.54242, 64797,    47
44543.9299884,  0.78787, 28775,    60
44543.9709375,  0.91744, 64382,   124
44543.9787269,  0.88528, 49147,    60
44544.0532755,  0.05736, 49147,    48
44544.0774537,  0.10553,  9177,    60
44544.0794329,  0.80683, 63557,    47
44544.1345949,  0.26361, 64382,    59
44544.1667824,  0.82447, 64382,    46
44544.2095139,  0.08251, 64382,    59
44544.2477431,  0.56469, 64382,    50
44544.2589120,  0.17657,  3985,    46
44544.2948958,  0.44935, 64382,    46
44544.2973380,  0.20429, 49147,    48
44544.3042940,  0.38865, 12678,    47
44544.3510995,  0.00312, 49147,    60
44544.3704398,  0.36141,  9177,    60
44544.3900579,  0.35532,  9054,    47
44544.4674537,  0.67631,  6193,    60
44544.4814005,  0.41179, 63474,    48
44544.4990625,  0.86579, 62222,    47
44544.5427315,  0.25901, 63474,    47
44544.6155671,  0.05635, 15695,    47
44544.6178935,  0.05210, 14085,    47
44544.6397801,  0.50649, 64382,    59
44544.6608449,  0.24353,  3063,    47
44544.7200926,  0.80680,  9177,    60
44544.8004167,  0.15833, 63474,    47
44544.9114352,  0.30264, 49662,    46
44544.9153241,  0.96796, 48641,    46
44544.9788773,  0.26119, 49147,    46
44545.0290856,  0.04541, 64382,    46
44545.0538079,  0.72004, 10363,    48
44545.1150810,  0.01433,  9177,    56
44545.1627431,  0.35616,  9234,    46
44545.2523495,  0.44685, 28775,    69
44545.2631713,  0.98250, 49147,    46
44545.2649884,  0.36386, 49147,    47
44545.2896875,  0.19257, 10363,    46
44545.3351968,  0.15792, 37710,    47
44545.3532870,  0.63751, 49147,    46
44545.3591204,  0.43536, 49147,    48
44545.3797338,  0.17412,  3985,    47
44545.4026389,  0.35181, 49147,    47
44545.4118634,  0.00761, 49147,    60
44545.4151852,  0.48556, 49147,    47
44545.5032176,  0.37951, 15886,    46
44545.5360417,  0.95699, 28775,    59
44545.6088194,  0.90206, 64382,    59
44545.8291667,  0.99002, 17926,    60
44545.8421528,  0.92169, 49147,    46
44545.8607176,  0.04493, 64825,    59
44545.9321991,  0.56443, 16366,    46
44545.9428935,  0.59109, 49147,    64
44545.9887384,  0.81199,  9177,    47
44546.0655324,  0.45717, 30266,    46
44546.0895486,  0.55204, 64797,    46
44546.0905671,  0.49132, 64382,    59
44546.1048611,  0.74558, 64382,    60
44546.1969213,  0.05642, 16366,    60
44546.2058218,  0.56870,  1903,    46
44546.2375810,  0.96266,  3098,    46
44546.2520949,  0.24139,  3985,    59
44546.2775463,  0.48828, 64382,    46
44546.2776157,  0.06192, 64382,    46
44546.2790278,  0.51384,  9177,    46
44546.2791204,  0.46166,  9177,    46
44546.2929167,  0.20299, 49147,    46
44546.3273727,  0.46723, 57730,    57
44546.4469097,  0.21777, 10363,    54
44546.4553704,  0.46665, 29418,    52
44546.4934259,  0.34332, 50144,    46
44546.6345370,  0.70641,  3985,    59
44546.6376157,  0.68030, 49147,    60
44546.6734954,  0.28514, 49147,    46
44546.7675347,  0.88461, 49662,    46
44546.7742477,  0.30518, 62222,    61
44546.9005787,  0.89800, 10363,    46
44546.9516204,  0.44241, 28775,    46
44546.9628009,  0.90290, 49147,    59
44546.9854282,  0.62071, 16366,    46
44546.9894213,  0.97166,   769,    59
44547.0221296,  0.79912, 24453,    46
44547.0534144,  0.64855,  9792,    46
44547.0681134,  0.05539, 36894,    60
44547.1266088,  0.83068, 49147,    59
44547.1395255,  0.76672, 16366,    46
44547.2138194,  0.48660, 33914,    46
44547.2343056,  0.91269, 49147,    45
44547.2438426,  0.69861, 53243,    59
44547.4070486,  0.08707, 16366,    46
44547.4132292,  0.86198,  5239,    49
44547.4803356,  0.32107,  3098,    46
44547.5136458,  0.05083, 24838,    46
44547.5192361,  0.41112, 63808,    46
44547.5209722,  0.42602, 10363,    60
44547.5357523,  0.07961, 62222,    46
44547.6167130,  0.82540, 27150,    59
44547.7006250,  0.19361, 63474,    46
44547.8235764,  0.42897, 49147,    45
44547.9457407,  0.44906, 36894,    46
44547.9682986,  0.89385, 48641,    45
44547.9950579,  0.49704, 22705,    45
44548.0944444,  0.62359, 14369,    58
44548.1493750,  0.88720, 49147,    45
44548.3175000,  0.14861, 63474,    46
44548.3331366,  0.86311, 12678,    45
44548.4122917,  0.62491, 16366,    46
44548.4184028,  0.90016, 64382,    46
44548.4791088,  0.47623, 10363,    46
44548.4848264,  0.76521, 15886,    59
44548.4880324,  0.24833, 63558,    46
44548.5846181,  0.99273, 49147,    55
44548.7290972,  0.49454, 42017,    46
44548.7821991,  0.31423, 49147,    46
44548.7886458,  0.08880, 25315,    60
44548.9288194,  0.52711, 64382,    54
44548.9921875,  0.67187, 16580,    61
44549.0402083,  0.62990, 49147,    59
44549.0498843,  0.23090, 64382,    46
44549.0658449,  0.02366, 17926,    59
44549.2841667,  0.57369, 64382,    47
44549.2850926,  0.02057,  6193,    60
44549.3167940,  0.88252, 29717,    46
44549.3391088,  0.51681, 49147,    46
44549.3481713,  0.35448, 63474,    46
44549.3556713,  0.30696, 57730,    46
44549.3990856,  0.26575, 12678,    46
44549.4151042,  0.09814, 27725,    56
44549.4633333,  0.90508,  5087,    46
44549.4867708,  0.41409,  5087,    59
44549.5271181,  0.27744,  5087,    59
44549.5980324,  0.99635, 11039,    46
44549.5995949,  0.21437, 49147,    59
44549.5996181,  0.17577, 64382,    46
44549.6166898,  0.97871, 49147,    60
44549.6581713,  0.89622,  9550,    46
44549.6936458,  0.72559, 16366,    59
44549.7348495,  0.77071, 27150,    46
44549.8536111,  0.16025, 49147,    47
44549.8847106,  0.74323, 49147,    60
44549.9318750,  0.45177, 48757,    46
44549.9742593,  0.82031, 49147,    60
44549.9750463,  0.21180,  3985,    60
44550.0638310,  0.26801, 49147,    46
44550.1949306,  0.48597, 12678,    59
44550.2838657,  0.24641, 16580,    43
44550.3150463,  0.80522, 49147,    46
44550.3689931,  0.62448, 57730,    46
44550.3903241,  0.61312,  3985,    46
44550.4095139,  0.33125, 60792,    56
44550.4368866,  0.61480, 64382,    46
44550.4672917,  0.33288, 28775,    46
44550.5091435,  0.76991, 64382,    47
44550.5540278,  0.24165, 49147,    46
44550.5773958,  0.96098, 64382,    46
44550.7180093,  0.38964, 27150,    46
44550.7561111,  0.87758, 64382,    59
44550.7603588,  0.54952, 60737,    60
44550.8429514,  0.91866, 62125,    47
44550.8480093,  0.55939, 49147,    59
44551.0088657,  0.49185, 49147,    46
44551.0808912,  0.25154, 29280,    46
44551.1175116,  0.90350, 20429,    58
44551.2613426,  0.94014, 20999,    60
44551.2713657,  0.98373, 49147,    46
44551.4415972,  0.94643,  3098,    46
44551.4898611,  0.32417, 49662,    60
44551.4978588,  0.62272, 15886,    60
44551.5330093,  0.76691,  3098,    47
44551.5798958,  0.72443,  3098,    60
44551.5873611,  0.85127, 11664,    47
44551.5943634,  0.17882,  4114,    47
44551.6047569,  0.70749, 39327,    62
44551.6649190,  0.87237, 49147,    46
44551.7408218,  0.62035, 58376,    46
44551.7664005,  0.20604, 49147,    60
44551.9502778,  0.62340, 49147,    46
44551.9981713,  0.69410, 63430,    60
44552.0119329,  0.00077, 33652,    46
44552.1125926,  0.36225, 16580,    47
44552.1830903,  0.26172,  9792,    61
44552.1966088,  0.11640, 14369,    47
44552.2057407,  0.25058, 16366,    46
44552.2709491,  0.24297, 49147,    48
44552.2788194,  0.05258, 12678,    47
44552.2827546,  0.24780, 63474,    47
44552.3195602,  0.41880, 16366,    61
44552.3212153,  0.87494, 49147,    61
44552.4040046,  0.67286, 64382,    47
44552.5146875,  0.92020, 33774,    61
44552.5312384,  0.57225, 63474,    48
44552.5460532,  0.05570, 11664,    47
44552.5814583,  0.02731, 49147,    47
44552.6539005,  0.19005, 65333,    47
44552.6916551,  0.93215, 49147,    61
44552.7632870,  0.66652, 41459,    47
44552.7789468,  0.90575,  3098,    47
44552.8841435,  0.97283, 12678,    47
44552.8876042,  0.59659, 16366,    61
44552.9079745,  0.84796,  4114,    47
44553.0382523,  0.78885, 63474,    47
44553.0540741,  0.90630, 49147,    61
44553.3487616,  0.09667, 12678,    61
44553.3726273,  0.25725, 62222,    61
44553.3912731,  0.40896, 32926,    47
44553.3948380,  0.53467, 29418,    59
44553.4131829,  0.06480, 49147,    61
44553.4179051,  0.87513, 57972,    49
44553.4496991,  0.40946, 42017,    47
44553.5293981,  0.64855, 49147,    48
44553.5429745,  0.27933, 49147,    61
44553.5839931,  0.26647, 64382,    50
44553.6292245,  0.93515, 21170,    47
44553.7383449,  0.22817, 64382,    49
44553.7433218,  0.57172,   799,    61
44553.7870023,  0.82403, 49147,    52
44553.8415394,  0.61677, 64382,    48
44553.8568519,  0.63434, 14369,    49
44553.8584954,  0.03905, 49147,    48
44553.8773380,  0.85127, 62925,    59
44553.8805903,  0.54372, 64382,    47
44553.8933681,  0.58171, 16366,    69
44553.9045139,  0.33353, 49147,    60
44553.9046296,  0.69873, 49147,    48
44553.9047454,  0.16975, 49147,    61
44553.9670949,  0.87882, 64382,    61
44553.9779861,  0.82055, 64382,    46
44553.9920370,  0.11326, 35449,    47
44554.0077199,  0.05950, 49717,    61
44554.0178588,  0.33710, 48641,    47
44554.1041667,  0.32791,  4985,    47
44554.1149074,  0.17565,  4274,    47
44554.1246875,  0.91242, 63474,    61
44554.2388310,  0.78763, 63474,    59
44554.2970139,  0.41104,  3098,    61
44554.3134259,  0.58586, 32926,    58
44554.3627199,  0.33242, 28775,    48
44554.3914583,  0.11162, 35842,    47
44554.3924306,  0.61560, 64382,    47
44554.4011921,  0.98440, 49662,    52
44554.4269444,  0.83339, 36894,    57
44554.4400926,  0.49788,  9177,    47
44554.4505903,  0.36893,  5087,    61
44554.4644676,  0.66050,  9177,    61
44554.5037153,  0.33019, 49147,    47
44554.5851736,  0.75352, 10363,    48
44554.6481366,  0.83683, 49147,    61
44554.6705208,  0.74781, 64382,    48
44554.7611227,  0.09403, 64382,    47
44554.9796991,  0.66040, 49147,    62
44555.0460995,  0.57933,  9177,    60
44555.0520370,  0.91374, 29280,    47
44555.0913657,  0.66854, 64382,    48
44555.1079398,  0.56445, 58376,    47
44555.1167014,  0.33509, 64382,    61
44555.1401157,  0.83378, 39327,    47
44555.1489931,  0.33261, 49147,    48
44555.1885069,  0.85226, 49147,    61
44555.3371644,  0.41712, 49147,    47
44555.3372569,  0.69688, 49147,    49
44555.4104977,  0.96842, 49147,    48
44555.4236111,  0.07862, 28775,    60
44555.4869329,  0.30494, 16366,    48
44555.4903356,  0.59198,  9177,    60
44555.4971991,  0.58084,  9792,    61
44555.6068287,  0.07301, 24358,    61
44555.6191551,  0.04752,  3985,    47
44555.6277431,  0.37531,  3063,    61
44555.6647454,  0.54717,  5239,    60
44555.7071875,  0.03540, 24838,    48
44555.7153241,  0.59229, 64382,    47
44555.7315856,  0.68757, 64382,    46
44555.7470139,  0.65632,   769,    61
44555.8539352,  0.33333,  3985,    62
44555.8796759,  0.58975, 29418,    47
44555.9834491,  0.43238, 49662,    47
44556.0432176,  0.53344, 64382,    47
44556.0675810,  0.07133, 49147,    57
44556.1054282,  0.27818,  9234,    61
44556.1505903,  0.72103, 49147,    47
44556.1866088,  0.91175, 48641,    48
44556.2401968,  0.51376, 64825,    47
44556.4807292,  0.76168, 33838,    48
44556.5127894,  0.20695, 64382,    47
44556.5489815,  0.12893,  9792,    47
44556.5822569,  0.39129, 64382,    48
44556.6694213,  0.70847, 64382,    47
44556.8401852,  0.57482, 16366,    61
44556.8931250,  0.67910, 64382,    47
44556.9753241,  0.54124,  9177,    60
44557.0529282,  0.18787, 63474,    61
44557.0676273,  0.38690, 14369,    48
44557.0753009,  0.01860, 12678,    49
44557.1460069,  0.22855, 63430,    47
44557.2143171,  0.25392, 14369,    48
44557.2254977,  0.37891,  9177,    47
44557.2676157,  0.38416, 50380,    61
44557.3536921,  0.49610, 64382,    60
44557.3699421,  0.23544,  9177,    61
44557.3709722,  0.56133, 49147,    47
44557.3795718,  0.92382, 49147,    47
44557.3845023,  0.19447, 49147,    60
44557.4291667,  0.33158, 49147,    48
44557.4764815,  0.92075, 63474,    49
44557.5568403,  0.65109, 16366,    48
44557.6119560,  0.14748, 64382,    47
44557.6552199,  0.69400, 63474,    61
44557.6633218,  0.68013, 49147,    48
44557.7045718,  0.67370, 57204,    47
44557.7383218,  0.91538, 64382,    49
44557.8215741,  0.86932, 12678,    61
44557.8389005,  0.57943, 49147,    47
44557.9235532,  0.18048, 64382,    61
44557.9402894,  0.85043,  3098,    49
44557.9436574,  0.85526, 49147,    62
44557.9517824,  0.22483, 48641,    48
44558.0110069,  0.95584, 32926,    61
44558.0690509,  0.68419, 58376,    61
44558.0945139,  0.55068,  9177,    47
44558.1410301,  0.05930,  3985,    48
44558.1420486,  0.19889, 49147,    48
44558.1570949,  0.15883, 49147,    61
44558.1825000,  0.76696, 35842,    47
44558.2043287,  0.29741, 49147,    47
44558.3188310,  0.30117, 49147,    45
44558.3714468,  0.08976,  9177,    48
44558.4017014,  0.59361, 33123,    47
44558.4258218,  0.56760,  4114,    47
44558.4333912,  0.39912, 16366,    47
44558.5372917,  0.50856, 49147,    60
44558.5773843,  0.58759, 64382,    47
44558.6214352,  0.13529,  9177,    47
44558.6540509,  0.85663, 24453,    47
44558.6920486,  0.01106, 16366,    47
44558.7515394,  0.35875, 28775,    48
44558.8161111,  0.45715, 42017,    60
44558.8163426,  0.71539, 42017,    58
44558.8289931,  0.26899, 64382,    47
44558.8646296,  0.58996, 64797,    48
44558.8678009,  0.19370, 39327,    60
44558.9461227,  0.42441,  1291,    47
44559.0094792,  0.01970, 49147,    47
44559.0362384,  0.42717, 63430,    61
44559.1256829,  0.31502, 15695,    47
44559.1569213,  0.57607, 49147,    57
44559.1630787,  0.58586, 49147,    60
44559.1807870,  0.45350, 16366,    47
44559.2709954,  0.91653, 49147,    46
44559.2882755,  0.25740, 57787,    60
44559.3038542,  0.70269, 63474,    46
44559.3246296,  0.04428, 12678,    60
44559.3523148,  0.54295, 33038,    48
44559.4374421,  0.19173, 12678,    47
44559.4457176,  0.65452, 64382,    59
44559.4590856,  0.73811,  9234,    48
44559.4624769,  0.89027, 52062,    59
44559.4642940,  0.50467, 49147,    46
44559.4947222,  0.84208, 63474,    50
44559.5154514,  0.09065, 16366,    46
44559.5257060,  0.50253, 14868,    60
44559.5647801,  0.58368, 49147,    46
44559.5976505,  0.68222, 49662,    45
44559.6151157,  0.14395, 64382,    47
44559.6435417,  0.69484, 64382,    46
44559.6629630,  0.83275, 64382,    46
44559.6824421,  0.00749, 64382,    47
44559.7213773,  0.83990, 64382,    60
44559.7240625,  0.52068,  3985,    47
44559.7394444,  0.45158, 15613,    47
44559.7628704,  0.11026, 58376,    46
44559.7803704,  0.13505, 49147,    59
44559.8339005,  0.70315, 20999,    60
44559.9009259,  0.48878, 17926,    60
44559.9267593,  0.34862,  9054,   451
44559.9268287,  0.55653,  9054,   225
44559.9285069,  0.47786, 24838,   734
44559.9820718,  0.00888, 64382,    59
44560.0731713,  0.77920, 49147,    48
44560.1148264,  0.49320, 49147,    47
44560.2092593,  0.50937, 49147,    60
44560.2410301,  0.22442, 10363,    46
44560.2716319,  0.28289, 15886,    59
44560.3627546,  0.14935, 39310,    59
44560.4456366,  0.25092, 49147,    46
44560.4483681,  0.87086, 49147,    49
44560.6022454,  0.10013, 49147,    46
44560.6089120,  0.51410, 49147,    55
44560.7848727,  0.90230, 37199,    59
44560.8259028,  0.31061,   769,    45
44560.8548380,  0.40687, 49662,    45
44560.8647917,  0.17234, 64382,    59
44560.9025116,  0.28953, 49147,    59
44560.9396296,  0.84007, 64382,    46
44560.9961111,  0.57333, 49147,    46
44561.2092477,  0.91302, 45562,    47
44561.3057176,  0.41248, 49147,    46
44561.3468056,  0.14232, 64382,    46
44561.3831944,  0.55680, 49147,    44
44561.3932292,  0.12223, 49662,    46
44561.4840972,  0.85605, 65333,    46
44561.6306250,  0.00742, 64382,    46
44561.6789468,  0.97115, 58857,   298
44561.6966667,  0.13373, 35834,   189
44561.6968056,  0.41889, 35834,    42
44561.6968750,  0.56222, 35834,    45
44561.7989931,  0.63028, 49147,    46
44561.8538889,  0.04162, 16366,    55
44561.8665278,  0.86992, 63474,    46
44561.9009144,  0.21213, 57730,    58
44561.9100810,  0.68853, 48641,    58
44561.9848611,  0.68179, 63474,    58
44562.0001852,  0.81698, 28464,    45
44562.0241319,  0.65414,  9447,    59
44562.0308565,  0.88353, 64877,    46
44562.1036806,  0.18504, 58376,    45
44562.1351736,  0.43800, 64797,    46
44562.2805093,  0.67951, 54846,    58
44562.2966898,  0.50587, 41546,    62
44562.2967593,  0.60782, 41546,   107
44562.3176505,  0.03106, 22496,    45
44562.3764120,  0.29503, 63474,    45
44562.4341782,  0.86063, 28775,    45
44562.4920139,  0.94367, 49147,    44
44562.6636690,  0.18525, 49147,    47
44562.6639699,  0.49617, 53221,    45
44562.7496759,  0.14109, 48641,    45
44562.7782407,  0.23289, 49147,    45
44562.7902431,  0.70305, 49147,    45
44562.8321412,  0.12180, 49147,    54
44562.8567361,  0.01694, 49147,    45
44562.9045023,  0.86159, 40977,    58
44563.0141204,  0.05302, 49147,    57
44563.0627546,  0.85166, 50144,    45
44563.1049306,  0.99813, 62925,    57
44563.1134028,  0.71764, 35842,    58
44563.2237037,  0.91797, 65011,    45
44563.2859722,  0.54528, 24838,    58
44563.2995949,  0.63837, 49147,    60
44563.3653241,  0.57523, 16366,    47
44563.4236227,  0.02590, 17926,    58
44563.4475347,  0.45120, 49662,    58
44563.4840162,  0.37226, 49147,    45
44563.4883218,  0.78031, 64382,    45
44563.5587269,  0.73437, 49147,    45
44563.5906134,  0.16997, 12901,    45
44563.5938542,  0.50212,  9177,    58
44563.5997106,  0.70703, 15886,    45
44563.6142940,  0.34344, 11664,    58
44563.6148380,  0.74716,  9177,    45
44563.6177199,  0.59484, 63474,    45
44563.7177431,  0.12238, 49147,    46
44563.8064699,  0.61824, 64382,    45
44563.8074884,  0.82024, 14868,    43
44563.8099190,  0.60285, 64382,    46
44563.8291898,  0.90628, 64382,    57
44563.9237731,  0.36305, 49147,    53
44563.9700579,  0.09151, 14369,    58
44564.0116551,  0.89836, 35842,    58
44564.1100463,  0.69304, 53243,    59
44564.3257060,  0.43804, 49147,    46
44564.3522685,  0.96023, 48641,    45
44564.4647454,  0.90806,  5087,    65
44564.4702199,  0.08755, 64797,    44
44564.4957870,  0.70744, 57787,    58
44564.5567361,  0.42237, 49147,    45
44564.5698495,  0.77503, 49147,    45
44564.5902546,  0.68918, 39056,    45
44564.6157755,  0.90501, 57730,    59
44564.6749884,  0.82478, 15886,    58
44564.6876157,  0.52269, 49147,    57
44564.6971875,  0.88804, 49147,    45
44564.7491551,  0.74750, 49147,    44
44564.7886690,  0.33026, 63474,    52
44564.8211227,  0.20064, 16580,    58
44564.9007755,  0.01970,  9177,    45
44564.9618981,  0.35297,  4114,    58
44565.1701852,  0.83579, 64382,    56
44565.1894329,  0.42578,  3985,    58
44565.3077894,  0.91542,  9177,    45
44565.4294097,  0.86541, 14369,    58
44565.4675694,  0.72748,   799,    45
44565.5032639,  0.91048, 24358,    58
44565.6925926,  0.45540, 10363,    45
44565.8282407,  0.72208, 64797,    46
44565.8643634,  0.16145, 49147,    45
44565.8644329,  0.08143, 49147,    45
44565.9170255,  0.06252,  7657,    46
44565.9507755,  0.26121, 16580,    56
44565.9994329,  0.73874,  9792,    45
44566.0748495,  0.16473, 16580,    45
44566.0950000,  0.21679, 20058,    56
44566.1164699,  0.07202, 39056,    58
44566.1661690,  0.33825, 49147,    45
44566.1793056,  0.44479, 16366,    45
44566.1796875,  0.10642, 64382,    46
44566.2033102,  0.58231, 62222,    46
44566.2305324,  0.20865, 25061,    58
44566.3211690,  0.48096, 53243,    57
44566.3468403,  0.30475,  9177,    58
44566.3812269,  0.28773, 12678,    45
44566.4609028,  0.24705, 64382,    58
44566.5300231,  0.93302, 64382,    59
44566.5467361,  0.74419, 48641,    45
44566.6001157,  0.69105, 49147,    46
44566.6575116,  0.70996, 65333,    59
44566.6838310,  0.35157, 16580,    59
44566.7036111,  0.07147, 10363,    60
44566.7067477,  0.79339, 49662,    46
44566.8109606,  0.53208,   769,    45
44566.8267708,  0.55473, 64382,    53
44566.8293171,  0.90393,  7631,    45
44566.8371296,  0.07325,  9447,    59
44566.9352083,  0.55046, 63474,    59
44566.9677894,  0.23777,  5087,    59
44567.1905324,  0.19615, 33914,    45
44567.2239815,  0.78359, 26975,    47
44567.2247685,  0.59678, 32926,    46
44567.2275231,  0.67355, 57972,    59
44567.3622106,  0.26822, 49147,    59
44567.4440856,  0.26834, 48641,    45
44567.5590856,  0.72283,  5087,    46
44567.5627778,  0.50107, 49147,    60
44567.6048032,  0.56256, 64825,    46
44567.7200579,  0.44359, 63474,    59
44567.8192245,  0.16118, 12678,    59
44567.9444792,  0.13941, 49147,    46
44568.0105671,  0.08225,  9447,    58
44568.0110417,  0.10310, 49662,    46
44568.0404051,  0.24991, 39327,    46
44568.2518634,  0.38676, 49147,    45
44568.3511458,  0.32162, 16366,    47
44568.4883912,  0.53978, 14369,    60
44568.5338542,  0.83239, 16366,    47
44568.5662384,  0.37346, 64382,    47
44568.6286574,  0.66647,  3985,    60
44568.7184838,  0.47829, 16366,    46
44568.8117130,  0.13778, 55861,    55
44568.8761343,  0.25459, 64382,    57
44568.9153356,  0.06180, 49147,    59
44568.9746528,  0.59630, 49662,    49
44569.0228588,  0.75681, 64072,    47
44569.0646528,  0.29505, 49147,    60
44569.0828819,  0.85965, 57787,    60
44569.1435069,  0.74277, 49147,    47
44569.1644792,  0.40581,  9177,    60
44569.2357986,  0.92140,  5087,    47
44569.3323264,  0.15465, 42017,    47
44569.3326042,  0.26409, 42017,    59
44569.3466088,  0.36091, 32926,    60
44569.3682176,  0.62426, 49147,    60
44569.4232523,  0.40454, 25869,    60
44569.4253935,  0.61008, 64382,    60
44569.6060417,  0.40471,  5087,    47
44569.6471759,  0.35081, 39056,    60
44569.6843981,  0.95207, 11396,    47
44569.7359375,  0.13572, 65011,    47
44569.7501968,  0.08830, 49147,    61
44569.7687153,  0.59628, 63474,    55
44569.7819213,  0.34392, 63474,    47
44569.7840394,  0.91298, 65333,    47
44569.7892477,  0.42686, 65011,    47
44569.8452662,  0.86296, 57204,    46
44569.8646065,  0.81616, 20681,    60
44569.9252662,  0.73396, 49662,    46
44569.9479167,  0.97257, 49147,    59
44570.0069097,  0.26030, 49147,    46
44570.0156713,  0.78943, 62222,    47
44570.0870718,  0.33516, 63474,    47
44570.1655787,  0.39357, 64382,    46
44570.1769444,  0.97614, 62222,    47
44570.2903356,  0.51331, 49147,    47
44570.3386111,  0.60463, 49147,    47
44570.3690509,  0.46591, 64382,    57
44570.4245023,  0.32076, 63558,    59
44570.4434606,  0.61536, 64382,    47
44570.5054861,  0.45345, 49147,    47
44570.5278588,  0.26414, 63474,    47
44570.5500231,  0.62539, 20429,    47
44570.5835301,  0.36451, 41860,    48
44570.6030208,  0.47212,  9177,    59
44570.6331366,  0.72040, 58376,    60
44570.6994444,  0.81777,  5087,    47
44570.7000463,  0.22915, 49147,    60
44570.7077199,  0.25437, 64382,    47
44570.7736458,  0.06797,  3063,    56
44570.8170370,  0.54122, 64382,    60
44570.8615046,  0.02021, 64382,    61
44570.9121991,  0.52207,  9177,    60
44570.9676389,  0.75023, 16580,    60
44570.9680787,  0.15482, 64382,    47
44570.9682060,  0.34022, 64382,    46
44571.0270602,  0.14241, 27725,    47
44571.1184838,  0.09703, 15886,    47
44571.1379977,  0.62625, 16366,    44
44571.2443981,  0.38143, 24838,    60
44571.2904630,  0.31817, 48641,    60
44571.3093981,  0.47047, 49147,    47
44571.3414583,  0.51909, 64382,    60
44571.4329745,  0.56731, 49662,    59
44571.4784838,  0.34267,  9177,    47
44571.4922338,  0.96719, 57972,    46
44571.4924653,  0.67120, 16366,    47
44571.4975926,  0.77990, 16580,    47
44571.5488310,  0.96299, 49147,    46
44571.7044329,  0.16584, 49147,    47
44571.7130093,  0.23885,  5087,    60
44571.7695833,  0.66775, 49147,    46
44571.7980324,  0.32755, 62086,    47
44571.8784838,  0.42501, 49147,    45
44571.9535069,  0.46207, 49662,    47
44572.0210995,  0.60369, 30864,    47
44572.0247569,  0.11359, 28775,    47
44572.0609375,  0.85682, 49147,    60
44572.1032986,  0.63427,  9792,    60
44572.2593171,  0.83637, 49147,    60
44572.2945255,  0.50056, 32926,    47
44572.3780208,  0.21338, 64382,    47
44572.4013079,  0.40941,  9177,    70
44572.4334375,  0.61322, 49147,    59
44572.4353472,  0.07632, 16366,    46
44572.4514352,  0.32949, 64382,    47
44572.5436227,  0.98990,  9234,    49
44572.6087037,  0.10889, 49662,    46
44572.6362153,  0.62959, 63474,    60
44572.6590856,  0.08808, 14369,    47
44572.7025463,  0.97079, 16366,    60
44572.7173495,  0.67058,  3985,    60
44572.7180787,  0.08669, 49147,    46
44572.7705324,  0.94312, 57730,    60
44572.7840625,  0.65649, 48641,    48
44572.8266435,  0.97036, 64382,    47
44572.9510880,  0.63892, 48641,    47
44573.0452546,  0.72827, 32926,    46
44573.0455440,  0.59868, 12678,    47
44573.0582870,  0.25070, 48641,    49
44573.0684954,  0.90921, 64382,    46
44573.0687153,  0.63904, 64382,    49
44573.1324306,  0.30533, 64382,    60
44573.1743981,  0.29093, 64382,    60
44573.1993981,  0.21672,  7657,    47
44573.2589699,  0.57974, 64382,    50
44573.2870602,  0.39321, 49147,    47
44573.3331134,  0.94262, 14085,    47
44573.3558333,  0.83479, 49147,    51
44573.3815162,  0.30249, 64382,    56
44573.4041667,  0.19769,  9177,    45
44573.4466204,  0.15297,   769,    49
44573.6599537,  0.30096, 49147,    61
44573.6817361,  0.23229, 49147,    47
44573.6846991,  0.30969, 64382,    47
44573.7239352,  0.44512, 64382,    61
44573.7433449,  0.65335, 16366,    47
44573.8406944,  0.12492, 27725,    47
44573.8585764,  0.85802, 65011,    47
44573.8866088,  0.20256, 49147,    60
44573.9520370,  0.52324, 49147,    47
44573.9913426,  0.85430, 49147,    47
44573.9966435,  0.47020,   769,    47
44574.0340162,  0.20534, 49147,    60
44574.0388194,  0.90978, 48641,    47
44574.0837963,  0.52939, 49147,    47
44574.0877315,  0.27509, 65525,    46
44574.1560301,  0.51499,  9177,    56
44574.1844907,  0.82999, 57730,    47
44574.2463657,  0.01913, 49147,    47
44574.2728356,  0.39674, 20999,    60
44574.4432986,  0.91370, 49147,    47
44574.5129977,  0.24048, 22563,    48
44574.5359838,  0.43075,  3985,    47
44574.5465278,  0.09922, 29418,    47
44574.5639005,  0.83731, 49147,    60
44574.5704630,  0.66959, 64382,    47
44574.6881597,  0.49528, 64382,    60
44574.7709375,  0.71735, 15695,    48
44574.7768403,  0.97958, 64382,    47
44574.8228704,  0.51636, 16366,    61
44574.8291898,  0.84477, 12678,    56
44574.8430440,  0.43548, 49147,    58
44574.8541551,  0.03756,  5087,    47
44574.9353819,  0.72155, 16366,    47
44574.9942014,  0.09408, 65333,    60
44575.0824884,  0.39468, 63474,    47
44575.0892245,  0.33691, 64382,    48
44575.2498032,  0.96011,  4114,    46
44575.3068287,  0.97751, 10363,    60
44575.3727431,  0.87654,  3985,    49
44575.5142708,  0.71186, 62086,    47
44575.5819792,  0.74853,  3985,    47
44575.6501620,  0.74044, 49147,    47
44575.6667361,  0.52005, 49147,    67
44575.7039931,  0.59640,  9177,    61
44575.7057176,  0.59102,  9177,    55
44575.7488310,  0.87218, 28464,    47
44575.7735185,  0.40749, 29762,    61
44575.7930787,  0.44520, 64382,    47
44575.8135880,  0.43137, 49147,    61
44575.8199769,  0.20429, 49147,    50
44575.8737153,  0.20253, 25061,    46
44575.8885301,  0.58048,  7631,    60
44575.9116551,  0.57576, 64382,    47
44575.9332523,  0.56121, 63474,    60
44575.9366551,  0.31037, 64382,    60
44576.0131019,  0.72261, 35842,    59
44576.0573148,  0.33897, 22563,    60
44576.0763773,  0.19759, 49147,    55
44576.1663426,  0.97526, 11664,    51
44576.2457870,  0.47227, 36809,    61
44576.2478241,  0.45643, 14085,    60
44576.2565741,  0.40406, 33123,    49
44576.2713194,  0.57201, 35449,    60
44576.3080440,  0.95438,  3098,    47
44576.3307292,  0.96657, 16580,    47
44576.4083912,  0.82190, 49147,    48
44576.4295602,  0.41311, 65525,    61
44576.4376852,  0.12072, 54846,    47
44576.4841204,  0.57844, 64382,    60
44576.4862500,  0.31754, 64382,    61
44576.4933565,  0.48636, 28775,    60
44576.5319676,  0.86195, 49147,    47
44576.5558912,  0.06566, 23262,    60
44576.5687500,  0.38928, 64382,    47
44576.6241088,  0.39540, 63474,    47
44576.6327894,  0.37161, 62222,    60
44576.6987963,  0.02784, 64382,    47
44576.7154745,  0.91751, 65525,    47
44576.8079861,  0.32597, 28775,    60
44576.8111806,  0.08138, 49147,    47
44576.9413889,  0.76838, 49147,    61
44576.9625463,  0.00187,  4114,    48
44576.9725810,  0.23664, 57204,    61
44576.9733102,  0.50337, 57204,    60
44576.9935185,  0.96534, 58292,    47
44577.0094560,  0.36408, 49147,    47
44577.0717014,  0.82315, 49147,    48
44577.0837153,  0.80990, 65525,    47
44577.0867130,  0.36127, 49147,    47
44577.1261111,  0.35047, 49147,    47
44577.1508102,  0.84796, 64382,    48
44577.1890162,  0.26873, 36676,    47
44577.1957292,  0.33792, 49147,    47
44577.1983565,  0.69784, 58626,    60
44577.2115509,  0.51878, 49147,    47
44577.2322222,  0.80786, 64382,    60
44577.3745602,  0.36314, 49147,    47
44577.4306481,  0.75453, 64382,    60
44577.5269097,  0.43346,  9177,    69
44577.5854630,  0.14570, 62925,    49
44577.7225000,  0.51345, 24838,    46
44577.7292824,  0.39789,  9177,    60
44577.7730671,  0.41560, 64382,    60
44577.7873843,  0.00634,   769,    46
44577.8336111,  0.02042,  9177,    48
44577.8397106,  0.09809, 23579,    47
44577.8556134,  0.35141, 49147,    47
44577.8895023,  0.33177, 49662,    60
44577.9824769,  0.74243,  9177,    47
44578.0431250,  0.61896, 65525,    59
44578.0615162,  0.44760, 15695,    60
44578.0676389,  0.07634, 65333,    48
44578.1048495,  0.14753,  3985,    61
44578.1095486,  0.86155, 10363,    61
44578.2303935,  0.67797, 32926,    46
44578.2456597,  0.87534, 49147,    60
44578.3094676,  0.52094, 36894,    61
44578.3675463,  0.68747, 34467,    47
44578.4556597,  0.79927, 64382,    47
44578.4695486,  0.04411, 12678,    59
44578.4789120,  0.30420, 49147,    60
44578.4789468,  0.14222, 49147,    48
44578.4964120,  0.77980, 32926,    60
44578.5311458,  0.86560, 33838,    47
44578.5352894,  0.03967, 39056,    47
44578.5646181,  0.59904, 26078,    47
44578.5699537,  0.87381, 40977,    61
44578.5724769,  0.36686, 11396,    60
44578.5747917,  0.03473, 64382,    47
44578.6414468,  0.95392, 49147,    60
44578.6428125,  0.04946, 49147,    48
44578.7366551,  0.94026, 64382,    47
44578.7474884,  0.73459,  9177,    47
44578.8522338,  0.13003,  9177,    60
44578.8682870,  0.00811, 64382,    47
44578.9147222,  0.23753,  5087,    60
44578.9757407,  0.69158, 49662,    60
44579.0591782,  0.49334, 36809,    47
44579.0609375,  0.88614, 49147,    60
44579.1444792,  0.32892, 57204,    47
44579.1962731,  0.95512,  9177,    58
44579.1998958,  0.74572, 49147,    47
44579.2508796,  0.41040, 49662,    60
44579.2617824,  0.79127, 32926,    61
44579.2992245,  0.82459, 62925,    60
44579.2994560,  0.68409, 62925,    47
44579.3161343,  0.99374, 54846,    47
44579.3735069,  0.52392, 64382,    60
44579.4782986,  0.42475, 22563,    47
44579.5017477,  0.22747, 49147,    46
44579.5167477,  0.08398,  6426,    46
44579.6251042,  0.31485, 39056,    47
44579.6554051,  0.43341, 16366,    59
44579.6575694,  0.48813, 16580,    60
44579.7843403,  0.06132, 49147,    46
44579.7997106,  0.56587,  8427,    47
44580.0153356,  0.33348, 64382,    45
44580.0333912,  0.44335, 24453,    59
44580.0551042,  0.32719,  3985,    55
44580.0989005,  0.76163, 42017,    60
44580.2929051,  0.30384, 36894,    47
44580.3183102,  0.72979,  9177,    58
44580.3909954,  0.74848, 49147,    46
44580.3957292,  0.73348, 16366,    46
44580.4212153,  0.80162, 15695,    69
44580.5325694,  0.10193, 17926,    47
44580.5704745,  0.00305, 64382,    46
44580.6248380,  0.34205,  9177,    54
44580.7118287,  0.19339, 49147,    47
44580.7582986,  0.78532, 49147,    60
44580.7709375,  0.36108, 49147,    47
44580.7757523,  0.69789, 63474,    55
44580.7791319,  0.98752, 49147,    47
44580.8154167,  0.74975, 63430,    47
44580.8697106,  0.02734, 65525,    60
44580.8937269,  0.36451, 49147,    60
44580.9542940,  0.85984, 10363,    60
44580.9770370,  0.72047, 49147,    60
44581.0459838,  0.44697, 53243,    59
44581.1423843,  0.49125, 35842,    60
44581.1762731,  0.91473,  3098,    67
44581.1789931,  0.78563, 49147,    45
44581.1855093,  0.00629, 49147,    60
44581.2045602,  0.53121, 53243,    60
44581.2353125,  0.81539, 49147,    50
44581.2441782,  0.36002, 25315,    46
44581.2644676,  0.91593, 14369,    60
44581.3030440,  0.13459, 48611,    66
44581.3613542,  0.16207, 16580,    47
44581.3639699,  0.01226, 64382,    47
44581.3835764,  0.83990, 35842,    60
44581.4304282,  0.94206,  3098,    47
44581.5293171,  0.65191, 65011,    48
44581.5517245,  0.81422, 49147,    47
44581.5763657,  0.58396, 57787,    46
44581.5783333,  0.90364, 10363,    47
44581.7498611,  0.12681, 49147,    59
44581.8157639,  0.79852,  5136,    48
44581.8937269,  0.35529, 12678,    60
44582.0016782,  0.57448, 49147,    59
44582.0100926,  0.92759, 15886,    47
44582.0189236,  0.93726,  9177,    47
44582.0355556,  0.69856, 64382,    60
44582.0431944,  0.48537, 22563,    60
44582.1697685,  0.08203, 17926,    61
44582.1763773,  0.81746, 10363,    47
44582.1796528,  0.61106, 49662,    47
44582.2901273,  0.79101, 49147,    47
44582.3034259,  0.73478, 33652,    59
44582.3161574,  0.96618, 49147,    61
44582.3528704,  0.70190, 12678,    54
44582.4057870,  0.33141,  3673,    47
44582.4666898,  0.61015, 63430,    47
44582.4765509,  0.44700, 49147,    60
44582.5373843,  0.76187, 64382,    48
44582.5998032,  0.34680, 64382,    47
44582.6217940,  0.58634, 14369,    47
44582.6439583,  0.99165, 63474,    46
44582.6877431,  0.42916, 30864,    47
44582.7486806,  0.03185, 64382,    47
44582.7673148,  0.89570, 12678,    47
44582.7685069,  0.37164,  9177,    46
44582.9279977,  0.41172, 49147,    59
44582.9416551,  0.11762,  5136,    60
44582.9860648,  0.18732,  1903,    60
44582.9991088,  0.45806, 11039,    47
44583.0425926,  0.32724, 49147,    47
44583.0470023,  0.06454, 64382,    47
44583.1205440,  0.53892, 64382,    47
44583.1827546,  0.81856, 64382,    60
44583.2109954,  0.89471, 16366,    60
44583.3088310,  0.67067, 16366,    48
44583.3163657,  0.30895, 29717,    50
44583.3285417,  0.21504, 64382,    57
44583.3569444,  0.98886, 49147,    60
44583.4998843,  0.00089, 24838,    47
44583.6009259,  0.10214, 49147,    47
44583.6542940,  0.72640, 53221,    45
44583.7544907,  0.11198, 49147,    47
44583.8012731,  0.39801, 54846,    46
44583.8426968,  0.28886,  5087,    60
44583.9179051,  0.01022, 64382,    56
44583.9498264,  0.66578,  5932,    57
44583.9502315,  0.42285, 49147,    47
44584.0009375,  0.48153, 64382,    47
44584.0029514,  0.24415, 28775,    44
44584.0116204,  0.34879,  5087,    47
44584.0188079,  0.17042, 49147,    59
44584.1665625,  0.54237, 22563,    46
44584.1816435,  0.20493, 28775,    47
44584.2776042,  0.55286, 64382,    49
44584.3024537,  0.60184, 57730,    58
44584.3045602,  0.32892, 28775,    46
44584.3151620,  0.84391, 53221,    60
44584.3397106,  0.92793, 39056,    47
44584.3695949,  0.08834, 16366,    47
44584.4404167,  0.20841,  9177,    47
44584.4988194,  0.60662, 49147,    47
44584.5349537,  0.99885,  5087,    47
44584.5408565,  0.32181, 49147,    60
44584.5531597,  0.37905, 49147,    60
44584.5866551,  0.75196, 64382,    46
44584.6023958,  0.13512, 49147,    47
44584.6034259,  0.36113, 49147,    60
44584.6948843,  0.23594,  6193,    46
44584.7373495,  0.43593, 64382,    47
44584.7516782,  0.59107,  6713,    46
44584.8984722,  0.67555, 65011,    59
44584.9302662,  0.74745, 16366,    60
44585.0725000,  0.73689, 49147,    56
44585.1787500,  0.43200, 49147,    47
44585.2341782,  0.10975,   799,    59
44585.2853241,  0.36134, 49147,    47
44585.3047454,  0.21727, 64382,    46
44585.3572338,  0.05258, 22055,    47
44585.4076157,  0.37867, 64382,    48
44585.4319097,  0.26925, 49147,    55
44585.4387384,  0.79927, 64382,    46
44585.5178009,  0.54172, 22055,    60
44585.6387847,  0.93131,  9177,    56
44585.6692014,  0.66513, 64382,    47
44585.7158681,  0.11362, 49147,    47
44585.7677778,  0.64732, 49147,    60
44585.8609491,  0.29561, 15230,    46
44585.8897222,  0.31272, 14369,    60
44585.9162269,  0.39964, 64382,    47
44585.9360069,  0.69859, 49147,    60
44585.9958102,  0.61677, 27150,    60
44586.0057176,  0.47044, 48641,    60
44586.0085069,  0.17556, 49147,    60
44586.0711343,  0.90957, 49147,    47
44586.0931019,  0.60012, 49147,    61
44586.1411111,  0.17685, 53243,    47
44586.1655787,  0.89270, 22496,    47
44586.2448843,  0.71498, 65333,    59
44586.4111690,  0.99434,  9177,    47
44586.6155787,  0.46425, 64382,    46
44586.6179167,  0.21897, 16366,    54
44586.6502546,  0.75143, 65525,    60
44586.6881944,  0.38812, 64382,    56
44586.6926852,  0.88660, 14369,    60
44586.8253935,  0.64382, 28775,    47
44586.8803704,  0.14911, 64797,    47
44586.8991898,  0.85821, 49147,    58
44586.9236690,  0.59913, 28464,    48
44586.9244329,  0.98850, 35842,    47
44586.9306829,  0.14064, 14369,    48
44586.9817708,  0.94391, 41587,    60
44586.9867708,  0.62066, 64382,    60
44587.0358565,  0.59856, 16366,    60
44587.0497338,  0.01106, 64382,    60
44587.0616551,  0.56532, 30864,    56
44587.0640856,  0.52605,  3985,    46
44587.0897569,  0.64552, 28775,    58
44587.1071644,  0.50299, 64382,    46
44587.2452199,  0.71296, 39171,    46
44587.3496991,  0.79298,  3098,    47
44587.3676389,  0.66115, 42017,    47
44587.3732407,  0.78849, 57204,    47
44587.4434838,  0.54662, 30076,    47
44587.4746528,  0.29714,  3063,    60
44587.5536458,  0.43639, 49147,    59
44587.5885069,  0.36230, 49147,    47
44587.5955093,  0.91214, 62222,    46
44587.7247338,  0.13238, 28775,    47
44587.7455903,  0.96726, 49147,    48
44587.8905903,  0.91084,  3098,    46
44587.9639120,  0.57196, 62925,    60
44587.9764005,  0.93218, 49147,    47
44588.0270255,  0.89418, 49662,    46
44588.0477662,  0.39405, 17926,    47
44588.0642361,  0.65303, 49147,    46
44588.0996991,  0.58072, 14369,    60
44588.1261806,  0.68831, 59852,    47
44588.1702778,  0.40264, 64382,    47
44588.1702894,  0.39276, 64382,    47
44588.3507523,  0.10663, 17926,    47
44588.5267361,  0.16601, 62222,    47
44588.5550694,  0.23054, 49147,    61
44588.6230440,  0.56167, 36894,    49
44588.6754167,  0.19459, 49147,    48
44588.7422569,  0.40087, 39056,    48
44588.7505903,  0.82435, 64382,    60
44588.7757986,  0.17400, 16580,    60
44588.7758681,  0.81568, 53243,    60
44588.8593056,  0.00463, 49147,    60
44588.8875347,  0.41380, 16366,    46
44588.8901620,  0.80159, 16366,    47
44588.8928009,  0.64694, 64382,    59
44589.0255671,  0.01606, 58376,    47
44589.0334838,  0.57835, 64382,    47
44589.0829630,  0.59496, 63474,    48
44589.1037847,  0.58485, 16580,    47
44589.1267593,  0.99590,  9177,    47
44589.1336343,  0.39837, 62222,    59
44589.1622801,  0.61053,  9234,    60
44589.2304745,  0.93021, 64382,    48
44589.3226273,  0.02340, 24838,    58
44589.3560764,  0.58924,  5239,    59
44589.3602083,  0.82101,  3098,    47
44589.3951852,  0.52152,  3985,    60
44589.4060995,  0.72616,  3098,    60
44589.4148032,  0.74615,  1291,    47
44589.4352662,  0.60499, 54846,    60
44589.5237847,  0.72215, 64382,    48
44589.5784028,  0.10939,  9177,    47
44589.6109954,  0.26277, 49147,    47
44589.6624769,  0.38935, 65525,    47
44589.6942014,  0.19874, 12368,    47
44589.7096296,  0.47037, 64382,    50
44589.7623032,  0.42784, 63474,    60
44589.8021644,  0.37219, 49147,    47
44589.8391667,  0.18151, 62222,    59
44589.8618403,  0.61982, 49040,    60
44589.8942014,  0.58312,  9177,    47
44589.9359491,  0.91694, 63474,    59
44589.9827778,  0.64375, 49147,    59
44590.0446644,  0.09494, 64382,    60
44590.0921875,  0.88408,  9177,    49
44590.2086111,  0.96882, 49147,    60
44590.2087269,  0.26805, 49147,    47
44590.2160185,  0.03002, 63474,    47
44590.2797685,  0.60566, 49147,    47
44590.3659259,  0.74721, 48641,    46
44590.3886343,  0.85533, 16366,    47
44590.4215394,  0.41556, 49147,    48
44590.4615278,  0.34250,  3985,    60
44590.4899653,  0.64951, 49147,    47
44590.5080787,  0.91005,  5087,    47
44590.5297569,  0.42768, 16366,    47
44590.5443403,  0.48184, 15695,    60
44590.7460995,  0.39434, 36894,    47
44590.7883218,  0.46603, 49147,    48
44590.8015856,  0.55128, 42370,    46
44590.8298380,  0.27367, 64382,    60
44590.8361458,  0.94182,   769,    46
44590.9137963,  0.26916, 49147,    60
44590.9217361,  0.38479, 63430,    60
44590.9332292,  0.68291,  5239,    47
44591.0621296,  0.55245, 23579,    47
44591.1666782,  0.67079, 64382,    47
44591.1729051,  0.44738, 65011,    60
44591.1928704,  0.11090, 16366,    46
44591.3396065,  0.96143, 64382,    47
44591.3701042,  0.10152, 64382,    46
44591.3978935,  0.23001, 49147,    59
44591.4305787,  0.40663, 63474,    47
44591.4473264,  0.11179, 64382,    60
44591.5009144,  0.74767, 28775,    48
44591.5321759,  0.68047, 49147,    60
44591.5516435,  0.48436,  3098,    46
44591.5531019,  0.31459, 49147,    60
44591.5596991,  0.16449, 28775,    57
44591.6259144,  0.93285, 35842,    46
44591.6314931,  0.98181,  5136,    47
44591.6992593,  0.53712, 49662,    46
44591.7098843,  0.28718, 64382,    47
44591.7512384,  0.43672,  9177,    47
44591.7606250,  0.99064, 63474,    47
44591.8101968,  0.95495, 49147,    46
44591.8108796,  0.85269, 63474,    47
44591.9284028,  0.90254, 49147,    54
44591.9488079,  0.82396, 49147,    46
44591.9824537,  0.28817, 53243,    46
44592.0643287,  0.41709, 16580,    49
44592.1086806,  0.76663, 59852,    48
44592.1412963,  0.12825, 22705,    57
44592.1486458,  0.07572,  5087,    46
44592.1720139,  0.68721, 14369,    55
44592.2685417,  0.93899, 49147,    48
44592.2945370,  0.16524,  9177,    60
44592.3579630,  0.28989, 49147,    47
44592.4198264,  0.04495, 22386,    47
44592.4467361,  0.67324, 64382,    56
44592.5645602,  0.79531, 22386,    60
44592.5726736,  0.37332, 64382,    47
44592.7803241,  0.54847, 49147,    46
44592.8540741,  0.25217, 64382,    55
44592.8590625,  0.32241, 49147,    57
44592.8875694,  0.70010, 39056,    47
44592.9471644,  0.41443, 49147,    47
44592.9601736,  0.10793, 49147,    60
44592.9659606,  0.49394, 33123,    53
44592.9826505,  0.42669, 49147,    60
44593.0118634,  0.93376, 49147,    47
44593.0520486,  0.59757, 21672,    48
44593.2059028,  0.14877, 16366,    60
44593.2261227,  0.23587, 33774,    60
44593.3150810,  0.73003, 63430,    59
44593.3985764,  0.00866, 48347,    66
44593.4089005,  0.50764, 12678,    59
44593.4478704,  0.51096, 11039,    60
44593.4495949,  0.96659,  3098,    48
44593.4900116,  0.72556, 58376,    56
44593.5197222,  0.68848, 22563,    47
44593.5496644,  0.50827, 64382,    47
44593.5712847,  0.28325, 20999,    47
44593.5989815,  0.56820, 49147,    47
44593.6327778,  0.81808,  2868,    48
44593.6442824,  0.87261, 49147,    47
44593.7658796,  0.07116, 64382,    59
44593.7916551,  0.13689, 32926,    47
44593.8282292,  0.26318, 49147,    46
44593.8417014,  0.95687, 49147,    59
44593.8647917,  0.25675, 16366,    60
44593.8672338,  0.99002,  3985,    46
44593.9179630,  0.39400, 30864,    47
44593.9981597,  0.34413, 48641,    60
44594.1099306,  0.90266, 49147,    47
44594.1867245,  0.27869, 33652,    59
44594.1890046,  0.85257,  9177,    60
44594.1905556,  0.38596, 11664,    47
44594.3062847,  0.92022, 15886,    60
44594.3069097,  0.54520, 64382,    60
44594.3083333,  0.96371, 63430,    47
44594.3215162,  0.49504, 64382,    46
44594.3376852,  0.90071, 33652,    61
44594.5312269,  0.33156,  9177,    59
44594.5319792,  0.66753, 63474,    46
44594.5748032,  0.92507,  5239,    46
44594.6683912,  0.43960, 64382,    47
44594.7087037,  0.84134, 15886,    48
44594.7680671,  0.33717,   799,    59
44594.8369676,  0.86675, 16366,    60
44594.8421412,  0.78249, 49147,    46
44594.9132986,  0.64994, 49147,    47
44594.9713079,  0.05448, 64382,    60
44595.0755671,  0.29328, 58376,    46
44595.1027199,  0.59008,  9177,    58
44595.1130208,  0.83287, 49147,    47
44595.2208333,  0.75117, 32926,    60
44595.2283449,  0.64327, 64382,    59
44595.2966319,  0.48820, 39056,    47
44595.3022222,  0.88576, 16366,    47
44595.3767708,  0.69640, 64382,    47
44595.3990162,  0.96856, 64797,    56
44595.4095139,  0.56412, 49147,    47
44595.6758565,  0.59457, 49147,    59
44595.7367593,  0.27441, 28775,    44
44595.8289931,  0.26885, 63474,    46
44595.8440972,  0.60712, 49147,    47
44595.9091319,  0.03062, 16366,    47
44595.9268403,  0.61435, 49147,    60
44595.9618750,  0.43629, 48641,    46
44595.9950810,  0.67377, 49147,    46
44596.1208218,  0.45141, 49147,    59
44596.1977431,  0.21698, 35842,    46
44596.2151736,  0.45892, 33774,    47
44596.2205787,  0.09696, 24838,    47
44596.2284491,  0.88530, 16366,    60
44596.2638194,  0.58569, 49662,    59
44596.2877546,  0.40948, 49147,    59
44596.3382639,  0.46540, 64382,    47
44596.3434375,  0.66909, 49147,    59
44596.4722454,  0.45412, 65333,    47
44596.4847917,  0.30098, 15613,    46
44596.5953935,  0.12199,   769,    47
44596.6547801,  0.45122, 49147,    47
44596.6669213,  0.52874, 49147,    47
44596.6688542,  0.57837, 64382,    61
44596.8575231,  0.29589, 49147,    60
44596.8673032,  0.00626, 49147,    46
44596.8913426,  0.72806, 12678,    46
44596.9193403,  0.87551,  9177,    46
44596.9479630,  0.03758, 28775,    46
44596.9784144,  0.37325, 62222,    46
44597.0384606,  0.79154, 49147,    58
44597.0645370,  0.63484, 49147,    60
44597.0899653,  0.75818, 48641,    47
44597.0968171,  0.71807, 33123,    47
44597.1359606,  0.16536, 14369,    47
44597.1541898,  0.29592, 49147,    59
44597.1608449,  0.82358, 64382,    59
44597.2357639,  0.80203, 64382,    46
44597.2783449,  0.30953, 63430,    46
44597.2967940,  0.31106, 63474,    47
44597.3223032,  0.70322,  9792,    59
44597.3275694,  0.29695, 49147,    46
44597.3385648,  0.14402, 64382,    47
44597.3415046,  0.08666, 49147,    46
44597.4184491,  0.53748, 64382,    60
44597.4915394,  0.20402, 64382,    59
44597.6647569,  0.10942, 64382,    56
44597.7304282,  0.35755, 33838,    60
44597.7648148,  0.81304,  7433,    46
44597.7928241,  0.98481, 64382,    60
44597.8067940,  0.44683, 16366,    57
44597.8520602,  0.89661, 28775,    60
44597.8539352,  0.43684, 64382,    60
44597.8661343,  0.55063, 64382,    46
44597.9443634,  0.03986, 49147,    60
44597.9967593,  0.20352, 64382,    60
44598.0002778,  0.91154, 64382,    60
44598.0975463,  0.77385, 49147,    47
44598.1110880,  0.21177, 49147,    47
44598.1243634,  0.67063, 64382,    46
44598.2191319,  0.20301, 49662,    61
44598.2616667,  0.25032, 39056,    59
44598.2902894,  0.07678, 23262,    47
44598.2973380,  0.38860, 63430,    46
44598.3057407,  0.43898, 48641,    46
44598.3223380,  0.80695, 57204,    59
44598.3745949,  0.59222, 28775,    60
44598.4358912,  0.98594, 14369,    46
44598.4596412,  0.58780, 49147,    47
44598.4882870,  0.08911, 49147,    47
44598.5234838,  0.92968, 64382,    59
44598.5302083,  0.48530, 12678,    47
44598.5309491,  0.72165, 35842,    48
44598.5550463,  0.32693, 16366,    57
44598.5833449,  0.42110, 57204,    55
44598.7597569,  0.54859, 63474,    46
44598.7908565,  0.99088, 49147,    47
44598.7909838,  0.51957, 49147,    59
44598.8462616,  0.74699, 57730,    47
44598.9398727,  0.27689, 16366,    59
44598.9544213,  0.99484, 49662,    60
44599.1581597,  0.36379, 49147,    46
44599.1588426,  0.76058, 22052,    47
44599.2378472,  0.76046, 49147,    47
44599.3752894,  0.89265, 53221,    60
44599.4821181,  0.76298, 16580,    60
44599.5616898,  0.11314,  9177,    60
44599.6669907,  0.27737,  9177,    46
44599.7364931,  0.70975, 62125,    60
44599.8084722,  0.86483, 49147,    47
44599.8395718,  0.70567, 30266,    47
44599.8448380,  0.97679, 54846,    60
44599.8721875,  0.79970,  7631,    47
44599.8817708,  0.79665,  9177,    47
44600.0559028,  0.49874, 49662,    54
44600.0797454,  0.73967, 10162,    47
44600.0817014,  0.43773, 49147,    47
44600.0819792,  0.72919, 49147,    46
44600.1850694,  0.54172, 30266,    60
44600.2249190,  0.72607, 57730,    47
44600.3037153,  0.54660,  9054,    48
44600.4101273,  0.22913, 49147,    58
44600.4397106,  0.30789, 64382,    47
44600.4624074,  0.67823, 16366,    47
44600.5526042,  0.39818, 49147,    46
44600.6234606,  0.78256, 63474,    59
44600.6372569,  0.71044, 64382,    46
44600.6983102,  0.65474, 19926,    45
44600.7228704,  0.30077, 16366,    46
44600.7655903,  0.71543, 22386,    60
44600.8141551,  0.65971, 49662,    48
44600.8855324,  0.33283, 35842,    46
44600.9122801,  0.52984, 14369,    60
44600.9236458,  0.43507, 10363,    46
44600.9267245,  0.00406,  9177,    60
44600.9628125,  0.25788, 16366,    46
44600.9838657,  0.05213,  3985,    46
44601.0230671,  0.03026, 53243,    46
44601.0353356,  0.13965, 16580,    59
44601.0457176,  0.94715, 49147,    46
44601.2811574,  0.04418, 45562,    57
44601.3269329,  0.71471, 50144,    46
44601.4931829,  0.31399,  3985,    59
44601.4936458,  0.81794, 25315,    46
44601.6641204,  0.16130, 12678,    60
44601.7554051,  0.60758, 64382,    47
44601.7666898,  0.02335, 24838,    46
44601.7929167,  0.60484, 64382,    47
44601.8041088,  0.17222, 63474,    46
44601.8086458,  0.57597,   769,    46
44601.8432870,  0.39456, 49147,    46
44601.8657755,  0.37951, 40977,    46
44601.9441204,  0.25505,  9177,    59
44601.9641204,  0.62112, 65011,    59
44601.9683681,  0.56198, 39310,    46
44602.1884606,  0.36547, 64382,    52
44602.2497338,  0.88046, 49147,    60
44602.3141319,  0.59493, 64382,    46
44602.3429630,  0.58137, 29653,    46
44602.3659722,  0.95774, 64382,    46
44602.4897454,  0.12418,   799,    59
44602.4946875,  0.06122, 64382,    46
44602.5874653,  0.00986, 63474,    46
44602.5876852,  0.40034, 63474,    46
44602.6058681,  0.83349, 49147,   149
44602.7835880,  0.57722,  9177,    46
44602.7937037,  0.61029,  9177,    48
44602.8349306,  0.55461, 49147,    46
44602.8471528,  0.77889, 27150,    60
44602.8999190,  0.04188,  5087,    45
44602.9441551,  0.33948, 32926,    46
44602.9673148,  0.19361, 12678,    59
44603.0153241,  0.62042, 63430,    46
44603.0387731,  0.80121, 49147,    58
44603.1072917,  0.33633, 49147,    47
44603.1251852,  0.77591, 27725,    45
44603.1261227,  0.26837, 42370,    46
44603.1446875,  0.03319, 49147,    46
44603.1555324,  0.13920, 64382,    45
44603.1842477,  0.43329, 35842,    46
44603.2644907,  0.31920, 35834,    46
44603.2683102,  0.22159, 32926,    59
44603.2689005,  0.45931, 49147,    48
44603.3068750,  0.42268, 64382,    46
44603.3178588,  0.62563, 64382,    59
44603.3226157,  0.84129, 17926,    54
44603.3259259,  0.73024, 57787,    46
44603.3562269,  0.75571, 48641,    59
44603.4068634,  0.55759, 49147,    46
44603.4255324,  0.79567, 64382,    58
44603.4345718,  0.72609, 46068,    56
44603.6317593,  0.90741, 64382,    45
44603.6928125,  0.00833,  9177,    59
44603.7006250,  0.69434, 64382,    59
44603.9101620,  0.24437, 53243,    49
44603.9634375,  0.34265, 36894,    46
44604.0371528,  0.04589, 49147,    60
44604.2268750,  0.33053, 49147,    59
44604.2821412,  0.54004, 35842,    47
44604.3663773,  0.05124, 16366,    60
44604.3761921,  0.55596, 64382,    47
44604.3858333,  0.63827, 63474,    47
44604.4671296,  0.20549, 11039,    59
44604.4748148,  0.12046,  9177,    46
44604.5089583,  0.31473, 64382,    47
44604.5646181,  0.01442,  7631,    46
44604.5777431,  0.91290, 58857,    46
44604.6947569,  0.93990,  9054,    47
44604.7579745,  0.48475, 20681,    47
44604.8010764,  0.89742, 11039,    60
44604.8745718,  0.64946, 16366,    47
44604.8803472,  0.85449, 25315,    46
44604.8995023,  0.67041,   769,    48
44604.9052431,  0.85339, 22496,    47
44605.0064352,  0.21129,  3098,    60
44605.0158333,  0.41805, 49147,    60
44605.0160995,  0.07517, 49147,    46
44605.0165741,  0.96849, 64382,    47
44605.0354051,  0.84266, 49147,    60
44605.0555903,  0.64163, 33838,    46
44605.0688773,  0.90462, 49147,    59
44605.0926042,  0.79483, 49147,    47
44605.1118866,  0.63251, 57730,    60
44605.1308102,  0.53971, 62222,    48
44605.2094444,  0.93671, 49662,    49
44605.2727431,  0.61800, 63808,    46
44605.3158333,  0.97922, 49147,    61
44605.3505208,  0.43821, 63474,    60
44605.3616898,  0.41095, 65011,    60
44605.3871528,  0.45686, 14085,    60
44605.3917361,  0.82591, 48347,    48
44605.4913079,  0.30585, 64382,    61
44605.4958102,  0.67363, 64382,    48
44605.5575926,  0.28752, 65011,    60
44605.5779745,  0.32712, 64382,    60
44605.5795370,  0.92644, 49147,    58
44605.6257176,  0.43425, 49147,    59
44605.7983565,  0.75172, 49147,    60
44605.8170602,  0.85600, 65525,    47
44605.9179167,  0.08378, 16366,    60
44605.9444792,  0.78859, 39056,    60
44605.9549421,  0.11083, 58376,    46
44605.9930324,  0.05880, 64382,    48
44606.0415162,  0.22593, 57204,    47
44606.0518056,  0.15230, 35842,    47
44606.0625116,  0.32025, 49147,    47
44606.0851273,  0.73855, 63474,    60
44606.1013194,  0.64000, 64382,    46
44606.1318056,  0.59870, 39171,    47
44606.1851505,  0.95231, 63474,    61
44606.1876852,  0.44726, 64382,    47
44606.2299884,  0.51412, 64382,    47
44606.3125347,  0.36972, 64382,    56
44606.3883449,  0.74829, 53243,    47
44606.4146644,  0.23568, 53221,    47
44606.4957060,  0.98270, 64382,    60
44606.5136111,  0.97778, 63430,    60
44606.5510648,  0.90861, 63474,    47
44606.5686227,  0.87779, 53243,    47
44606.5721528,  0.00864, 65011,    47
44606.5749653,  0.04063, 64382,    47
44606.5806134,  0.37461, 39056,    60
44606.6178241,  0.42168, 63474,    48
44606.7631250,  0.44748,   769,    59
44606.7655787,  0.39818, 16366,    60
44606.8007060,  0.69391, 29280,    57
44606.9570139,  0.85125, 64382,    60
44606.9716435,  0.45439, 64382,    47
44607.0451389,  0.24158, 28464,    56
44607.0949421,  0.06247, 49147,    47
44607.1328009,  0.92920, 42017,    47
44607.1646875,  0.51612, 39056,    47
44607.2183565,  0.17412, 10363,    54
44607.2184144,  0.90028, 10363,    46
44607.2706366,  0.74661, 64382,    47
44607.2984028,  0.08702, 29280,    47
44607.4622106,  0.74279,  9177,    46
44607.4764931,  0.91578, 49147,    60
44607.5433449,  0.76617, 49147,    60
44607.5851852,  0.41241,  3098,    47
44607.6809375,  0.44661, 64382,    56
44607.6875347,  0.98874, 29781,    47
44607.7615046,  0.09055, 41498,    48
44607.8632523,  0.64799, 15886,    56
44607.8633218,  0.86603, 15886,    47
44607.8939120,  0.77476, 46068,    57
44607.9028125,  0.97142, 48641,    53
44607.9707755,  0.44064, 64382,    48
44607.9771528,  0.55836, 63474,    60
44607.9948264,  0.65695, 41868,    47
44608.0475926,  0.85946, 27150,    47
44608.1428588,  0.59980, 49147,    60
44608.1452315,  0.28421, 49147,    60
44608.2048148,  0.59560, 49147,    60
44608.2598032,  0.66868,  5087,    47
44608.2864468,  0.27705, 49147,    47
44608.2870486,  0.45122, 12678,    47
44608.2989468,  0.70427, 64382,    60
44608.3779398,  0.20292, 65011,    47
44608.4235069,  0.48676, 64382,    47
44608.4535417,  0.98939, 49147,    47
44608.4919907,  0.60060, 49147,    47
44608.6181019,  0.08830, 49147,    46
44608.6394097,  0.36890, 64382,    46
44608.7668056,  0.11892, 16580,    60
44608.7748843,  0.72796, 28775,    47
44608.8525463,  0.31209,  7631,    46
44608.9077778,  0.38697, 24838,    59
44608.9612500,  0.41774, 49147,    46
44609.1290972,  0.63167, 48641,    59
44609.1779745,  0.36213, 49147,    59
44609.1888310,  0.64149, 63474,    45
44609.2168171,  0.61828, 57730,    46
44609.3162384,  0.87815, 63474,    43
44609.3351505,  0.43744, 49147,    57
44609.3670370,  0.15523, 57204,    57
44609.4022801,  0.64082, 28775,    43
44609.4148495,  0.12103, 43551,    57
44609.4307060,  0.29141, 63474,    43
44609.4352199,  0.45412, 49147,    45
44609.5558796,  0.15559, 12678,    42
44609.5984606,  0.05983, 14369,    55
44609.6534722,  0.39432, 49147,    56
44609.6638542,  0.86104, 64382,    41
44609.6946296,  0.37349, 57730,    56
44609.7201157,  0.36581, 14369,    42
44609.7696412,  0.67240, 49147,    57
44609.8350347,  0.36173, 64797,    41
44609.8675694,  0.68546, 64382,    41
44609.8841435,  0.18996, 64797,    56
44610.0844444,  0.55780, 60792,    51
44610.1141435,  0.66962, 36809,    51
44610.1791551,  0.10075, 49147,    41
44610.2158565,  0.49154, 57787,    55
44610.3182870,  0.17647, 49147,    56
44610.5512269,  0.28797, 63474,    41
44610.7297222,  0.76211, 49147,    41
44610.7860995,  0.89488,  1291,    41
44610.8281944,  0.56976, 36894,    56
44610.8435069,  0.69422, 29280,    41
44610.8503241,  0.90887,  7631,    41
44610.8518056,  0.28277, 16366,    57
44610.8796759,  0.69578, 58190,    56
44610.9839120,  0.97485, 36894,    55
44610.9898148,  0.12960, 48611,    57
44611.0329398,  0.98003, 14085,    42
44611.0484954,  0.18312, 49147,    56
44611.0486111,  0.34334, 49147,    42
44611.0581944,  0.35669, 33123,    54
44611.0650347,  0.05861, 53243,    43
44611.0978704,  0.76533,  3098,    43
44611.2184028,  0.97048,  5087,    56
44611.3306713,  0.14861, 16366,    65
44611.3375694,  0.14443, 14868,    55
44611.3436921,  0.26299, 20553,    58
44611.3638773,  0.32683, 64382,    55
44611.3789583,  0.05736, 16366,    43
44611.3929977,  0.31257, 62222,    44
44611.3977662,  0.35215, 63474,    43
44611.4066319,  0.25973, 20681,    43
44611.4655324,  0.41092, 12678,    44
44611.4917940,  0.45086, 33774,    44
44611.5189468,  0.99258, 49147,    57
44611.6463889,  0.41467, 49147,    44
44611.7545139,  0.32981, 49147,    44
44611.7992014,  0.14481, 30266,    44
44611.8103935,  0.52927,  7631,    58
44611.8719792,  0.81626, 16580,    58
44611.9942824,  0.03845, 64382,    59
44611.9989583,  0.40512, 64382,    45
44612.0064352,  0.41164, 65011,    45
44612.0484954,  0.72429, 62125,    45
44612.1845949,  0.77515, 49662,    46
44612.1890741,  0.48931,  4114,    50
44612.1924306,  0.57076, 47749,    57
44612.2395833,  0.77517,  3985,    45
44612.3379630,  0.26695, 63474,    47
44612.3507755,  0.72165, 49147,    60
44612.4015394,  0.67317,  9177,    46
44612.4242130,  0.17913,  9177,    46
44612.4860069,  0.27314,  7657,    47
44612.7886227,  0.04428, 64382,    59
44612.8411111,  0.31699, 49147,    45
44612.8692940,  0.86834, 61402,    59
44613.0629398,  0.74728, 63474,    44
44613.0733565,  0.80567, 63474,    44
44613.0848380,  0.09708, 49147,    44
44613.1011921,  0.61490, 64382,    44
44613.1235185,  0.60712,  3985,    43
44613.1312963,  0.30401,  3985,    47
44613.2160185,  0.13687, 59746,    58
44613.2546991,  0.46776, 64382,    47
44613.5025347,  0.16658,  3985,    46
44613.6184259,  0.04750, 64382,    59
44613.7716782,  0.64159,   769,    44
44613.8186690,  0.44767, 64382,    54
44613.8479861,  0.96465,  9177,    59
44613.9851505,  0.30473, 64382,    57
44614.0784375,  0.44248,  5087,    46
44614.1323495,  0.10949,  5087,    46
44614.1354514,  0.66919, 64382,    46
44614.1544213,  0.78662, 33038,    59
44614.1646181,  0.94079,   769,    60
44614.2038426,  0.61454, 63474,    60
44614.2100000,  0.08306, 29717,    46
44614.2505903,  0.27408, 10363,    59
44614.2586227,  0.59181, 16366,    46
44614.3977662,  0.06187, 27150,    60
44614.4339468,  0.56632, 16580,    47
44614.4339931,  0.77755, 16580,    45
44614.5227083,  0.80371, 63430,    46
44614.5913310,  0.92858, 16366,    60
44614.5931481,  0.64022, 29280,    46
44614.6584375,  0.43953, 62724,    46
44614.7376736,  0.80111, 63474,    46
44614.7592940,  0.37872,  9177,    57
44614.7849190,  0.27252, 50380,    45
44614.7856829,  0.74467, 28775,    45
44614.8070718,  0.20997, 60236,    59
44614.9576852,  0.01459, 60236,    46
44614.9911343,  0.51703,  9177,    50
44615.0622801,  0.81182,   769,    46
44615.2037616,  0.49996,  5087,    45
44615.3337384,  0.08021,  3063,    44
44615.3399653,  0.41073, 16366,    60
44615.3772569,  0.25017, 63430,    59
44615.4055440,  0.45302, 28775,    47
44615.4415625,  0.37061, 63430,    60
44615.4756250,  0.96789, 45596,    47
44615.5133218,  0.76814, 20681,    44
44615.5280556,  0.64394, 49147,    46
44615.5693866,  0.06276, 27150,    47
44615.5721181,  0.47541,  3985,    59
44615.6100926,  0.39271, 28775,    46
44615.6276968,  0.83313, 48641,    47
44615.6709028,  0.94742,  1903,    56
44615.7029398,  0.55334, 25115,    48
44615.7560764,  0.80755,  9054,    46
44615.9365625,  0.26604,   799,    46
44615.9978819,  0.57206,  3985,    45
44616.0690856,  0.91574, 57787,    46
44616.1019213,  0.16169, 48611,    60
44616.1822917,  0.97288, 15230,    46
44616.4408218,  0.79281,  3098,    48
44616.4744560,  0.66916, 39171,    47
44616.4763079,  0.67756,  5087,    59
44616.4865394,  0.17978, 49147,    45
44616.5115856,  0.39237, 11703,    47
44616.5132986,  0.47774, 39310,    47
44616.5203125,  0.41479, 35842,    58
44616.5744213,  0.63343, 35842,    60
44616.6484722,  0.48849, 58376,    46
44617.0122685,  0.33475,  9177,    48
44617.0796759,  0.11266, 16366,    48
44617.1731366,  0.80855, 65333,    46
44617.2720602,  0.09019, 32926,    54
44617.3086458,  0.68846, 16366,    48
44617.3431944,  0.89130, 63474,    48
44617.3806713,  0.54177, 49147,    57
44617.4352199,  0.09187, 63474,    46
44617.5378935,  0.20973,  3985,    46
44617.5609606,  0.60876, 49147,   268
44617.6106713,  0.70499, 14085,    46
44617.6294792,  0.41904, 25974,    46
44617.6587384,  0.85221, 49147,    60
44617.7216088,  0.22699,  9177,    46
44617.7587153,  0.78700, 49147,    46
44617.7790625,  0.03806, 49147,    46
44617.8698264,  0.89783, 54846,    46
44618.0957407,  0.48465, 64382,    46
44618.1376157,  0.76804, 64382,    46
44618.1722454,  0.51969, 58721,    46
44618.1731366,  0.66088, 22563,    60
44618.2267245,  0.07970,  9177,    59
44618.2415046,  0.92366, 28775,    48
44618.2467593,  0.00934, 49147,    60
44618.4731829,  0.52360, 62925,    61
44618.5252546,  0.29923, 15886,    46
44618.5371759,  0.29136, 64382,    46
44618.5955093,  0.82233, 49147,    46
44618.6839583,  0.80627,  3098,    49
44618.6986458,  0.43766, 35842,    46
44618.6990278,  0.83222, 62925,    46
44618.8906713,  0.58692, 25061,    47
44618.9223958,  0.09350,  6713,    61
44619.0743287,  0.57196, 16580,    46
44619.0845370,  0.91698,  3063,    46
44619.1243866,  0.22305, 64382,    46
44619.2025347,  0.81429, 64382,    45
44619.2175116,  0.48796,  9177,    52
44619.3371181,  0.52024, 28775,    61
44619.3442245,  0.55917, 49147,    52
44619.3984375,  0.53469, 64382,    61
44619.4655556,  0.11546,  9177,    61
44619.5551042,  0.53911, 64382,    61
44619.5576852,  0.41047, 49147,    50
44619.5611111,  0.42468,  1903,    61
44619.6154630,  0.59378, 49147,    61
44619.7869560,  0.85127, 33774,    46
44619.9250000,  0.57252, 64382,    60
44619.9630903,  0.61351, 25061,    44
44620.0326042,  0.03821, 28775,    46
44620.0326852,  0.86371,  3098,    61
44620.0617245,  0.35313, 48641,    48
44620.1719329,  0.56505, 64382,    60
44620.2627778,  0.47697, 22496,    62
44620.3267477,  0.23522, 49147,    61
44620.3575000,  0.19224,  9177,    46
44620.3833912,  0.81753, 65333,    46
44620.3836227,  0.65875, 65333,    61
44620.3848148,  0.01471,  5087,    46
44620.4045023,  0.05950, 63474,    46
44620.4152778,  0.74258, 16366,    62
44620.4267824,  0.78645, 14369,    46
44620.4482176,  0.91403, 64382,    48
44620.4513079,  0.02755,  5087,    49
44620.5757986,  0.97406, 64382,    46
44620.6286690,  0.99050,  9177,    61
44620.7321991,  0.89913, 63474,    55
44620.7332639,  0.24285, 16580,    45
44620.7904630,  0.63191, 64382,    61
44620.8176968,  0.01466, 64382,    46
44620.8258565,  0.09060, 64382,    90
44620.8351736,  0.01740,  5087,    57
44620.9320602,  0.80056, 64382,    61
44620.9782176,  0.61327, 63474,    48
44621.2239583,  0.42446, 49147,    60
44621.2462500,  0.29618,  9054,    63
44621.3236690,  0.32460, 49147,    38
44621.3334838,  0.03958,  9054,    60
44621.3479630,  0.63069,  2524,    46
44621.3532176,  0.72117, 49147,    62
44621.4049190,  0.47884, 49147,    62
44621.4328356,  0.08460, 49147,    57
44621.4693634,  0.35337, 64382,    46
44621.5350231,  0.90268, 33774,    45
44621.5866782,  0.00828, 25869,    33
44621.6574653,  0.35887, 52062,    33
44621.6891782,  0.85123, 63430,    33
44621.7474769,  0.12130,   799,    33
44621.8191088,  0.17114,  7631,    37
44621.8926968,  0.40255,  9177,    32
44621.9326968,  0.63184, 28775,    33
