44543.5033796,  0.81818, 39327,     7
44543.5611574,  0.68231, 41868,    46
44543.5640509,  0.07937, 12368,    43
44543.6319213,  0.07555, 58292,    44
44543.6878125,  0.40888, 15695,    45
44543.7020486,  0.81191, 27293,    45
44543.8013310,  0.33607, 45737,    47
44543.8111458,  0.02412, 64825,    33
44543.8390162,  0.33120, 62086,     9
44543.8529514,  0.21739, 49147,    45
44543.8555440,  0.04978, 36435,    45
44543.9371065,  0.15329, 60792,    45
44543.9443403,  0.01577,  4171,    12
44543.9536690,  0.40485, 62086,    32
44544.0427778,  0.26918, 43381,    12
44544.1040509,  0.04651, 15613,    43
44544.1100926,  0.94826, 49147,    12
44544.1169792,  0.87542, 63430,    13
44544.1416435,  0.70288,  3985,    46
44544.2652431,  0.71183, 33774,    11
44544.3260532,  0.63595, 59852,    11
44544.3557176,  0.15487, 47779,    46
44544.3570139,  0.45393, 28775,    14
44544.3659259,  0.23349, 45596,    10
44544.3877431,  0.91874, 16366,    11
44544.3943171,  0.62572, 20999,    47
44544.4026157,  0.63700, 12678,    11
44544.4080671,  0.43279, 30864,    45
44544.4409491,  0.97415, 47595,     8
44544.4637500,  0.35745, 47129,    45
44544.5120949,  0.23829, 48611,    46
44544.5228819,  0.03470, 50789,    45
44544.6000347,  0.40963, 41546,    44
44544.6002546,  0.49608,  3063,    10
44544.6306134,  0.14285, 12678,    46
44544.6328588,  0.08534, 62573,    10
44544.6579977,  0.27729,  7657,    10
44544.6669097,  0.29772, 11664,    14
44544.6745139,  0.33360, 33838,    10
44544.6764583,  0.52972,  9054,    37
44544.8586921,  0.76583, 33038,    12
44544.8605440,  0.01406,  3985,    11
44544.8859722,  0.27789,  3063,    11
44544.9153935,  0.08006, 33652,    10
44544.9347454,  0.18060, 48641,    46
44544.9867130,  0.34680, 29280,    46
44545.0285880,  0.08016, 63474,    45
44545.1676736,  0.55620, 32926,    10
44545.2056019,  0.28224,  6713,    12
44545.2101736,  0.45696, 54846,    45
44545.2220255,  0.02050, 33774,    45
44545.2660880,  0.17153, 11396,    10
44545.2732523,  0.36434,   769,    11
44545.2826736,  0.36278,  7657,    44
44545.3033333,  0.61461, 10363,    10
44545.3170023,  0.18953,   799,    18
44545.3886921,  0.31862, 57204,    45
44545.4270949,  0.25133, 27293,    45
44545.4313657,  0.21062, 33038,    12
44545.5139236,  0.54177, 11396,    11
44545.5611458,  0.08698, 43796,    11
44545.5668287,  0.14537,  1291,    11
44545.6244213,  0.02333, 48641,    18
44545.6537847,  0.80188, 62925,    45
44545.6930903,  0.47162, 27150,    48
44545.6992245,  0.86711, 26078,    11
44545.7042130,  0.77234, 37199,    13
44545.7263426,  0.73787, 12678,    46
44545.7527199,  0.05928, 10363,    46
44545.7615394,  0.50726,  9447,    46
44545.7917245,  0.16831, 57204,    11
44545.7995023,  0.88715, 12678,    13
44545.8363542,  0.69945, 49147,    11
44545.8375694,  0.84170, 28775,    47
44545.8413889,  0.69854, 35373,    51
44545.9194444,  0.81244, 64382,    20
44545.9975810,  0.09350, 49147,    47
44546.0115625,  0.49922,  9177,    12
44546.0451389,  0.41913, 21170,    45
44546.0988426,  0.27045, 36894,    13
44546.1476736,  0.90201, 33123,    19
44546.2038889,  0.87594, 50380,    12
44546.2043634,  0.93071, 43080,    43
44546.2227778,  0.58260, 65333,    12
44546.2854630,  0.91194, 39056,    12
44546.3696644,  0.30134, 50144,    47
44546.3981713,  0.96282, 16580,    47
44546.4237616,  0.42273, 11396,    11
44546.4381250,  0.59455, 22052,    46
44546.5340741,  0.36029, 49662,    12
44546.5450347,  0.05686, 57814,    45
44546.5531944,  0.10622,  9177,    24
44546.5638889,  0.71131, 63474,    45
44546.6278472,  0.41404, 24453,    45
44546.6490162,  0.71805, 47779,     8
44546.6728704,  0.75410, 23579,    11
44546.6900231,  0.33569,  3063,    46
44546.7217130,  0.18974, 16366,    46
44546.7868287,  0.28279, 64382,    43
44546.9048148,  0.79835, 28775,    12
44546.9266667,  0.44664,  3098,    11
44546.9397454,  0.59661, 64382,    46
44546.9421759,  0.63883, 37199,    11
44547.0667824,  0.86318, 24838,    45
44547.0964236,  0.25015, 65525,    10
44547.1173958,  0.54048,  3985,    14
44547.1254745,  0.97778,  4114,    12
44547.1797222,  0.69088, 40977,    11
44547.2132755,  0.23280, 28775,    47
44547.2182523,  0.64658,  5087,    45
44547.2249769,  0.49648, 63430,    18
44547.2660532,  0.84494, 48611,    47
44547.3444213,  0.97924,  6713,    13
44547.4108102,  0.91713, 53243,    46
44547.4381019,  0.00365, 28775,    45
44547.4911806,  0.25701, 57787,    49
44547.4976157,  0.18482, 50144,    47
44547.4990509,  0.30216, 63430,    40
44547.5343056,  0.90090,  5087,    10
44547.5533565,  0.41822, 48347,    12
44547.5709259,  0.24050, 29280,    47
44547.5771991,  0.36818, 59852,    10
44547.6649769,  0.02266, 35842,    42
44547.6769560,  0.14222, 54653,    10
44547.7150231,  0.28245, 27150,    12
44547.7215509,  0.17441, 20429,    45
44547.7327083,  0.27638, 48611,    11
44547.7398727,  0.27005, 37199,    13
44547.7512847,  0.01572, 22386,    43
44547.8076852,  0.58658, 16366,    45
44547.8599190,  0.17875, 64382,    34
44547.8808333,  0.80961, 64825,    47
44547.9120370,  0.15201,  9792,    47
44547.9413079,  0.50268, 15230,    54
44547.9664931,  0.30446, 33182,    11
44548.0371181,  0.53688, 63430,    12
44548.0478241,  0.62707,  1291,    11
44548.0485995,  0.05465,  9177,    12
44548.1284722,  0.85175, 53243,    11
44548.1472338,  0.27667, 48685,    45
44548.1507755,  0.78477, 50144,    12
44548.1560648,  0.81307, 25115,    11
44548.2460648,  0.37363, 14369,    11
44548.2492130,  0.50092, 36809,    12
44548.3175926,  0.16817,  7657,    12
44548.3610185,  0.32244, 48611,    12
44548.3779745,  0.24948, 35373,    12
44548.4216667,  0.79891, 24453,    42
44548.4231366,  0.21307, 50380,    13
44548.4391319,  0.11645, 53243,    47
44548.5078819,  0.84187, 54653,    48
44548.5133796,  0.17717, 63558,    47
44548.5157407,  0.90287, 58857,    48
44548.6158333,  0.20976, 16580,    13
44548.6339699,  0.33705, 52650,    14
44548.7189352,  0.89860, 33123,    14
44548.7516435,  0.33859, 41459,    46
44548.7623611,  0.80721,  3985,    12
44548.7745949,  0.57211, 12678,    12
44548.7794444,  0.91209, 33914,    46
44548.7932407,  0.58269,  9177,    44
44548.7967824,  0.78820, 32926,    48
44548.9189815,  0.78974, 62925,    11
44548.9810417,  0.28219, 41868,    14
44549.0219676,  0.95517, 38764,    12
44549.0410995,  0.33240, 58376,    46
44549.0666435,  0.04531, 59852,    46
44549.0816667,  0.45388, 57787,    12
44549.0950347,  0.80793, 29280,    46
44549.2114005,  0.25123, 22055,    47
44549.2210301,  0.54028, 62086,    44
44549.2239120,  0.72770, 25315,    44
44549.2583912,  0.49149, 50789,    48
44549.2629282,  0.33708,  9234,    12
44549.3103241,  0.13118, 33774,    47
44549.4206944,  0.63345, 64797,    46
44549.4685995,  0.78911,  2524,    45
44549.5139699,  0.07970, 35834,    45
44549.6110880,  0.99808, 13268,    48
44549.6267130,  0.34860, 39327,    47
44549.6442593,  0.36965,  9792,    47
44549.7679514,  0.42902, 22563,    14
44549.8456829,  0.86020, 54442,    48
44549.9058218,  0.09050, 45562,    15
44549.9213194,  0.28884,  2524,    54
44549.9269213,  0.23628, 39327,    23
44549.9428935,  0.15561,  3098,    46
44549.9932292,  0.81139, 20828,    21
44550.0134722,  0.10922, 48611,    48
44550.0217477,  0.49236, 49147,    46
44550.0809375,  0.76305,   769,    12
44550.0902778,  0.10310, 28464,    47
44550.0914352,  0.16128,  9177,    48
44550.1066667,  0.13473, 16366,    13
44550.1775463,  0.90657, 44197,    13
44550.1974421,  0.72446,  3098,    47
44550.2139236,  0.04738, 65011,    46
44550.2405093,  0.01574,  5136,    11
44550.2423843,  0.23613,  3673,    25
44550.2534144,  0.66143, 65525,    47
44550.2897917,  0.59505, 36809,    12
44550.3736111,  0.66573, 65525,    45
44550.4449190,  0.73139, 17290,    48
44550.5011921,  0.37291, 27293,    46
44550.5018056,  0.71522, 27293,    12
44550.5641319,  0.88910, 33652,    48
44550.5675926,  0.94024, 16580,    11
44550.6138657,  0.36096, 42370,    11
44550.6392361,  0.01723, 17926,    49
44550.6814005,  0.14666, 25061,    46
44550.6836806,  0.78393,  3501,    12
44550.7271528,  0.79665, 36894,    47
44550.7466898,  0.10745, 25115,    11
44550.7829051,  0.21487, 35842,    13
44550.8770023,  0.07678, 29781,    47
44550.9059375,  0.70857, 28074,    12
44550.9320486,  0.13118, 57787,    15
44550.9392130,  0.90177, 42370,    12
44550.9401273,  0.75765, 30378,    48
44550.9853241,  0.09461, 25883,    46
44551.0087153,  0.79053, 27725,    13
44551.1440509,  0.80402, 15886,    47
44551.2955903,  0.52660, 27150,    12
44551.3352083,  0.97259, 57204,    46
44551.4874769,  0.60614, 28775,    45
44551.5184028,  0.71548, 11732,    49
44551.5751505,  0.85490, 57730,    13
44551.7112500,  0.83229,  1291,    12
44551.8693750,  0.29445, 53243,    14
44551.9094676,  0.13953, 48611,    21
44551.9111574,  0.25262, 27150,    47
44551.9629514,  0.96357, 64797,    49
44551.9871065,  0.76883, 36117,    12
44552.0465509,  0.99122, 41498,    41
44552.0584606,  0.85269, 28775,    46
44552.1070602,  0.08842, 47779,    12
44552.1627546,  0.97026, 63557,    48
44552.1761343,  0.47181,  6713,    14
44552.2748958,  0.82819, 39530,    15
44552.2769097,  0.90448,  3985,    12
44552.2907870,  0.59623, 57814,    49
44552.3341551,  0.22668, 49147,    49
44552.3740162,  0.85087, 24838,    12
44552.4045139,  0.30655, 59746,    11
44552.5079167,  0.25598, 16366,    15
44552.5631250,  0.13632, 57730,    54
44552.5831481,  0.27583, 62222,    49
44552.6537037,  0.44277, 41498,    50
44552.6788889,  0.28545, 49662,    49
44552.6814352,  0.04253, 53243,    48
44552.7277894,  0.52188,  5932,    23
44552.7435995,  0.47784,  3673,    59
44552.7783333,  0.54768,  9177,    30
44552.7831597,  0.10174, 63430,    24
44552.7969792,  0.82415, 15695,    58
44552.8018056,  0.01651,  2524,    60
44552.8022454,  0.98003, 53529,    25
44552.8106944,  0.74347, 16366,    58
44552.8238079,  0.88214, 20429,    57
44552.8523264,  0.56001, 64825,    23
44552.8728472,  0.20030, 11664,    25
44552.8734028,  0.77860, 36809,    25
44552.8975694,  0.19637, 64382,    59
44552.9084606,  0.04620, 49662,    61
44552.9645486,  0.13790, 11039,    25
44552.9907060,  0.49857, 21170,    58
44553.0090856,  0.75323, 11703,    29
44553.0195486,  0.18869, 20999,    23
44553.0738889,  0.08938, 48685,    25
44553.0963426,  0.77939, 33123,    49
44553.1026389,  0.44582, 53221,    24
44553.1033102,  0.57691,  4458,    25
44553.1219213,  0.80702, 65525,    25
44553.1232523,  0.15098, 10363,    59
44553.1432523,  0.36809, 15886,    58
44553.1832639,  0.51004,  5087,    60
44553.1836111,  0.60960, 36894,    57
44553.2173958,  0.70269, 41459,    59
44553.2231250,  0.44793, 48757,    45
44553.3014815,  0.94355,  6426,    25
44553.3454977,  0.24017,  4274,    60
44553.4098958,  0.41577,  5087,    24
44553.4168750,  0.49370, 62925,    59
44553.4220139,  0.81081, 49662,    59
44553.4639468,  0.75919, 35842,    60
44553.4646296,  0.45220, 25869,    25
44553.5128009,  0.82965, 64382,    53
44553.5382870,  0.62908, 57814,    60
44553.6170602,  0.04229, 47129,    23
44553.6195833,  0.12609,  1903,    59
44553.6441898,  0.57967,   769,    25
44553.6740856,  0.52970, 49662,    57
44553.6815509,  0.43994, 53243,    56
44553.7081944,  0.53371,  3098,    56
44553.7224537,  0.16034, 33123,    60
44553.8084028,  0.31267, 19926,    53
44553.8104745,  0.30360,  3098,    59
44553.8374421,  0.65932, 36894,    58
44553.9162153,  0.82864, 10162,    23
44553.9327662,  0.69446, 37710,    24
44553.9374306,  0.44988, 28464,    59
44553.9535185,  0.03811, 12901,    58
44554.0332292,  0.94110,  3985,    23
44554.0499421,  0.39153,  3098,    24
44554.0806481,  0.30828,  9447,    23
44554.0902546,  0.35678, 48641,    40
44554.0952083,  0.42427, 32926,    25
44554.1025463,  0.95558, 24453,    59
44554.1202083,  0.25769, 22055,    26
44554.1565856,  0.70197, 14085,    25
44554.1733912,  0.55620, 20681,    59
44554.1807523,  0.70149,  4274,    60
44554.1919792,  0.72513, 64877,    49
44554.1960417,  0.09866,  5136,    60
44554.1975694,  0.61773, 29280,    23
44554.1999653,  0.88214, 11664,    25
44554.2246296,  0.08328, 14369,    24
44554.2412153,  0.23006, 33652,    59
44554.2453819,  0.33914, 30864,    59
44554.2473843,  0.95070, 16580,    60
44554.2808333,  0.73756, 11396,    60
44554.2999653,  0.68140, 27150,    25
44554.3001389,  0.92183, 64382,    25
44554.3068866,  0.64756,  6713,    25
44554.3321296,  0.54069, 47129,    59
44554.3708218,  0.84549, 35449,    25
44554.3768981,  0.36641, 55861,    61
44554.3797685,  0.71786,  6193,    25
44554.4864815,  0.93710,  3673,    57
44554.5015046,  0.24633, 41868,    23
44554.5253472,  0.10610, 19739,    29
44554.6132870,  0.70675,   769,    59
44554.6567477,  0.23081, 63808,    60
44554.6838194,  0.05122, 62993,    60
44554.7334144,  0.69575,  1903,    24
44554.7655556,  0.60007,  5087,    24
44554.7915509,  0.97127, 28775,    32
44554.8710301,  0.70787, 11396,    58
44554.8853125,  0.67331, 42017,    49
44554.8904630,  0.22915, 39327,    60
44554.9216551,  0.70667, 43765,    60
44554.9248843,  0.09535,   769,    48
44554.9511458,  0.45252, 49147,    24
44555.0427431,  0.90580, 58626,    24
44555.0554167,  0.30547, 12368,    25
44555.0795370,  0.79855, 15695,    25
44555.0796065,  0.75422,  3985,    23
44555.1093981,  0.46932, 45186,    25
44555.1346412,  0.78679, 60236,    54
44555.1349190,  0.80399, 28464,    59
44555.1367130,  0.57897, 22055,    25
44555.1776273,  0.18396,  5087,    57
44555.2077546,  0.89289, 64877,    59
44555.2271528,  0.17582, 15886,    34
44555.2274306,  0.68995, 36894,    61
44555.2689699,  0.40824, 57787,    25
44555.3220602,  0.68774, 60236,    49
44555.4308333,  0.04975, 48641,    25
44555.4593750,  0.87611, 11664,    59
44555.4837153,  0.55778, 49662,    29
44555.5235069,  0.76334, 35834,    26
44555.6214931,  0.91331,  4985,    59
44555.6598495,  0.27761, 26975,    59
44555.6628241,  0.95594, 63474,    31
44555.6690278,  0.04632, 13268,    25
44555.7523264,  0.60415, 33038,    22
44555.7724421,  0.78587,  9792,    25
44555.7770023,  0.52999,  9054,    23
44555.8358681,  0.64226, 47595,    60
44555.8390741,  0.22973, 48611,    59
44555.8595718,  0.44148, 24838,    60
44555.8756250,  0.96112, 32926,    25
44555.9137616,  0.87074, 30266,    61
44556.1782870,  0.67096, 15695,    33
44556.2040509,  0.10236, 35842,    24
44556.2637963,  0.04937, 36894,    33
44556.3026736,  0.46888, 29717,    59
44556.4010069,  0.50846,  3985,    24
44556.4504977,  0.11659, 65011,    25
44556.4760648,  0.48854,  5239,    25
44556.5291319,  0.38620,  9177,    25
44556.5764815,  0.03874, 19278,    25
44556.5772106,  0.23148, 42017,    58
44556.5938079,  0.30943, 35842,    60
44556.6001505,  0.99729, 20058,    58
44556.6081944,  0.15741, 19739,    27
44556.6578819,  0.92464, 49147,    60
44556.7081713,  0.52790, 43617,    53
44556.7979051,  0.51247, 43381,    65
44556.8328472,  0.36192, 30076,    57
44556.8441435,  0.16740,  9447,    57
44556.8864236,  0.78062, 27245,    59
44556.9534491,  0.88958, 44372,    26
44556.9665278,  0.30446, 64851,    59
44557.0179977,  0.04958, 41868,    24
44557.0489815,  0.80411, 25061,    25
44557.1176620,  0.75415, 25869,    34
44557.1227894,  0.52874, 33123,    54
44557.1457523,  0.78993, 64851,    50
44557.2324306,  0.39115, 22705,    59
44557.2573727,  0.76977, 28775,    58
44557.2890741,  0.59109,  5087,    60
44557.4383565,  0.71395, 13972,    24
44557.4840741,  0.83251,  9177,    58
44557.5287616,  0.69897,  7631,    65
44557.5371875,  0.11866, 40977,    26
44557.6938657,  0.77006,  4985,    25
44557.7064005,  0.87926, 64797,    58
44557.7237847,  0.94067, 15230,    59
44557.7344097,  0.48741, 64382,    23
44557.7930787,  0.24285, 33774,    60
44557.8738079,  0.79857, 41459,    58
44557.8923148,  0.95577, 10162,    59
44557.8975926,  0.24381, 21915,    25
44557.9197917,  0.48988, 61970,    58
44557.9522917,  0.12864, 49147,    23
44557.9710532,  0.41164, 63430,    56
44558.1687847,  0.95733,  3098,    56
44558.1720486,  0.19747, 34069,    60
44558.1760532,  0.72883, 10363,    60
44558.2399884,  0.43922, 50542,    56
44558.2468519,  0.33288, 39530,    24
44558.3481597,  0.68371,  4985,    45
44558.3496065,  0.73187,  7657,    33
44558.3766088,  0.72532, 35842,    24
44558.4511458,  0.05654,  3098,    60
44558.5170255,  0.38851,  7657,    59
44558.5897222,  0.07846, 22563,    26
44558.5936921,  0.90825, 33412,    24
44558.6068403,  0.29489, 49147,    59
44558.6104745,  0.08729,  7657,    58
44558.6461343,  0.67403, 15886,    60
44558.6690856,  0.56608, 48685,    57
44558.6740741,  0.74258, 33182,    60
44558.6787153,  0.12250, 27725,    25
44558.6904514,  0.12173, 41498,    25
44558.7922917,  0.48835, 53243,    25
44558.8325810,  0.92942,   799,    24
44558.8617361,  0.48840, 43765,    62
44558.8659375,  0.82118, 54442,    24
44558.8820486,  0.22190, 43765,    66
44558.9293981,  0.97283, 33123,    54
44558.9375231,  0.64207,  9177,    66
44558.9589583,  0.03874, 16580,    58
44559.0068287,  0.59330, 18058,    58
44559.0652894,  0.58089, 59852,    59
44559.0655208,  0.65918, 62724,    57
44559.1107523,  0.90525, 30266,    60
44559.1227083,  0.98524, 47749,    68
44559.1493634,  0.32361, 49662,    26
44559.2477199,  0.52636, 20429,    25
44559.3253588,  0.15600, 35842,    24
44559.3961574,  0.13853, 33774,    48
44559.4556597,  0.89356,  9792,    59
44559.5204398,  0.23762, 58376,    57
44559.5265278,  0.23453,   769,    60
44559.7107060,  0.98668, 29280,    58
44559.7284259,  0.05489, 35449,    45
44559.7312037,  0.27998,  3985,    59
44559.7568866,  0.95937, 64797,    23
44559.8756597,  0.26803, 43324,    59
44559.9118171,  0.32481, 57787,    59
44559.9170370,  0.69578, 34852,    24
44559.9273495,  0.17724,  9550,    47
44559.9460648,  0.00720, 16366,    58
44559.9734722,  0.42856, 64382,    24
44560.0089699,  0.03854, 17926,    55
44560.0501389,  0.92462, 32926,    21
44560.0750463,  0.21835, 19278,    23
44560.0910764,  0.98469, 33182,    25
44560.1017130,  0.10901, 24838,   218
44560.1157523,  0.73869,  7433,    23
44560.1242477,  0.70963, 35842,    59
44560.1274884,  0.99381, 43796,    26
44560.1819444,  0.34689, 48641,    24
44560.1981019,  0.51847, 39310,    24
44560.2045370,  0.31946,  9054,    23
44560.2533912,  0.81753, 19739,    57
44560.2607292,  0.73019,   769,    59
44560.3047801,  0.84398, 41868,    59
44560.3084954,  0.23373, 33377,    31
44560.3092708,  0.96806, 33377,    23
44560.3327662,  0.34646, 33652,    59
44560.3452199,  0.66623, 53221,    57
44560.3533565,  0.86519, 16366,    58
44560.3759491,  0.95116, 45562,    55
44560.3766667,  0.35333, 45562,    21
44560.3768981,  0.51768, 26975,    23
44560.4447106,  0.28675, 15230,    23
44560.4863542,  0.67679, 30864,   160
44560.4875000,  0.30216, 30864,    56
44560.4899537,  0.61082,  9054,    25
44560.5063426,  0.41580, 15886,    24
44560.5248495,  0.58927, 57814,    53
44560.5249537,  0.71942, 28775,    60
44560.5256829,  0.44335, 57787,    24
44560.5259259,  0.30276, 57814,    58
44560.5266782,  0.71563, 33412,    32
44560.5875347,  0.07939, 47779,    51
44560.6196991,  0.75691, 63474,    59
44560.6774769,  0.99328,  9447,    58
44560.7021875,  0.73089, 25315,   108
44560.7024769,  0.39758, 25315,    58
44560.7097106,  0.37548, 28775,    23
44560.7557060,  0.73454, 47257,    54
44560.7573843,  0.58389, 62606,    55
44560.8038889,  0.27720, 33123,    58
44560.8265278,  0.22797, 32926,    23
44560.8272454,  0.63815, 27150,    58
44560.8907060,  0.41359, 60737,    21
44560.9509722,  0.94166, 17926,    22
44560.9655556,  0.32280, 32926,    45
44560.9878472,  0.08340, 49147,    24
44560.9905440,  0.97835, 30864,    58
44561.0125116,  0.88329,  9054,    25
44561.0196991,  0.34176, 16366,    23
44561.0246991,  0.72556, 65525,    23
44561.0284954,  0.30914, 62125,    22
44561.0674884,  0.63520, 57204,    32
44561.0787963,  0.93230, 62993,    34
44561.1051157,  0.79670, 33914,    23
44561.1422801,  0.12118, 47129,    57
44561.1492130,  0.70571, 32926,    59
44561.1677199,  0.44683, 32926,    56
44561.1951968,  0.71131, 62993,    21
44561.3090278,  0.25687, 28775,    57
44561.3596528,  0.03965, 35678,    22
44561.3723380,  0.62647,  6193,    50
44561.4403935,  0.02741, 50144,    23
44561.4873843,  0.00595, 30864,    58
44561.5461806,  0.78755, 12678,    23
44561.5513426,  0.76077, 18058,    24
44561.6204630,  0.23145, 49662,    32
44561.6675347,  0.19704, 10162,    57
44561.6794097,  0.74111, 19278,    24
44561.6827083,  0.18163,  5087,    58
44561.6839699,  0.79900, 49147,    58
44561.7006713,  0.19205, 48641,    23
44561.7526157,  0.46672, 61970,    32
44561.8206250,  0.56791, 27293,    58
44561.9875000,  0.53952,  9054,    23
44561.9891551,  0.21890, 64382,    33
44561.9928704,  0.31202, 12901,    24
44562.0104745,  0.77745, 57204,    57
44562.1213079,  0.60439, 35842,    57
44562.1546875,  0.85766, 65525,    56
44562.2211343,  0.51266, 36809,    24
44562.2381366,  0.41112, 14369,    39
44562.2866551,  0.62522, 49662,    57
44562.2999537,  0.51218, 33652,    58
44562.3572569,  0.43586, 63430,    58
44562.3948380,  0.09605, 48641,    57
44562.4016435,  0.70171, 49662,    34
44562.4040509,  0.92548,  9054,    27
44562.4732060,  0.81057, 62606,    66
44562.4970370,  0.91014,  2868,    57
44562.5541435,  0.86879,  1291,    58
44562.5710532,  0.19195, 47129,    59
44562.6092477,  0.68625,  8427,    23
44562.6684144,  0.20748, 33123,    56
44562.7979861,  0.05052, 45562,    57
44562.8060880,  0.49670, 33038,    56
44562.8114236,  0.16296, 11039,    25
44562.8230787,  0.58308, 58292,    22
44562.8281134,  0.64187, 29280,    22
44562.8309606,  0.31001, 41546,    65
44562.8323032,  0.77270, 29762,    56
44562.9682986,  0.24885, 28775,    32
44562.9716782,  0.55449, 39171,    34
44562.9729051,  0.67293, 16580,    25
44563.0019213,  0.27041, 18058,    65
44563.0369213,  0.24240, 46068,    57
44563.0835880,  0.54556,  7631,    23
44563.1197685,  0.08556,  4274,    27
44563.1721991,  0.24230, 33838,    57
44563.1892940,  0.65416, 62222,    53
44563.2015162,  0.66794, 55633,    50
44563.2209259,  0.23551, 33412,    43
44563.2390394,  0.77299,  9054,    21
44563.2464468,  0.75271, 20553,    44
44563.2508565,  0.60636, 59852,    56
44563.2548032,  0.93436,  5136,    58
44563.2661458,  0.39225, 25061,    57
44563.2804051,  0.00576, 22052,    23
44563.3486458,  0.32352, 63557,    24
44563.3844676,  0.77887,  6426,    22
44563.4518519,  0.90633, 33652,    59
44563.4936111,  0.11275,  9054,    58
44563.5285880,  0.35160, 36894,    58
44563.5335417,  0.87153, 26078,    58
44563.5728704,  0.33677, 15886,    26
44563.5810532,  0.81655, 12678,    58
44563.5887384,  0.56973, 13820,    62
44563.5920255,  0.91161, 48641,    22
44563.6159838,  0.02971, 20058,    56
44563.6314931,  0.65577, 25061,    22
44563.6761458,  0.64545, 19278,    21
44563.6816204,  0.46610, 50144,    34
44563.6892014,  0.54470,  3063,    23
44563.6937153,  0.92202,  9792,    72
44563.7108796,  0.00060,  9792,    58
44563.7638657,  0.78172, 41459,    23
44563.7813889,  0.24633,  5087,    59
44563.9236574,  0.45324, 24838,    58
44563.9285185,  0.07046, 62724,    23
44564.0358218,  0.58749, 14868,    49
44564.0359606,  0.79120, 14868,    26
44564.0367477,  0.00336, 14868,    56
44564.0653356,  0.32647, 43796,    22
44564.0922685,  0.69417, 63474,    56
44564.1139583,  0.29448, 28775,    57
44564.1160648,  0.72343, 45737,    58
44564.1394444,  0.08530, 14369,    21
44564.1502199,  0.99602,   799,    57
44564.1995718,  0.56868, 54188,    58
44564.2223032,  0.21353, 63430,    26
44564.2469213,  0.47148,  8427,    22
44564.3159259,  0.87163, 48641,    57
44564.3614583,  0.27509, 19926,    24
44564.4550463,  0.32520, 19926,    56
44564.5993056,  0.18633, 22055,    57
44564.6285069,  0.29409, 11703,    24
44564.6296412,  0.07325, 41868,    56
44564.6656019,  0.00163, 63474,    58
44564.6866204,  0.17321,  7657,    21
44564.7083449,  0.25781, 63430,    57
44564.7241435,  0.40392, 20553,    58
44564.7674884,  0.66791, 36894,    57
44564.8229514,  0.74863, 33838,    21
44564.8725810,  0.62644, 62993,    24
44564.8993519,  0.84376, 20999,    22
44564.9169560,  0.56277, 48685,    35
44564.9194097,  0.92654, 15886,    58
44565.0240625,  0.62567, 63474,    23
44565.0689699,  0.69112, 47779,    58
44565.1152778,  0.65356,  6426,    67
44565.1259838,  0.93148,  5239,    61
44565.1502431,  0.69287, 28775,    24
44565.2314120,  0.18821, 25315,    56
44565.2352546,  0.04968, 36894,    57
44565.2697685,  0.51331, 60737,    26
44565.2870255,  0.56524,  8427,    25
44565.3880093,  0.87921, 23579,    59
44565.4024190,  0.73615, 65525,    23
44565.4150579,  0.67533, 35678,    57
44565.4231481,  0.78124, 29717,    22
44565.4809954,  0.14153, 63808,    22
44565.5626852,  0.88005, 19278,    22
44565.5778472,  0.38052, 57787,    23
44565.5999769,  0.88103,  3985,    58
44565.6198958,  0.19771, 25883,    58
44565.6442824,  0.03019, 53221,    55
44565.6749653,  0.88012, 41459,    23
44565.6920139,  0.83644,  4114,    22
44565.6986690,  0.45960,  4114,    56
44565.7253125,  0.45264, 47129,    22
44565.7824074,  0.01570, 33774,    59
44565.7825463,  0.26558, 33774,   268
44565.8040625,  0.11472,  5136,    23
44565.8289236,  0.14261, 27725,    23
44565.8691782,  0.13017, 26078,    24
44565.8897338,  0.41193, 16366,    55
44565.9261343,  0.33845, 62573,    22
44565.9505093,  0.14157, 42711,    65
44565.9520602,  0.58368, 42711,    61
44565.9574074,  0.80894, 19739,    21
44566.1068750,  0.32733,  8427,    22
44566.1126968,  0.60871, 49717,    23
44566.1254051,  0.58065, 14369,    30
44566.1589699,  0.15729,  9054,    29
44566.1638426,  0.82706, 11869,    58
44566.2007870,  0.14407, 64825,    22
44566.2115625,  0.92505, 46068,    21
44566.2120255,  0.60772, 49147,    66
44566.2177778,  0.24715, 57730,    57
44566.2273264,  0.14021,  1903,    21
44566.2800463,  0.35637, 39310,    58
44566.3219097,  0.97890, 22563,    58
44566.3231019,  0.35611, 65011,    43
44566.3285532,  0.37279, 27150,    33
44566.3362037,  0.96429,  1903,    67
44566.4328472,  0.49257, 64072,    22
44566.4448264,  0.93743, 14085,    23
44566.4776157,  0.42093, 25061,    21
44566.5069097,  0.47755, 22496,    23
44566.5802778,  0.51321, 16580,    23
44566.5809028,  0.05911,  9792,    58
44566.6400926,  0.08743, 30076,    57
44566.6568056,  0.74555, 41459,    34
44566.7289352,  0.77294, 19926,    24
44566.7687847,  0.83349, 19739,    59
44566.8136806,  0.44971, 24453,    22
44566.8359259,  0.58068,  5087,    33
44566.8740741,  0.25565, 16366,    22
44566.9267130,  0.96767, 41459,    60
44566.9360301,  0.63621,  9177,    58
44566.9752662,  0.37327, 36809,    57
44567.0240509,  0.55735, 25869,    58
44567.0353588,  0.38433,  4274,    57
44567.1039815,  0.40802, 57204,    22
44567.1816667,  0.13382, 14369,    23
44567.1858218,  0.55495, 57954,    67
44567.2047685,  0.40977,  3985,    59
44567.2215741,  0.62246, 64382,    59
44567.3001042,  0.04711, 46068,    23
44567.4158449,  0.92584, 64382,    22
44567.4967593,  0.49046,  3098,    57
44567.5876852,  0.67461, 38183,    57
44567.6083565,  0.73631,   769,    22
44567.6807870,  0.55807, 29781,    82
44567.7123611,  0.23438, 28775,    59
44567.7533333,  0.28329, 28775,    23
44567.8733681,  0.52944, 42370,    63
44567.8790278,  0.33288, 19739,    26
44567.8903704,  0.01625,  3063,    26
44567.9958912,  0.24645, 28775,    60
44568.1277546,  0.16545,  5136,    27
44568.1336690,  0.38272, 57787,    27
44568.1362847,  0.60902, 15886,    62
44568.1703935,  0.07306,  9177,    62
44568.2156366,  0.11340, 15886,    59
44568.2677431,  0.54264, 53243,    59
44568.3104514,  0.85358, 28775,    62
44568.3137847,  0.44088, 30864,    59
44568.3241782,  0.77944, 53349,    61
44568.3421181,  0.29837,  1903,    36
44568.3554514,  0.86450,  9177,    28
44568.3624769,  0.82245, 27293,    56
44568.3680787,  0.68407, 48757,    69
44568.3924074,  0.16886, 39056,    61
44568.4037616,  0.97682,  6713,    63
44568.5220602,  0.14021, 22055,    61
44568.5277894,  0.56424,  5239,    62
44568.5855208,  0.30629, 12678,    26
44568.6588079,  0.50560, 49147,    60
44568.6604167,  0.25397, 40977,    33
44568.6821759,  0.22843, 47129,    27
44568.6980208,  0.58392, 12678,    27
44568.7105208,  0.21480, 49662,    64
44568.7209606,  0.19994, 49147,    45
44568.8412384,  0.03343, 11664,    61
44568.8652199,  0.72369, 48611,    53
44568.9102778,  0.73667, 29717,    62
44568.9370949,  0.87590, 30266,    74
44568.9387963,  0.05390, 19739,    61
44568.9855787,  0.02734, 45596,    61
44569.0176968,  0.33209, 33774,    27
44569.0189005,  0.11150, 64877,    32
44569.0388889,  0.93623, 28464,    59
44569.0753009,  0.99069, 20058,    61
44569.0775926,  0.12525, 63808,    25
44569.0792014,  0.47899, 33838,    63
44569.0966782,  0.30849, 36809,    60
44569.2028935,  0.73744, 48641,    27
44569.2032407,  0.51506,  1291,    62
44569.2206944,  0.12749, 47779,    38
44569.2228472,  0.29522, 62222,    27
44569.2269444,  0.75417, 49662,    63
44569.2292245,  0.49884,  4171,    60
44569.2325116,  0.61675, 64851,    53
44569.2522454,  0.07536, 24453,    27
44569.2535764,  0.65467,  1903,    68
44569.2637037,  0.66815, 63558,    50
44569.3535185,  0.19581, 27245,    62
44569.3854861,  0.21938, 28775,    25
44569.4072338,  0.26947, 12368,    36
44569.4754398,  0.37188, 15613,    62
44569.5104167,  0.52910, 41546,    47
44569.5171528,  0.20832,  7657,    27
44569.5243403,  0.22464,  4985,    26
44569.5929282,  0.98865, 20999,    62
44569.5967940,  0.26157,  4274,    27
44569.6461921,  0.72806, 30378,    26
44569.6641204,  0.61768, 15898,    27
44569.6757292,  0.93950,  1291,    61
44569.6781134,  0.47868, 33914,    62
44569.6839005,  0.60100,  3985,    62
44569.6865972,  0.57902,  3673,    26
44569.7091782,  0.33669, 64382,    62
44569.7260301,  0.63081, 10363,    63
44569.7316204,  0.45643, 28775,    31
44569.7712269,  0.83716, 24838,    61
44569.7752662,  0.54588, 41868,    58
44569.8899537,  0.70895, 15898,    27
44569.8932639,  0.35493, 39310,    35
44569.9116435,  0.11830, 49147,    27
44569.9404514,  0.49094,  3098,    62
44569.9754977,  0.46080, 63474,    61
44569.9808912,  0.30045, 61402,    62
44570.0798843,  0.26457, 33412,    27
44570.1286921,  0.31027,   769,    63
44570.1651852,  0.69067, 22052,    63
44570.2768056,  0.97754, 61402,    61
44570.2814699,  0.82622, 34467,    57
44570.2839352,  0.63767, 49040,    26
44570.3414815,  0.58336, 53221,    62
44570.3505556,  0.61584,  3673,    26
44570.3656944,  0.40521, 36809,    60
44570.3823843,  0.85444, 29418,    27
44570.4086806,  0.11270,   799,    62
44570.4444097,  0.33348, 61249,    27
44570.4702199,  0.65539,  1903,    26
44570.5010880,  0.17630, 20429,    63
44570.5272454,  0.34956, 36676,    27
44570.5999306,  0.18905, 36809,    36
44570.6042014,  0.65231, 33412,    61
44570.6310764,  0.63419,  9792,    62
44570.6396875,  0.64514, 33038,    26
44570.6648264,  0.44016, 48757,    27
44570.7643519,  0.81436, 15886,    61
44570.7781713,  0.77464, 43551,    61
44570.8342130,  0.74296, 11396,    28
44570.8559606,  0.78830, 60792,    62
44570.8824653,  0.93561, 15695,    63
44571.0304282,  0.04486, 62606,    62
44571.1532523,  0.30079, 63430,    27
44571.1704398,  0.34874, 39327,    29
44571.1908681,  0.44284, 45186,    26
44571.2576505,  0.53870, 54846,    27
44571.2602894,  0.86743, 20681,    29
44571.2654167,  0.99525, 41868,    34
44571.3287731,  0.36861, 30076,    27
44571.3918866,  0.23280, 34523,    62
44571.4223148,  0.56186,  3985,    34
44571.4362269,  0.88502, 20553,    28
44571.4664815,  0.19553, 53529,    27
44571.4768519,  0.67411, 16366,    30
44571.4830903,  0.18475, 35834,    61
44571.5244213,  0.16829, 41860,    62
44571.5328704,  0.14220, 63558,    28
44571.6470486,  0.84441, 63474,    56
44571.7137847,  0.23671, 28775,    61
44571.7284259,  0.19207,  3098,    61
44571.8264815,  0.73739, 19739,    62
44571.8319792,  0.01459, 42017,    73
44571.8395949,  0.55024, 36676,    27
44571.8523380,  0.28353, 33838,    26
44571.8540046,  0.87779, 65333,    70
44571.8874306,  0.46132, 65525,    27
44571.8958102,  0.75916,  1903,    37
44571.8963426,  0.96659, 42370,    28
44571.9217708,  0.98090, 50144,    28
44571.9270718,  0.72563, 19278,    27
44571.9743866,  0.94482, 54846,    26
44571.9858681,  0.39513, 22496,    61
44572.0333449,  0.77356,  9177,    61
44572.0405556,  0.49236, 36809,    62
44572.0542361,  0.84278,  6193,    26
44572.0600463,  0.60801,  4274,    27
44572.0789120,  0.47848,  9792,    73
44572.0855903,  0.91631, 35449,    28
44572.1006019,  0.49992, 62222,    26
44572.1565509,  0.86836, 45186,    60
44572.1656944,  0.77548, 16580,    28
44572.2443634,  0.36497, 14369,    27
44572.2927431,  0.39552, 29526,    61
44572.2949653,  0.41071, 50144,    61
44572.3584144,  0.84631, 25974,    27
44572.4462731,  0.20100, 48611,    61
44572.4758912,  0.83959, 33123,    62
44572.4938079,  0.08700, 62125,    62
44572.5124074,  0.60520,  3098,    26
44572.5391667,  0.45739, 25061,    61
44572.5568403,  0.55300, 58721,    28
44572.5935648,  0.22116, 42370,    26
44572.6119444,  0.41064,   769,    60
44572.6138657,  0.47731,  7657,    28
44572.6325694,  0.04080, 21831,    57
44572.6432407,  0.19550, 34467,    29
44572.6642477,  0.13533, 41868,    61
44572.6670023,  0.30984, 63557,    62
44572.6719676,  0.86155, 15695,    27
44572.7599769,  0.46065, 57814,    28
44572.7923380,  0.94240, 39327,    27
44572.8407523,  0.12643, 40977,    30
44572.8532986,  0.10771, 22496,    62
44572.9058218,  0.72741, 49147,    27
44572.9194792,  0.03113, 48641,    62
44572.9270023,  0.67264, 39056,    60
44572.9805787,  0.89750, 14369,    61
44572.9932870,  0.41340, 33914,    28
44573.0142708,  0.13205, 49147,    29
44573.0409028,  0.94214, 64382,    29
44573.0528009,  0.79437, 16366,    62
44573.0733218,  0.18453, 12678,    63
44573.0743171,  0.90875, 32926,    63
44573.1867245,  0.21588, 32926,    29
44573.1975347,  0.00530,  5087,    36
44573.2061343,  0.53846,  3098,    63
44573.2339815,  0.30276, 50789,    60
44573.2705671,  0.69969, 41860,    62
44573.3826042,  0.77224,  9177,    28
44573.4202315,  0.26095, 37199,    28
44573.4419097,  0.19632, 20999,    58
44573.4521412,  0.70619, 64382,    28
44573.4528009,  0.59834,  9177,    61
44573.4744213,  0.15468, 42857,    27
44573.4760301,  0.29088,  4114,    30
44573.4932060,  0.88670, 41868,    62
44573.5087963,  0.69556, 58857,    62
44573.5191782,  0.31821, 25061,    27
44573.5505556,  0.19320, 57787,    63
44573.6280208,  0.81249, 16580,    27
44573.6822454,  0.49000, 35678,    56
44573.7302431,  0.50479, 46068,    27
44573.7410764,  0.30463, 29280,    25
44573.7501157,  0.24158, 58721,    54
44573.7863310,  0.61303, 28775,    27
44573.8067477,  0.68903,  6426,    62
44573.8200116,  0.31241, 63474,    62
44573.8246296,  0.29021, 12368,    60
44573.8379398,  0.66175, 16366,    27
44573.8472917,  0.30991, 23579,    61
44573.8532755,  0.95517, 48641,    28
44573.8553125,  0.28003,  3098,    64
44573.8699306,  0.12600, 23579,    28
44573.8971296,  0.64022, 62222,    63
44573.9087731,  0.95224, 35842,    61
44573.9384491,  0.09749, 45186,    36
44573.9391667,  0.00161, 63474,    45
44573.9911227,  0.61418, 28775,    58
44574.0816551,  0.11762, 63430,    26
44574.0946528,  0.41772,  6193,    59
44574.1381366,  0.22070, 24453,    27
44574.1709954,  0.97811,  3985,    27
44574.1896065,  0.40548, 15230,    62
44574.2516088,  0.99808,  3098,    26
44574.2651620,  0.38121, 63474,    61
44574.3326157,  0.19790,  2868,    27
44574.3589699,  0.59803, 20681,    49
44574.3815741,  0.91886, 59852,    62
44574.4449769,  0.66422, 39056,    61
44574.5013773,  0.42871, 49662,    28
44574.5673843,  0.24365, 21170,    63
44574.6059491,  0.55248,  5087,    28
44574.6478241,  0.53474, 57787,    62
44574.7235417,  0.22965, 53243,    64
44574.7359954,  0.78196, 24838,    62
44574.8482292,  0.95961, 53221,    35
44574.8498032,  0.78405, 63474,    61
44574.8659838,  0.38056, 34523,    26
44574.9217593,  0.90698, 42857,    62
44574.9306597,  0.27321, 41812,    61
44575.0291319,  0.61238,  6193,    62
44575.0750694,  0.90225, 19739,    62
44575.0811111,  0.46027, 12678,    62
44575.0931713,  0.27828, 32926,    62
44575.0969560,  0.51285, 65011,    56
44575.1549653,  0.88490, 22052,    31
44575.2615972,  0.41462, 57787,    28
44575.3303356,  0.26201, 41812,    27
44575.3561574,  0.46804, 36894,    63
44575.3620139,  0.31728, 33774,    62
44575.3870486,  0.92078, 55633,    61
44575.3892708,  0.99390, 62993,    59
44575.3923727,  0.31125, 64382,    52
44575.4091551,  0.90604, 37710,    39
44575.4994907,  0.81359,  6193,    27
44575.5005787,  0.99981,  9234,    27
44575.5298958,  0.72381, 24358,    63
44575.5547222,  0.39513,  5087,    32
44575.6506597,  0.57369,   799,    27
44575.6740394,  0.42297, 49662,    39
44575.7104977,  0.25589,  1903,    62
44575.7334259,  0.15312, 41868,    62
44575.7426042,  0.49910, 14369,    27
44575.7932060,  0.46267,  3673,    29
44575.8028009,  0.55860, 15886,    62
44575.8116088,  0.39969, 22052,    62
44575.8172685,  0.09005,  6426,    29
44575.8240741,  0.57345, 62222,    61
44575.8485185,  0.39249, 30266,    28
44575.8600000,  0.07656, 30864,    62
44575.8992708,  0.88674,  1291,    25
44575.9263310,  0.28166, 29280,    62
44575.9365509,  0.29076, 57787,    63
44575.9963773,  0.51283, 58857,    60
44576.0147569,  0.17167, 65011,    27
44576.1102431,  0.30763, 21170,    29
44576.1275694,  0.09077,  9177,    63
44576.1453819,  0.22142, 33377,    60
44576.1496065,  0.83920, 17290,    62
44576.2278472,  0.90220, 52062,    26
44576.2360417,  0.13161,  5239,    27
44576.2823611,  0.97528, 55633,    26
44576.2920255,  0.51986,  9447,    28
44576.3455787,  0.10994, 33123,    28
44576.4004398,  0.25723, 41868,    63
44576.4567593,  0.35877, 14369,    30
44576.5164236,  0.86925, 37291,    27
44576.5468519,  0.58538, 39056,    62
44576.5520718,  0.74095,  3985,    62
44576.5824537,  0.88595, 61249,    63
44576.5996991,  0.09562, 10363,    61
44576.6534722,  0.51835, 49040,    61
44576.6732523,  0.49308, 53243,    30
44576.6864931,  0.80668, 64382,    61
44576.7367708,  0.82975, 17290,    27
44576.7751042,  0.46888, 39056,    62
44576.7778819,  0.35544, 33838,    62
44576.7786458,  0.72511, 64877,    62
44576.7812616,  0.63796,  3098,    63
44576.8165278,  0.17186, 28775,    62
44576.8267940,  0.36091, 50144,    61
44576.9151968,  0.32942, 48641,    69
44576.9376389,  0.56409, 48641,    35
44576.9601157,  0.86942, 60792,    60
44577.0502431,  0.99465, 37199,    28
44577.1055208,  0.04238,  3098,    26
44577.1171065,  0.45660,  4114,    52
44577.1623380,  0.33173, 10162,    37
44577.1810764,  0.11054,  1291,    25
44577.1952315,  0.36895,  3673,    28
44577.2063889,  0.07061, 43080,    64
44577.2524421,  0.87758, 45596,    28
44577.3151042,  0.95918, 37468,    33
44577.3192940,  0.56239, 17290,    61
44577.4187731,  0.59107,  6426,    28
44577.4587384,  0.18199, 39171,    62
44577.4634144,  0.68109, 63474,    29
44577.4734954,  0.46663, 16366,    27
44577.4848495,  0.84098,  9234,    65
44577.4879398,  0.06660,  3063,    61
44577.4897106,  0.79084, 60792,    28
44577.5235185,  0.09778, 43765,    61
44577.6049884,  0.67883, 27910,    62
44577.6204398,  0.49687, 10363,    33
44577.6560417,  0.12511, 29280,    26
44577.7040741,  0.04474, 63474,    61
44577.7478935,  0.51088, 39327,    60
44577.7749421,  0.81861, 22052,    27
44577.7833796,  0.67000, 45186,    27
44577.7959375,  0.06247, 49147,    26
44577.8030903,  0.82886, 20999,    62
44577.9021644,  0.27581, 63474,    61
44577.9101852,  0.91302, 33377,    53
44578.0103472,  0.80015,  9792,    63
44578.0250694,  0.60412, 40977,    27
44578.1220949,  0.34483, 27910,    62
44578.1407523,  0.17071, 15695,    61
44578.2216551,  0.10730, 29762,    62
44578.3036227,  0.42933,  6426,    27
44578.3634722,  0.97454, 15695,    27
44578.3667477,  0.42964, 20429,    55
44578.3711111,  0.77942, 24358,    61
44578.3901736,  0.58641, 62993,    61
44578.4092361,  0.40262, 64382,    63
44578.4096181,  0.35069, 33914,    27
44578.4387269,  0.34973, 53243,    59
44578.5498264,  0.60669, 45596,    62
44578.6020139,  0.44232, 42857,    62
44578.6128356,  0.76831, 24358,    62
44578.6643287,  0.10063, 57814,    61
44578.6884028,  0.78331,  9177,    27
44578.7005093,  0.12636, 15886,    63
44578.7540856,  0.02990, 23579,    28
44578.7637500,  0.14721,   769,    28
44578.7660532,  0.52077, 49662,    62
44578.7968056,  0.27062, 57730,    62
44578.7970949,  0.61531, 25315,    61
44578.8213773,  0.51177,  3501,    60
44579.0457986,  0.94814,   799,    62
44579.0755787,  0.67646,   769,    58
44579.0776042,  0.86783,  5239,    26
44579.1570486,  0.12813, 53349,    26
44579.2357639,  0.15521, 24838,    28
44579.2520486,  0.53083, 43765,    26
44579.3147685,  0.53755, 64072,    62
44579.3253009,  0.48811, 45596,    26
44579.3876273,  0.47395,  2524,    60
44579.3934375,  0.96609,  9234,    62
44579.4016435,  0.68174, 28775,    27
44579.4390046,  0.66307, 22386,    27
44579.4528125,  0.18134, 29280,    25
44579.4817824,  0.75004, 27245,    29
44579.4966551,  0.47244, 27293,    59
44579.5515046,  0.52929, 48641,    27
44579.5918403,  0.70079, 57730,    26
44579.6955324,  0.88734, 63430,    59
44579.7069676,  0.81784, 14085,    34
44579.7258565,  0.02575, 15886,    30
44579.7530903,  0.54463, 40977,    28
44579.7668750,  0.39607, 28775,    41
44579.7952662,  0.89334, 57204,    28
44579.8017245,  0.24857, 33038,    28
44579.8125579,  0.41978, 57787,    48
44579.8288079,  0.37692,  7657,    34
44579.8378125,  0.11976, 17926,    62
44579.8496181,  0.07325, 22052,    26
44579.9235069,  0.12986, 62086,    60
44580.0519097,  0.44064, 64851,    62
44580.0946991,  0.16154,  3063,    39
44580.0997106,  0.37308, 36894,    61
44580.1024653,  0.85435, 10363,    26
44580.1425347,  0.86606,  9447,    27
44580.1571296,  0.47664, 52650,    61
44580.1575347,  0.64041, 42370,    26
44580.1895255,  0.09749,  9177,    26
44580.1952778,  0.39746, 33182,    26
44580.2683449,  0.68131,  5087,    63
44580.3139236,  0.24845, 49147,    27
44580.3363773,  0.32450, 28775,    26
44580.3666551,  0.19555, 26975,    62
44580.3908796,  0.89620,  3098,    62
44580.4172454,  0.01805, 62222,    26
44580.4563079,  0.56162, 41498,    62
44580.4965856,  0.46468, 14369,    72
44580.4983333,  0.39261, 33914,    34
44580.5209144,  0.96995, 62086,    27
44580.6744792,  0.75753, 54188,    61
44580.6911343,  0.03938, 59852,    27
44580.7031134,  0.34769,   769,    63
44580.7499537,  0.04625, 17290,    25
44580.7503472,  0.52509, 50789,    27
44580.7820255,  0.39758, 63808,    27
44580.7871065,  0.02705, 29526,    62
44580.7894560,  0.87609,  8427,    55
44580.7977199,  0.18413, 64877,    60
44580.8036458,  0.63662, 53221,    26
44580.8262963,  0.32229,  2524,    29
44580.8441319,  0.60684, 29280,    25
44580.8572917,  0.36257,  9177,    26
44580.8617361,  0.97790, 13268,    61
44580.8902894,  0.80505, 57954,    31
44580.9830556,  0.04358, 28775,    26
44581.0228704,  0.07769, 50542,    34
44581.0468981,  0.02822, 35842,    62
44581.0686690,  0.54823, 28464,    41
44581.1393519,  0.12984, 62125,    62
44581.1548148,  0.55831, 48685,    28
44581.1925810,  0.72698, 53243,    30
44581.2262037,  0.79857, 64382,    26
44581.2291088,  0.59692, 57204,    27
44581.3557176,  0.20717, 22052,    61
44581.4096875,  0.11210, 22052,    61
44581.5242130,  0.98246,  3985,    59
44581.5279282,  0.52776,  3063,    28
44581.5388079,  0.09689, 63474,    25
44581.5518519,  0.89750,  4458,    26
44581.5605556,  0.66151, 62724,    67
44581.6031481,  0.04193,  7433,    63
44581.6909606,  0.24905,  3063,    43
44581.7196065,  0.29666, 25869,    27
44581.7723032,  0.86169, 27245,    26
44581.8038889,  0.49766,  9177,    61
44581.8217361,  0.56419, 39327,    28
44581.8921181,  0.04646, 15613,    63
44581.9187037,  0.88230, 57204,    27
44581.9477662,  0.59599, 20429,    61
44581.9690741,  0.81441,  4274,    61
44581.9730324,  0.87244, 36676,    43
44582.0981944,  0.93993, 60737,    60
44582.1549537,  0.25493, 44680,    61
44582.2250231,  0.72799, 65011,    60
44582.2381134,  0.35258, 50789,    26
44582.2409259,  0.83493, 62993,    61
44582.2796412,  0.23033, 53529,    60
44582.3015972,  0.80486, 29280,    25
44582.3309606,  0.78415, 58376,    62
44582.3543981,  0.61833, 11039,    60
44582.3551620,  0.71318, 60792,    27
44582.3588773,  0.71755, 35449,    62
44582.3649884,  0.18631, 27150,    62
44582.5162269,  0.44236, 45186,    61
44582.5671759,  0.64231, 23262,    29
44582.6112384,  0.92291, 10162,    27
44582.6147106,  0.87326, 25974,    44
44582.6181944,  0.23419, 59852,    28
44582.7111111,  0.59044, 11664,    28
44582.7704282,  0.82346, 63430,    59
44582.7988310,  0.39398, 57730,    62
44582.8643519,  0.19478, 57787,    61
44582.9907639,  0.51756, 48757,    29
44583.0269792,  0.78938, 63430,    62
44583.0958796,  0.80121, 27150,    61
44583.1216551,  0.86008, 35842,    62
44583.1602894,  0.92946, 38355,    25
44583.1746875,  0.66652, 58721,    62
44583.1866088,  0.93129, 11703,    26
44583.2690972,  0.84369,  5087,    28
44583.2978935,  0.64003, 59746,    26
44583.3073148,  0.86241,  3985,    25
44583.3078009,  0.30665, 25061,    26
44583.4582986,  0.13694, 37199,    27
44583.5236458,  0.92927, 25061,    26
44583.5633218,  0.37932, 22055,    28
44583.5805208,  0.34022, 64797,    28
44583.6112616,  0.14510, 48685,    62
44583.6152315,  0.22958, 27150,    63
44583.6312963,  0.67833, 33838,    26
44583.6915972,  0.59745, 64797,    62
44583.7401620,  0.41810, 30864,    30
44583.7723264,  0.87103, 16366,    33
44583.7976736,  0.84739, 26975,    62
44583.8458218,  0.56503, 24358,    61
44583.8531019,  0.89961, 29781,    61
44583.8657523,  0.89865, 64382,    26
44583.9164236,  0.69542, 52650,    27
44583.9217940,  0.79528,  3985,    27
44584.0365972,  0.85991, 58857,    51
44584.0423495,  0.13401, 24358,    26
44584.0794444,  0.77553,  6426,    26
44584.1029167,  0.60038, 16366,    25
44584.2095486,  0.02059, 21831,    28
44584.2357407,  0.73173, 63430,    27
44584.2576505,  0.65121,  9054,    28
44584.2754167,  0.82151, 61249,    56
44584.2833912,  0.29729, 11869,    62
44584.3124074,  0.66129, 33377,    27
44584.4437153,  0.21420, 37710,    25
44584.4554514,  0.02198, 25061,    61
44584.4833912,  0.67312, 58721,    26
44584.5096875,  0.82372, 65011,    62
44584.5100231,  0.91062,  7657,    61
44584.5196875,  0.25776, 65525,    28
44584.5693750,  0.02076, 35834,    26
44584.5912037,  0.13161, 53349,    28
44584.6239236,  0.90954, 10363,    63
44584.7753935,  0.45772, 49147,    61
44584.8132407,  0.56563,   799,    62
44584.8542014,  0.26817, 48611,    63
44584.8548843,  0.18086, 54653,    61
44584.8664352,  0.38594, 11039,    62
44584.9923032,  0.94293,  3985,    63
44584.9993056,  0.19430, 17926,    61
44585.0312384,  0.10126, 27725,    62
44585.1063194,  0.17280, 58376,    60
44585.1094213,  0.46312,  9550,    36
44585.1112963,  0.25709, 17498,    37
44585.1610995,  0.09775, 65525,    27
44585.2138079,  0.12012, 15886,    27
44585.3106019,  0.14045, 57814,    70
44585.3446065,  0.55596, 28775,    62
44585.3580208,  0.63928, 49662,    27
44585.3714583,  0.57907, 22563,    27
44585.3883912,  0.99952,  5136,    21
44585.4020370,  0.45300,  5087,    27
44585.4758333,  0.98966, 10363,    28
44585.5213310,  0.33542,  9550,    61
44585.5302894,  0.43173, 63474,    26
44585.5423148,  0.87827, 15230,    60
44585.5560532,  0.30641, 48757,    51
44585.6203704,  0.52389, 22055,    61
44585.6261574,  0.73905, 58190,    60
44585.6346296,  0.59404, 14085,    62
44585.6395023,  0.30336, 21831,    61
44585.6551505,  0.86680, 28775,    61
44585.6707755,  0.07267,  1291,    26
44585.6869444,  0.06235, 30864,    61
44585.7329861,  0.72988, 10162,    25
44585.7485648,  0.34327, 27150,    25
44585.7664699,  0.55305, 63557,    61
44585.8782639,  0.46368, 64797,    61
44585.9410532,  0.19401, 41498,    61
44585.9490046,  0.40708,  9447,    60
44585.9702894,  0.30038,  3063,    61
44585.9754282,  0.07920, 11039,    62
44585.9954514,  0.23313, 63474,    62
44585.9969329,  0.32148, 24358,    61
44586.0277083,  0.38246,  3985,    52
44586.0661690,  0.31965,  5136,    61
44586.0713310,  0.25603, 15695,    25
44586.0987616,  0.37588, 42017,    61
44586.1167824,  0.23678, 45562,    27
44586.1290625,  0.42240, 33377,    55
44586.1701736,  0.07325, 23262,    63
44586.1791667,  0.36801,  1291,    61
44586.2276389,  0.15633, 45186,    62
44586.2553356,  0.84981, 54846,    62
44586.2778588,  0.69815, 39056,    60
44586.3223264,  0.79473, 64797,    61
44586.4537153,  0.37205,  9550,    63
44586.5438426,  0.12110, 39171,    49
44586.5463079,  0.86594, 48611,    25
44586.5879745,  0.85521, 64382,    27
44586.6096296,  0.30662, 63474,    28
44586.6134606,  0.23762, 39327,    58
44586.6267014,  0.20306,  2524,    26
44586.6573148,  0.24881,  3673,    62
44586.7688657,  0.48722,  9234,    26
44586.8218634,  0.98303, 28464,    63
44586.8223380,  0.75974, 20058,    25
44586.8623958,  0.15511, 63430,    63
44586.9060301,  0.42237, 29280,    32
44586.9205787,  0.09569, 62925,    64
44586.9353356,  0.41661, 39327,    62
44586.9537731,  0.91797, 63808,    26
44586.9685301,  0.78011, 64382,    62
44586.9820718,  0.26685, 15695,    62
44587.0443287,  0.17945, 47129,    39
44587.0745486,  0.52296, 15886,    27
44587.1706597,  0.99830, 14369,    26
44587.1999074,  0.13317, 20681,    33
44587.2293866,  0.25202, 43324,    62
44587.2894907,  0.10272, 32926,    61
44587.3749074,  0.45600, 47595,    62
44587.4083912,  0.36242,  3063,    33
44587.4207407,  0.83894, 48641,    59
44587.4710185,  0.77995, 33914,    63
44587.5874421,  0.47404, 38183,    62
44587.6851273,  0.64883, 65011,    39
44587.7085417,  0.01596, 47257,    48
44587.7108912,  0.33007, 27150,    25
44587.7401157,  0.47318, 30266,    72
44587.7511458,  0.57602, 28775,    26
44587.7690625,  0.39484, 28775,    26
44587.7992593,  0.62959, 62573,    36
44587.8018750,  0.47719, 11039,    63
44587.8344792,  0.53956, 20900,    27
44587.8724421,  0.50834, 32926,    36
44587.8792824,  0.05438,  9177,   303
44587.9212269,  0.01867, 64797,    28
44587.9530324,  0.98766, 29653,    62
44587.9634375,  0.03480, 60236,    63
44588.0093056,  0.54840, 15886,    26
44588.1222917,  0.25987, 24838,    59
44588.1609838,  0.23534,  1291,    58
44588.1694560,  0.08467, 61249,    27
44588.2241898,  0.86728, 20900,    61
44588.2335069,  0.79583, 41860,    26
44588.3109722,  0.71995, 39056,    65
44588.3220833,  0.99220, 63430,    26
44588.3799306,  0.82559, 54188,    61
44588.3977431,  0.60316, 28775,    27
44588.4400810,  0.72278, 10162,    62
44588.4674190,  0.89152, 36809,    25
44588.4890972,  0.24480, 30864,    27
44588.5685069,  0.35354, 48611,    61
44588.5685648,  0.58178,  5087,    62
44588.5699769,  0.67497, 62573,    26
44588.5803125,  0.41700, 40977,    62
44588.6220139,  0.96114, 58626,    26
44588.6302546,  0.88713, 54846,    26
44588.6511690,  0.19255,  3098,    36
44588.6550579,  0.79691, 42370,    25
44588.6655787,  0.38340, 62086,    64
44588.6769676,  0.08878, 22705,    62
44588.6889815,  0.85048, 63474,    25
44588.7212616,  0.32649,  9177,    26
44588.7587037,  0.30581, 21831,    26
44588.8265046,  0.59527, 49147,    61
44588.9146181,  0.47246, 63474,    60
44589.0024074,  0.91314, 49040,    27
44589.0137847,  0.54057, 48347,    30
44589.0471296,  0.94439, 48641,    61
44589.0810532,  0.67012, 10363,    25
44589.1085880,  0.70963, 65011,    55
44589.2389005,  0.74471, 20429,    62
44589.2495718,  0.92018, 41546,    28
44589.2515972,  0.34778,  9177,    27
44589.2628356,  0.61389, 57204,    63
44589.2752894,  0.11376, 15898,    26
44589.3518750,  0.46305, 49147,    62
44589.3685880,  0.60391, 36894,    59
44589.3739931,  0.76653, 19739,    26
44589.4284259,  0.13068, 51026,    26
44589.5196181,  0.16591, 32926,    28
44589.6051042,  0.01306, 33652,    63
44589.6182176,  0.27751, 25061,    62
44589.6767477,  0.23141,   769,    62
44589.6874884,  0.97475, 52062,    27
44589.7186690,  0.32897, 37468,    27
44589.7301736,  0.50829, 24453,    27
44589.7930324,  0.19838, 36809,    28
44589.7993866,  0.10440, 11039,    62
44589.8159838,  0.72554, 20999,    62
44589.8478935,  0.77164,   769,    27
44589.8703125,  0.57748, 54846,    61
44589.9032292,  0.40442, 47779,    63
44589.9837847,  0.24818,  9792,    61
44589.9977199,  0.17724, 43551,    27
44590.0137500,  0.43610, 51026,    26
44590.0620718,  0.36333,  9054,    64
44590.0914931,  0.47892,  1291,    38
44590.1418171,  0.47265,  8427,    26
44590.2824074,  0.57271, 49662,    27
44590.3071875,  0.89214, 35842,    62
44590.3945023,  0.22831,   799,    27
44590.4084954,  0.74522, 53349,    26
44590.4150810,  0.40497, 23579,    35
44590.4795370,  0.18132,  7657,    48
44590.5122569,  0.08602,  9177,    26
44590.6383681,  0.24852, 29762,    28
44590.6431713,  0.05412, 60792,    26
44590.7529282,  0.44889, 64382,    61
44590.8211227,  0.73641, 57814,    27
44590.8616898,  0.42919, 50789,    60
44590.8719213,  0.82559, 43381,    28
44590.8979051,  0.30170, 41459,    27
44590.9084144,  0.12024, 10363,    30
44590.9106250,  0.98728, 32926,    62
44590.9847917,  0.87974, 12678,    63
44591.0349074,  0.46262, 25974,    26
44591.0468981,  0.07615, 63430,    61
44591.1241435,  0.27081, 11396,    59
44591.1673380,  0.00010,  3063,    62
44591.1920602,  0.73787, 62222,    26
44591.1987500,  0.10224, 48641,    60
44591.2088194,  0.20717, 45596,    26
44591.2537037,  0.68918, 24838,    25
44591.3918287,  0.42662, 24453,    61
44591.4335880,  0.06571, 49147,    61
44591.4347569,  0.66095, 39530,    52
44591.5371759,  0.75357, 29653,    26
44591.5788889,  0.79219, 19739,    33
44591.6061574,  0.28831, 63430,    48
44591.6211921,  0.15276, 24838,    70
44591.6376389,  0.57835, 49147,    62
44591.6812616,  0.57124, 60737,    62
44591.7100231,  0.79293, 48685,    62
44591.7235764,  0.91060, 65011,    27
44591.7337500,  0.42885,   769,    61
44591.7355671,  0.75772,  1291,    61
44591.7825579,  0.97269, 27293,    26
44591.8943981,  0.89896,  6426,    61
44591.9408102,  0.99076, 15695,    27
44591.9453588,  0.74323,  5087,    62
44591.9638426,  0.65114, 22052,    60
44591.9833796,  0.20959, 57972,    62
44592.0992361,  0.90484, 15898,    61
44592.1334491,  0.41712, 15886,    71
44592.1456713,  0.32491, 64382,    62
44592.1993634,  0.04394, 39310,    63
44592.2193056,  0.25536, 30076,    61
44592.2227199,  0.00624, 48641,    26
44592.2293519,  0.19512, 30864,    63
44592.2431597,  0.63448, 29526,    63
44592.3206366,  0.50323, 22496,    63
44592.3376273,  0.62656, 42017,    62
44592.3817824,  0.86795, 27293,    61
44592.4161574,  0.71673, 54653,    26
44592.5772454,  0.51352,  6193,    28
44592.7151620,  0.23508, 11732,    61
44592.7235069,  0.66652,  9234,    61
44592.7999769,  0.88982, 22496,    28
44592.8610069,  0.51424, 48685,    25
44592.9256366,  0.48235, 64382,    32
44592.9484375,  0.17930, 33774,    27
44592.9737037,  0.30026,  2868,    39
44593.0210880,  0.98954, 65011,    61
44593.0346875,  0.83591,  1291,    48
44593.0387269,  0.43435,  1291,    28
44593.0418750,  0.56318, 59746,    27
44593.0701389,  0.05580, 15886,    27
44593.0927662,  0.26179,  9447,    26
44593.1132060,  0.57957, 28775,    26
44593.1544097,  0.57268, 43324,    28
44593.1665394,  0.90071, 22563,    27
44593.2069329,  0.29661, 34069,    28
44593.2536921,  0.45998, 36809,    37
44593.2905787,  0.04118, 48611,    61
44593.3247569,  0.21535, 28775,    26
44593.3409144,  0.96474, 33123,    60
44593.3575116,  0.81355,  8427,    27
44593.3730787,  0.60756,  5087,    26
44593.3753935,  0.90405, 43765,    62
44593.4435417,  0.14966, 40977,    27
44593.4577546,  0.95399,  7657,    61
44593.4609491,  0.04541,  9177,    27
44593.4839815,  0.44368, 65011,    27
44593.4963426,  0.28980,  4458,    61
44593.5322917,  0.25896, 54653,    61
44593.5551505,  0.17702,  1291,    62
44593.5732986,  0.31584, 19739,    63
44593.6438310,  0.74877, 49147,    33
44593.6446528,  0.86529, 11396,    61
44593.6771875,  0.89987, 47129,    25
44593.6791088,  0.84729, 17926,    29
44593.6812269,  0.23061, 15886,    26
44593.6979282,  0.34385, 39171,     0
44593.7085185,  0.12902, 64877,    28
44593.7138889,  0.73723, 27910,    17
44593.7142940,  0.85468, 12368,    10
44593.7373032,  0.69741, 20999,    46
44593.7661921,  0.46154, 57730,    18
44593.8280903,  0.62611,  3985,    43
44593.8917708,  0.54744, 18058,    10
44593.8976505,  0.64204, 58376,    44
44593.9301736,  0.36127, 47595,    10
44594.0251042,  0.22841, 45562,    46
44594.0426042,  0.37236, 13972,    54
44594.0784838,  0.98862, 53243,     8
44594.2860995,  0.68457, 41459,     9
44594.3535648,  0.45148, 41459,    46
44594.3895486,  0.18360,  9177,    47
44594.3970255,  0.36161, 48757,    10
44594.5098611,  0.42763, 25061,    44
44594.5141898,  0.02196, 15886,     8
44594.5212384,  0.65167, 24358,    28
44594.5413079,  0.76233, 35834,    44
44594.5414815,  0.12110, 50144,    45
44594.5516088,  0.79960, 39327,     9
44594.5518056,  0.18408, 41459,    15
44594.5912731,  0.33240, 61402,    46
44594.5974884,  0.89510, 62759,     8
44594.6012153,  0.46032, 22496,    11
44594.6278819,  0.09677, 29280,    10
44594.6454861,  0.50467,  5087,    11
44594.6742824,  0.40466, 49662,    44
44594.7648611,  0.14721, 27245,    46
44594.7673611,  0.05294, 48641,     8
44594.7750579,  0.28205, 61402,    44
44594.7804051,  0.88641, 63808,    13
44594.7866667,  0.75004, 29418,    11
44594.8413657,  0.07270, 65525,    44
44594.8908449,  0.29993,  9792,     9
44594.9302431,  0.05590,  1903,    45
44595.0412153,  0.13848, 49662,    47
44595.0443287,  0.38198, 37710,    43
44595.0443287,  0.67665, 49040,    48
44595.0457986,  0.88494, 20828,    43
44595.0602778,  0.72477,  9234,    45
44595.0664236,  0.38184, 62993,    46
44595.1231944,  0.45811, 64825,    45
44595.1364005,  0.72463, 20681,    47
44595.3144792,  0.43435, 41459,    50
44595.3461806,  0.70046, 27725,    49
44595.3697569,  0.05938, 62724,    48
44595.4013194,  0.72160, 25974,    66
44595.4364468,  0.08966, 24453,    68
44595.5088194,  0.35261,  1903,    18
44595.5289468,  0.46975,  8427,    29
44595.5349421,  0.01987,  9177,    69
44595.6477546,  0.76504, 16366,    64
44595.6808449,  0.44570, 49147,    28
44595.7326505,  0.70905, 17290,    29
44595.9242708,  0.27321, 49147,    65
44595.9498495,  0.92356, 62925,    28
44595.9533912,  0.68030, 33652,    30
44595.9546181,  0.51907, 24358,    27
44596.0107523,  0.16209,  9177,    28
44596.0611227,  0.88634, 28775,    35
44596.0839120,  0.87345, 28464,    30
44596.1106366,  0.37085, 33038,    65
44596.1164815,  0.31193, 64072,    29
44596.1547454,  0.50961,  3985,    64
44596.1568519,  0.65191, 60737,    66
44596.2190972,  0.93263, 23262,    65
44596.2361806,  0.56030,   799,    66
44596.2452083,  0.01867,  4985,    63
44596.2738773,  0.58785,  9177,    61
44596.2985532,  0.61555, 39056,    59
44596.3054167,  0.89375, 41459,    65
44596.3230903,  0.85787, 33412,    28
44596.3364468,  0.53049, 61402,    28
44596.3564699,  0.20918, 24453,    29
44596.3756481,  0.32273,  3673,    65
44596.4209491,  0.43759, 16366,    57
44596.4229861,  0.85055, 48641,    28
44596.4819676,  0.81878, 62125,    28
44596.5177315,  0.47500,   769,    68
44596.5273032,  0.36348, 48641,    29
44596.5537384,  0.62292, 15886,    68
44596.5672685,  0.71116, 41868,    32
44596.5690625,  0.58288, 27150,    31
44596.6026157,  0.91612, 63558,    66
44596.6472685,  0.27463, 48347,    69
44596.7377083,  0.18307, 61970,    68
44596.7629861,  0.89378, 65525,    67
44596.7735880,  0.45417, 17926,    27
44596.7956366,  0.53721, 11869,    29
44596.8021644,  0.74495, 58190,    29
44596.8474306,  0.11256, 15886,    68
44596.8555440,  0.15017,  3501,    25
44596.8826042,  0.62188, 37468,    63
44596.9482407,  0.84993, 59852,    67
44597.0708449,  0.97490,  9792,    65
44597.2620255,  0.08539,   769,    25
44597.3533565,  0.68680, 28775,    64
44597.3673958,  0.14841,  9177,    28
44597.3882407,  0.36331, 22496,    29
44597.3954398,  0.54652, 59852,    69
44597.4490162,  0.40459, 63474,    74
44597.5139120,  0.72482, 16366,    28
44597.5324306,  0.99057, 47129,    36
44597.5690046,  0.45213, 45562,    30
44597.5834838,  0.10154, 33838,    69
44597.6128356,  0.20172, 35678,    63
44597.6546528,  0.29861,  3985,    58
44597.8457870,  0.95090, 33774,    29
44597.8553009,  0.70113, 39171,    66
44597.9661574,  0.20666, 25974,    29
44598.0200579,  0.82521,  1291,    29
44598.0624190,  0.55600, 61249,    64
44598.0628472,  0.22370, 29762,    28
44598.1337731,  0.74942, 18058,    65
44598.1907986,  0.09358, 33412,    66
44598.1939236,  0.83793, 39327,    29
44598.2128356,  0.86279, 46068,    56
44598.2326273,  0.38092,  9447,    64
44598.2912037,  0.59112, 47595,    66
44598.3896759,  0.40490, 46068,    64
44598.3994907,  0.84873, 54846,    64
44598.4769676,  0.25493,  4274,    29
44598.4984144,  0.80659, 36894,    49
44598.5012269,  0.18945, 34523,    28
44598.5041204,  0.27590, 22496,    65
44598.5477778,  0.53061, 35678,    29
44598.5487384,  0.44455, 20429,    49
44598.5899884,  0.62714, 60737,    29
44598.6164352,  0.19327, 49717,    49
44598.6582060,  0.76691,  9447,    63
44598.6847222,  0.70425, 20553,    28
44598.7520370,  0.54880,  3985,    45
44598.8633912,  0.88703, 33774,    63
44598.9067130,  0.49284, 58376,    64
44598.9099074,  0.54386, 22052,    36
44598.9276157,  0.50613, 47129,    65
44598.9363079,  0.00158,  1903,    29
44598.9428704,  0.16524, 22386,    28
44598.9905671,  0.66002, 25061,    31
44599.0062153,  0.52022,  9177,    29
44599.0064236,  0.29189, 64825,    64
44599.0523148,  0.47601, 13268,    38
44599.1028935,  0.43845, 43324,    53
44599.1087731,  0.13277, 27150,    65
44599.1454977,  0.70951, 60737,    70
44599.1673727,  0.30837, 11039,    28
44599.2228588,  0.97346, 33412,    32
44599.2702546,  0.35393, 28775,    29
44599.2745833,  0.02930, 20681,    64
44599.2787500,  0.03000, 25869,    66
44599.3410417,  0.90359, 28775,    63
44599.5189815,  0.02882, 50144,    63
44599.5714120,  0.51448, 28775,    65
44599.6502315,  0.50102, 57730,    65
44599.7351042,  0.49065, 49717,    65
44599.7894907,  0.55946, 33774,    66
44599.7943287,  0.42604, 34523,    63
44599.8746991,  0.14359, 62993,    31
44599.8875694,  0.63167, 11039,    64
44599.9038194,  0.46612, 41546,    64
44599.9062500,  0.86051, 29280,    65
44599.9083218,  0.80092, 57787,    72
44599.9495370,  0.31685, 20999,    65
44600.0630787,  0.31449, 47779,    29
44600.1199421,  0.60410, 57730,    62
44600.1314931,  0.68399,  5136,    28
44600.1578588,  0.68330, 50144,    66
44600.1686343,  0.35491, 64072,    65
44600.3224769,  0.87510, 49147,    29
44600.3369213,  0.16113, 29280,    29
44600.3401852,  0.29177,  9177,    66
44600.4817014,  0.99760, 48347,    30
44600.5161458,  0.71779, 64382,    65
44600.5711343,  0.49584, 63474,    30
44600.6017824,  0.95613, 11869,    28
44600.6125231,  0.65654, 25869,    31
44600.6426736,  0.90810,  4114,    65
44600.6534954,  0.42052, 29762,    64
44600.6980208,  0.87307, 41587,    65
44600.7859259,  0.17045,  3098,    63
44600.8130903,  0.60127, 25869,    29
44600.8374769,  0.65767, 48641,    65
44600.8407639,  0.57724, 62925,    30
44600.8471875,  0.47455, 53221,    64
44600.8659838,  0.77618,   769,    63
44600.8892824,  0.78847,  2524,    29
44600.8908218,  0.65723, 28775,    65
44600.9591551,  0.22881, 34852,    29
44601.0060069,  0.23124, 25869,    61
44601.0871991,  0.40473, 29717,    63
44601.1142940,  0.24981, 49717,    65
44601.1309606,  0.79612, 64382,    64
44601.1936690,  0.38253, 28775,    65
44601.2494907,  0.88139,  3985,    30
44601.2617593,  0.04306, 32926,    64
44601.2775926,  0.19041, 39056,    64
44601.3168981,  0.85029, 16366,    65
44601.3380903,  0.57420, 43381,    42
44601.3618519,  0.71812, 43551,    65
44601.4153704,  0.99652, 42857,    64
44601.4382523,  0.51470, 63557,    76
44601.4475347,  0.27590, 20429,    65
44601.5304861,  0.40298, 26975,    30
44601.5537500,  0.12989, 30266,    29
44601.6213773,  0.62807, 16366,    31
44601.6361806,  0.92442,  9177,    55
44601.7161458,  0.46884,  9177,    33
44601.7221181,  0.79123, 42711,    65
44601.7321875,  0.93186, 63474,    28
44601.7951620,  0.54943,  3985,    29
44601.7973958,  0.77399, 24838,    64
44601.8269676,  0.20018, 22563,    31
44601.8326505,  0.26330, 39310,    28
44601.8537037,  0.35481,  3985,    64
44601.9469560,  0.30480, 15695,    63
44601.9526968,  0.11513, 63430,    28
44601.9947454,  0.53397, 58190,    65
44602.0077778,  0.66539,  3985,    76
44602.0335532,  0.95546, 34069,    30
44602.0523727,  0.91221, 50144,    64
44602.0842130,  0.91943,  3098,    35
44602.0887963,  0.77733, 36809,    30
44602.1249769,  0.86855,  7631,    31
44602.1551389,  0.90038, 64382,    29
44602.1563773,  0.97684, 13268,    63
44602.2272338,  0.16478, 49717,    32
44602.2303241,  0.52456, 36809,    63
44602.2356250,  0.40430, 59852,    65
44602.3013310,  0.56479, 37710,    65
44602.3198264,  0.58963, 24358,    29
44602.3775116,  0.90902, 12368,    30
44602.3952431,  0.72167, 25869,    63
44602.6217708,  0.16723, 48685,    30
44602.6462500,  0.70763, 62086,    62
44602.6700463,  0.64555,  3985,    65
44602.6787963,  0.59277, 11039,    65
44602.9636343,  0.95435, 20681,    27
44603.0009838,  0.39698, 35834,    29
44603.0184606,  0.19037, 30266,    59
44603.0362963,  0.99952, 46068,    64
44603.0543287,  0.56472, 64825,    63
44603.0571181,  0.45499, 64797,    65
44603.0575116,  0.79701, 33377,    30
44603.0679398,  0.88475,   799,    64
44603.1255093,  0.97118, 65333,    65
44603.1322454,  0.57744, 25315,    30
44603.1871296,  0.94984, 25315,    65
44603.1939236,  0.32726, 15898,    63
44603.2017130,  0.64341, 58857,    31
44603.3580787,  0.40992, 10363,    29
44603.3644907,  0.54465, 62125,    29
44603.3686343,  0.61838, 14369,    38
44603.3925116,  0.49231,  1291,    31
44603.3933796,  0.17431, 22563,    63
44603.4317940,  0.00223, 33838,    65
44603.5517593,  0.59316, 25974,    29
44603.5912269,  0.41853, 11396,    50
44603.6221065,  0.44352, 22705,    57
44603.6396528,  0.17405, 39056,    58
44603.6465972,  0.09588, 20681,    40
44603.6782176,  0.62949, 29418,    30
44603.6846528,  0.13601, 64797,    60
44603.6851736,  0.40188,  1291,    58
44603.6940625,  0.23738, 25315,    65
44603.6977662,  0.35827,  6713,    64
44603.7071644,  0.30765, 41498,    63
44603.7127199,  0.61572, 11039,    29
44603.7624537,  0.02760, 49147,    65
44603.8228241,  0.03727,  5087,    65
44603.8282639,  0.60398, 62925,    30
44603.8570833,  0.18864,  5087,    64
44603.8792708,  0.44620,  5087,    29
44603.8803356,  0.45192, 16366,    29
44603.9481829,  0.81575,  3063,    30
44603.9522454,  0.63957,  4985,    64
44603.9626620,  0.77150, 22055,    62
44604.0137269,  0.94058, 28775,    31
44604.0159606,  0.13838, 27245,    62
44604.0788542,  0.34349,  3098,    29
44604.1110185,  0.60192, 41498,    29
44604.1250579,  0.33357, 65011,    29
44604.1706366,  0.60266, 35373,    29
44604.2156713,  0.53076,  8427,    65
44604.2345486,  0.09235,  6426,    29
44604.3490972,  0.27840,  6193,    28
44604.4000231,  0.65131, 28775,    63
44604.4050000,  0.57585, 20999,    42
44604.4082060,  0.21981, 48685,    30
44604.4115856,  0.42801, 64797,    65
44604.4952546,  0.59436,   799,    29
44604.5422222,  0.73447, 39171,    75
44604.5508796,  0.17705, 22055,    29
44604.5950231,  0.46615, 46068,    64
44604.7025810,  0.37044, 30864,    29
44604.7169097,  0.99366, 48641,    30
44604.7232986,  0.08839, 57204,    64
44604.7236227,  0.29167,  5087,    64
44604.7576852,  0.16805,  6713,    31
44604.7769792,  0.76372, 14085,    31
44604.8567708,  0.42076, 35842,    63
44604.9743056,  0.09216, 13268,    34
44604.9817940,  0.12612, 49717,    29
44604.9842708,  0.80719, 57204,    66
44605.0485648,  0.11458,   799,    60
44605.0673958,  0.02959, 35842,    29
44605.0723032,  0.76979, 29280,    31
44605.0802431,  0.83505, 20828,    65
44605.1800231,  0.23969, 17926,    32
44605.2106366,  0.81839, 64825,    69
44605.3146065,  0.98370, 49147,    31
44605.3478704,  0.07522, 14369,    64
44605.3673264,  0.49183, 39171,    32
44605.4344676,  0.52636, 35449,    66
44605.4382176,  0.23923, 42370,    64
44605.4491551,  0.90998, 47779,    30
44605.5037616,  0.91895, 30864,    32
44605.5561690,  0.80503, 23579,    34
44605.5644097,  0.07565, 20553,    31
44605.5646759,  0.25663, 36809,    66
44605.5674074,  0.64046, 12368,    57
44605.5684259,  0.33749, 59746,    31
44605.6120370,  0.28353,  3063,    29
44605.6654051,  0.40502, 64382,    49
44605.6718866,  0.82274,   769,    65
44605.6806713,  0.28649, 47595,    66
44605.7537847,  0.81614, 49147,    65
44605.8848611,  0.93345,  4985,    65
44606.0028241,  0.96429, 27725,    29
44606.0742940,  0.28109, 57787,    30
44606.0899306,  0.73747,   799,    59
44606.1275579,  0.52725, 39530,    28
44606.1519792,  0.68779,   769,    63
44606.1677199,  0.28757, 12678,    29
44606.1864699,  0.23801, 19278,    64
44606.1898380,  0.32443, 36809,    29
44606.2414931,  0.35808,  1903,    31
44606.2537731,  0.40636, 16366,    76
44606.2577431,  0.66621, 24453,    30
44606.3039120,  0.15876, 57954,    31
44606.3228241,  0.58423,  1291,    31
44606.4496412,  0.54849, 29280,    31
44606.4616898,  0.75523, 16366,    56
44606.5249421,  0.12254, 64072,    30
44606.6971759,  0.08297, 57954,    66
44606.7649537,  0.87544,  9234,    29
44606.8031597,  0.18482,  7657,    64
44606.8646991,  0.45768, 63474,    66
44606.9414468,  0.60086, 16366,    60
44606.9870023,  0.65078, 16366,    64
44607.0157060,  0.57127, 35834,    28
44607.0653009,  0.14661, 63474,    61
44607.1328472,  0.79996, 16366,    63
44607.1433565,  0.82435, 27150,    31
44607.1508565,  0.99398, 61249,    30
44607.1607523,  0.64075, 63430,    29
44607.1808218,  0.97562, 43551,    30
44607.2258681,  0.70905, 16580,    31
44607.2345833,  0.45009,  3098,    29
44607.3244213,  0.67725, 27725,    29
44607.3589352,  0.25291,  6193,    29
44607.4391551,  0.28992,   799,    30
44607.4409954,  0.58680, 54846,    30
44607.4512153,  0.94336, 22496,    31
44607.4539352,  0.44534, 36894,    29
44607.4552315,  0.47006, 29781,    62
44607.4877315,  0.64780, 28775,    30
44607.5345833,  0.90590, 28775,    28
44607.5555093,  0.14205, 39530,    31
44607.6142361,  0.27098, 62993,    31
44607.6281597,  0.20342, 17926,    31
44607.6291898,  0.36998, 33914,    66
44607.6535764,  0.81542, 14369,    33
44607.6786111,  0.45988, 22705,    31
44607.7209028,  0.71507,   799,    66
44607.7333912,  0.17731,  4274,    29
44607.8071644,  0.67087, 64877,    29
44607.8100231,  0.78501, 39310,    30
44607.8224306,  0.98699, 28775,    65
44607.9078241,  0.93640, 14085,    28
44608.0070370,  0.79367,  4171,    31
44608.0330208,  0.34027,  2524,    61
44608.0717477,  0.66559, 35834,    64
44608.0936921,  0.26863, 10363,    31
44608.1294213,  0.73898, 65333,    64
44608.1606019,  0.53280, 65525,    63
44608.1855440,  0.15192, 37199,    31
44608.1962037,  0.30086, 16366,    42
44608.3004977,  0.06425, 14868,    65
44608.3381250,  0.68318, 22705,    63
44608.3653588,  0.82591,  6426,    29
44608.4307407,  0.71275, 59852,    30
44608.4759028,  0.80037, 13820,    62
44608.5842014,  0.86877, 48685,    65
44608.6018056,  0.76672, 24838,    30
44608.6098611,  0.89956, 33774,    65
44608.6231713,  0.28788, 53243,    30
44608.6351968,  0.13430, 62222,    30
44608.6888542,  0.23232, 63430,    59
44608.8125810,  0.31937, 65333,    66
44608.8567130,  0.98800, 20429,    28
44608.8754167,  0.67171, 49147,    41
44609.0051273,  0.16469,   769,    28
44609.0660648,  0.14577, 29418,    29
44609.1323495,  0.67240, 62125,    30
44609.1679977,  0.74258, 30864,    29
44609.1953241,  0.42300, 41459,    29
44609.1982407,  0.48988, 49147,    32
44609.2580671,  0.51568, 33412,    29
44609.2606597,  0.98685,  7433,    32
44609.2707986,  0.81031, 63557,    28
44609.3106713,  0.74517, 52062,    32
44609.3405093,  0.74291,  5087,    64
44609.3745486,  0.66935, 19278,    28
44609.3884375,  0.80800, 47779,    64
44609.4225926,  0.02275, 45737,    64
44609.4270023,  0.27900, 20681,    33
44609.4400694,  0.90026, 36809,    64
44609.5029167,  0.28221, 17290,    54
44609.5250231,  0.06362, 20999,    41
44609.5321991,  0.49903, 28775,    63
44609.5376042,  0.25022, 33412,    65
44609.5540046,  0.05402, 64797,    28
44609.5585764,  0.39480, 26078,    64
44609.5909375,  0.48849,  5087,    29
44609.6218056,  0.31836, 45596,    63
44609.6539236,  0.04094, 20999,    29
44609.6645718,  0.80606, 19926,    56
44609.6894329,  0.11386, 57972,    65
44609.7025000,  0.68920,  6426,    30
44609.7102083,  0.44136,  3673,    62
44609.7170718,  0.42136, 46068,    30
44609.7505556,  0.38700,  1291,    64
44609.7826736,  0.00941,  9177,    28
44609.8517708,  0.28973,  3501,    37
44609.9484144,  0.52312,  9177,    28
44609.9792593,  0.01344,  7657,    63
44610.0105440,  0.18129, 16366,    28
44610.0419097,  0.24578,  3098,    62
44610.1980093,  0.44822, 63558,    28
44610.2659375,  0.91926, 62724,    28
44610.3005093,  0.74927, 64382,    64
44610.3744444,  0.55308, 58190,    29
44610.3887037,  0.99494, 14369,    29
44610.4164352,  0.24017, 38355,    72
44610.6504630,  0.26220, 20681,    65
44610.6589583,  0.48297, 58626,    29
44610.6617477,  0.72074,  5087,    41
44610.6698264,  0.84964, 65011,    63
44610.7800810,  0.64682,  5087,    54
44610.8532292,  0.76533,  9792,    41
44610.8636227,  0.52428, 53243,    64
44611.0089352,  0.93479, 27150,    63
44611.0532523,  0.34368, 27725,    64
44611.0773264,  0.47380,  1903,    70
44611.1420949,  0.12341, 19739,    30
44611.1496528,  0.86111, 30266,    28
44611.1856829,  0.75887, 39530,    28
44611.2565278,  0.99066, 34852,    27
44611.2567477,  0.35364, 45596,    63
44611.2916435,  0.76154, 45596,    69
44611.3959722,  0.53587,  7657,    65
44611.3970486,  0.28524, 48611,    64
44611.4987500,  0.46430, 65525,    30
44611.5091667,  0.64907, 15886,    65
44611.6147569,  0.09070, 14085,    64
44611.6277315,  0.63383, 17290,    63
44611.6598380,  0.23177,   769,    24
44611.6741204,  0.52046, 25974,    64
44611.7306250,  0.19569, 24453,    31
44611.7311690,  0.60796,  3985,    30
44611.7487963,  0.87083, 47749,    64
44611.7762500,  0.93352, 13820,    65
44611.7770718,  0.95272, 27245,    52
44611.8074306,  0.52593, 64797,    30
44611.8366667,  0.82571,  7433,    66
44611.9058333,  0.94516, 36894,    30
44611.9680556,  0.06605, 10363,    29
44612.0988194,  0.85591, 16366,    28
44612.1049190,  0.42062, 48641,    72
44612.1242824,  0.27962, 62993,    64
44612.1391435,  0.96170, 20999,    29
44612.2346412,  0.31949, 48685,    63
44612.2479630,  0.37289, 63430,    65
44612.2786111,  0.18833, 33123,    29
44612.3626042,  0.28545, 27725,    64
44612.4394329,  0.99546, 19278,    63
44612.4401389,  0.54801, 65333,    63
44612.4980440,  0.57362, 33123,    66
44612.5741898,  0.98968,  3985,    65
44612.6100231,  0.76339,  5136,    29
44612.6186343,  0.31891, 25869,    65
44612.6226273,  0.49569, 63474,    64
44612.7000000,  0.51561, 36894,    40
44612.7188426,  0.63520, 48685,    28
44612.7305671,  0.08779, 39327,    29
44612.7597569,  0.06607,  1291,    29
44612.7692708,  0.86990, 63557,    30
44612.8093287,  0.49778, 33123,    62
44612.8417708,  0.26352, 24358,    65
44612.9027546,  0.02146, 29717,    65
44613.0381713,  0.04207, 20681,    65
44613.0433565,  0.95469, 19346,    65
44613.0494792,  0.48444, 33838,    65
44613.0512731,  0.58689, 58721,    64
44613.2440856,  0.58752,  6713,    28
44613.2540741,  0.41877, 27150,    63
44613.2631134,  0.13337, 14369,    66
44613.2700926,  0.00744, 19926,    28
44613.2823611,  0.71767, 57730,    63
44613.4161574,  0.85751,   799,    28
44613.4531944,  0.79989, 25061,    65
44613.4533102,  0.77807, 22496,    56
44613.4577546,  0.62493, 33774,    27
44613.4747801,  0.72451, 19278,    66
44613.4821991,  0.16845, 25061,    29
44613.5299537,  0.57763,  9550,    65
44613.5460417,  0.50421, 60737,    64
44613.5747454,  0.16161, 15613,    64
44613.6584259,  0.52852, 32926,    27
44613.6604861,  0.58425, 15613,    63
44613.6741088,  0.39434, 48641,    30
44613.6832755,  0.07910, 21672,    28
44613.6863889,  0.16358, 41498,    65
44613.6980671,  0.17537, 11396,    65
44613.7452315,  0.33998, 35842,    28
44613.7946991,  0.32978, 27293,    28
44613.8021528,  0.17222,  5239,    63
44613.8145949,  0.13980, 17926,    28
44613.8489236,  0.92366, 29717,    28
44613.8742593,  0.97410,  5087,    64
44613.9046296,  0.64123, 22563,    29
44613.9388079,  0.86959, 29280,    65
44613.9532870,  0.01781, 48641,    65
44613.9924537,  0.82939, 22386,    29
44614.0670370,  0.93141, 62606,    29
44614.1397338,  0.05234, 61402,    65
44614.1949190,  0.88434,  4114,    72
44614.2020718,  0.51583, 27150,    66
44614.2055440,  0.50808, 30864,    66
44614.2226389,  0.36941, 57730,    64
44614.2654282,  0.13077, 33774,    28
44614.3675926,  0.34627, 29280,    65
44614.4033565,  0.85550, 36809,    65
44614.4148727,  0.99357, 65011,    66
44614.4317593,  0.80721,  1291,    66
44614.4621181,  0.94610, 57204,    29
44614.5031019,  0.60530, 16580,    64
44614.5354514,  0.90042, 64825,    59
44614.5871065,  0.23582, 14369,    29
44614.5914120,  0.13805, 14369,    65
44614.6303472,  0.99453,  1903,    66
44614.6362847,  0.48787,  3098,    63
44614.6550116,  0.51184, 58721,    30
44614.6724421,  0.81573, 43080,    65
44614.7320949,  0.51648,  7631,    29
44614.7394213,  0.79569,  9792,    30
44614.7417245,  0.74500, 65011,    65
44614.8368519,  0.03211, 30076,    63
44614.8867477,  0.37375,  9054,    28
44614.8869097,  0.69777, 11039,    65
44614.9277894,  0.27017, 36894,    66
44614.9657060,  0.47215,  3098,    28
44614.9889120,  0.94708, 11869,    28
44615.0251273,  0.37257, 12678,    28
44615.1832176,  0.34305, 17926,    65
44615.1855208,  0.95834, 49662,    29
44615.2125463,  0.35671, 22055,    28
44615.2211458,  0.61432,  9054,    30
44615.2530093,  0.59088, 27150,    27
44615.3817593,  0.81971, 41587,    28
44615.3864005,  0.78141,  3063,    64
44615.4460069,  0.71171, 20828,    64
44615.4693981,  0.69532, 14369,    65
44615.5071412,  0.07850, 57204,    63
44615.6008102,  0.63383, 46068,    28
44615.6045370,  0.97240, 14369,    28
44615.6454398,  0.26611, 29280,    65
44615.6786343,  0.07116, 49147,    33
44615.7515972,  0.18703,   799,    28
44615.7775694,  0.73034, 48641,    65
44615.7995370,  0.68351, 64382,    64
44615.8155671,  0.63453, 62086,    29
44615.8761921,  0.59798, 29418,    28
44615.8989699,  0.24991, 11869,    28
44615.9623611,  0.76329, 33652,    28
44616.0203819,  0.92714, 23579,    61
44616.0306366,  0.86181, 35842,    28
44616.0555787,  0.70079, 26078,    28
44616.1420949,  0.53853, 12678,    27
44616.1492940,  0.92414, 57787,    28
44616.2190856,  0.97602, 36809,    36
44616.2298380,  0.33434, 34467,    66
44616.2600810,  0.74215, 63430,    65
44616.3118866,  0.53901, 43617,    30
44616.4295139,  0.51676, 39171,    71
44616.4886227,  0.64151, 36809,    57
44616.4943171,  0.20011,  3501,    62
44616.5552662,  0.92951, 25974,    29
44616.5599190,  0.33991, 12678,    47
44616.6118171,  0.17981, 28775,    30
44616.6139583,  0.95212, 49040,    29
44616.6478704,  0.72561, 28775,    36
44616.7204861,  0.08803, 23262,    40
44616.7628125,  0.38527, 39056,    29
44616.7633796,  0.51117, 43080,    66
44616.7705787,  0.56601, 10363,    65
44616.7779167,  0.61260,  9447,    28
44616.8201736,  0.89814, 36676,    65
44616.8417130,  0.11213, 43796,    29
44616.8800463,  0.31605, 45596,    29
44616.8812847,  0.61401, 49662,    65
44616.9455903,  0.85108, 33652,    61
44616.9612616,  0.57108, 64797,    65
44616.9933912,  0.73598,   769,    62
44616.9986690,  0.34185,  8427,    65
44617.0444907,  0.00262, 15886,    28
44617.0721181,  0.37195,  3673,    66
44617.0869213,  0.06276,   769,    28
44617.1402546,  0.82019, 20999,    29
44617.1442361,  0.81566, 49662,    29
44617.1621759,  0.15576, 57730,    28
44617.1645486,  0.67003,  5087,    64
44617.2429398,  0.32073, 57954,    29
44617.2822454,  0.27809, 41812,    29
44617.2915162,  0.88281, 57954,    65
44617.3199884,  0.51924, 16366,    63
44617.3424884,  0.33528, 27293,    27
44617.3695949,  0.09722, 13820,    66
44617.3941319,  0.67756, 29717,    28
44617.5298148,  0.44287,  9054,    28
44617.5312616,  0.53901,  9792,    66
44617.5516667,  0.46012, 35842,    66
44617.6019792,  0.08885, 33838,    65
44617.6147685,  0.04150, 64797,    65
44617.7390625,  0.38570, 33377,    65
44617.7555787,  0.49783, 63474,    73
44617.7859028,  0.31368, 54188,    28
44617.9218056,  0.87352, 33652,    66
44617.9437037,  0.85300,  5239,    65
44618.0536690,  0.80143, 64072,    30
44618.1253819,  0.29277,  2524,    33
44618.2498727,  0.22723, 47595,    29
44618.3200347,  0.42580, 14868,    64
44618.3694213,  0.73927,  3063,    65
44618.4317014,  0.86452, 60792,    67
44618.4510764,  0.90345, 48757,    28
44618.4768981,  0.90506, 61970,    27
44618.5101157,  0.84506, 64797,    67
44618.5231597,  0.54765, 60236,    27
44618.5325463,  0.27905, 27150,    29
44618.5547569,  0.98584, 62925,    28
44618.5784606,  0.03806, 63474,    59
44618.6810880,  0.29997, 24453,    28
44618.7273843,  0.91929, 11664,    28
44618.7836921,  0.20755, 63430,    28
44618.8729745,  0.38265, 28775,    30
44618.9419560,  0.55135, 35842,    65
44618.9490278,  0.18797, 62222,    60
44618.9977431,  0.23678, 42017,    66
44619.0120718,  0.34176, 22386,    28
44619.0579398,  0.02083, 63474,    68
44619.0942245,  0.16452, 50789,    62
44619.1553819,  0.51268, 45562,    27
44619.2113194,  0.64994, 28775,    63
44619.2640046,  0.30151, 65011,    65
44619.3323148,  0.60134, 16366,    66
44619.3448611,  0.84563, 15898,    67
44619.3557986,  0.73139, 63430,    66
44619.3797338,  0.75434,  4274,    28
44619.3797569,  0.93009, 16366,    65
44619.4433333,  0.12125,  9177,    67
44619.4553935,  0.50731,  7657,    28
44619.5005324,  0.54206, 42017,    28
44619.5447569,  0.24067, 62222,    27
44619.5670023,  0.56035, 15230,    64
44619.5939468,  0.80313, 48641,    63
44619.6135532,  0.73439,  5239,    66
44619.6315509,  0.78854, 28775,    65
44619.6805440,  0.57621, 49662,    67
44619.6873727,  0.22255, 62222,    33
44619.7398495,  0.74133, 62925,    27
44619.7470718,  0.78064, 52650,    28
44619.7924537,  0.67934, 29717,    64
44619.8703472,  0.55377,  9054,    59
44619.9380093,  0.93983, 24838,    28
44620.0013773,  0.86075, 45186,    66
44620.0547685,  0.63938, 30266,    65
44620.1148611,  0.42331,  5239,    28
44620.1388889,  0.64641,  4114,    62
44620.1942708,  0.77555, 36809,    67
44620.2212616,  0.22130, 14369,    63
44620.2318287,  0.39650, 50144,    67
44620.2717361,  0.53798, 48685,    67
44620.2967014,  0.23765, 22496,    28
44620.3189120,  0.16229, 11039,    66
44620.3891898,  0.66283,  5932,    67
44620.4013426,  0.30425, 64797,    67
44620.4038426,  0.36773, 50144,    53
44620.4210532,  0.01063,  7657,    66
44620.4511458,  0.56260, 33652,    29
44620.4788657,  0.61245, 60792,    27
44620.4844792,  0.91785, 32926,    67
44620.4869907,  0.62476, 39171,    66
44620.4930440,  0.02652, 15886,    27
44620.5126620,  0.01819, 33652,    64
44620.5509375,  0.09254, 25315,    29
44620.5942130,  0.21031, 62925,    28
44620.6038773,  0.81938, 49147,    28
44620.6404051,  0.60828, 64072,    64
44620.6847685,  0.63563, 27725,    28
44620.7784606,  0.47901, 11396,    65
44620.8404398,  0.13382, 48685,    67
44620.8412731,  0.52389, 48611,    65
44620.9083449,  0.04622, 62222,    65
44620.9428472,  0.04488, 62573,    28
44620.9525347,  0.72575, 59852,    32
44621.0255787,  0.35911, 20553,    66
44621.0306134,  0.14335, 64382,    27
44621.0600694,  0.68419, 64877,    28
44621.0863194,  0.35474,  5087,    67
44621.1273727,  0.85135,  9177,    32
44621.1550231,  0.54436, 60236,    67
44621.1845833,  0.67535, 37199,    63
44621.1847222,  0.75729, 17290,    27
44621.2243750,  0.19735, 23579,    65
44621.2565162,  0.48422,  3098,    24
44621.3322685,  0.97446, 49147,    30
44621.3353588,  0.08753, 25974,    66
44621.3615394,  0.20599,  6426,    29
44621.3651042,  0.74335,  9234,    67
44621.3655903,  0.38112, 57787,    63
44621.3731481,  0.74056, 27293,    29
44621.3847106,  0.91396, 33377,    29
44621.3883565,  0.16843,  2524,    67
44621.4283218,  0.10114, 25315,    30
44621.4473495,  0.69993, 16580,    67
44621.4979745,  0.98188,  9177,    28
44621.5546644,  0.63837, 17926,    62
44621.6165625,  0.84556, 16580,    26
44621.6575926,  0.53320, 30076,    60
44621.7044097,  0.59241, 37710,    60
44621.7241435,  0.70147, 24838,    58
44621.7439120,  0.27513, 10162,    26
44621.7467130,  0.65836,   769,    61
44621.7784722,  0.81031, 41459,    62
44621.8099306,  0.86990, 29717,    25
44621.8951505,  0.29923, 50380,    45
44621.8990972,  0.18533, 26078,    67
44621.9197917,  0.21120, 15613,    59
