44835.0088657 ,    0.20743 ,  42017 ,  A421 ,        53
44835.0372338 ,    0.51086 ,  31960 ,  7CD8 ,        49
44835.0592708 ,    0.93321 ,    7674 ,  1DFA ,        52
44835.0722685 ,    0.71836 ,    9447 ,  24E7 ,        53
44835.4980324 ,    0.70259 ,  65332 ,  FF34 ,        38
44835.5089583 ,    0.37936 ,  48641 ,  BE01 ,        53
44835.6044213 ,    0.92538 ,  12850 ,  3232 ,        53
44835.9172917 ,    0.37413 ,    7489 ,  1D41 ,        39
44835.9809028 ,    0.72748 ,  35216 ,  8990 ,        39
44836.1679051 ,    0.81076 ,  64382 ,  FB7E ,        55
44836.1706250 ,    0.81830 ,  49095 ,  BFC7 ,        38
44836.1836806 ,    0.47095 ,  62447 ,  F3EF ,        40
44836.3398032 ,    0.35695 ,    8832 ,  2280 ,        54
44836.6361921 ,    0.92922 ,  63474 ,  F7F2 ,        39
44836.9230440 ,    0.08707 ,  64797 ,  FD1D ,        50
44836.9963889 ,    0.17325 ,    9177 ,  23D9 ,        39
44837.0149653 ,    0.50599 ,  12850 ,  3232 ,        40
44837.1566204 ,    0.87729 ,  25192 ,  6268 ,        40
44837.2340278 ,    0.51643 ,  62222 ,  F30E ,        40
44837.3829630 ,    0.67348 ,  33896 ,  8468 ,        40
44837.4468866 ,    0.68255 ,  14369 ,  3821 ,        39
44837.7593287 ,    0.62304 ,  16366 ,  3FEE ,        40
44837.8980903 ,    0.09408 ,  49095 ,  BFC7 ,        51
44837.9292130 ,    0.95610 ,  64797 ,  FD1D ,        54
44838.0694444 ,    0.01049 ,  41344 ,  A180 ,        50
44838.0900926 ,    0.87367 ,  55778 ,  D9E2 ,        36
44838.1745949 ,    0.64283 ,    3063 ,  0BF7 ,        53
44838.1816204 ,    0.94194 ,  65332 ,  FF34 ,        49
44838.1816898 ,    0.87379 ,  65332 ,  FF34 ,        40
44838.1850000 ,    0.62930 ,  23579 ,  5C1B ,        40
44838.4237731 ,    0.65685 ,    8239 ,  202F ,        53
44838.7839236 ,    0.64367 ,  65312 ,  FF20 ,        39
44838.8093634 ,    0.18257 ,  62447 ,  F3EF ,        52
44838.8838889 ,    0.46483 ,  49095 ,  BFC7 ,        53
44838.9714931 ,    0.21072 ,    3212 ,  0C8C ,        53
44839.0910185 ,    0.09326 ,    9177 ,  23D9 ,        40
44839.1294444 ,    0.60475 ,  60236 ,  EB4C ,        39
44839.1487500 ,    0.89730 ,    2961 ,  0B91 ,        40
44839.2881944 ,    0.92934 ,  41010 ,  A032 ,        41
44839.4508449 ,    0.41220 ,  49662 ,  C1FE ,        39
44839.5113773 ,    0.22061 ,  32926 ,  809E ,        39
44839.6077894 ,    0.53743 ,  65483 ,  FFCB ,        53
44839.6090394 ,    0.28901 ,  57730 ,  E182 ,        39
44839.6134722 ,    0.16721 ,  15349 ,  3BF5 ,        51
44839.6828588 ,    0.15559 ,  58294 ,  E3B6 ,        62
44839.8197454 ,    0.43951 ,    9177 ,  23D9 ,        38
44839.8554167 ,    0.66074 ,    7631 ,  1DCF ,        39
44839.8725694 ,    0.00365 ,  65332 ,  FF34 ,        52
44839.8754745 ,    0.98908 ,  64382 ,  FB7E ,        39
44839.8895718 ,    0.68947 ,  49147 ,  BFFB ,        38
44839.9330787 ,    0.32791 ,  49147 ,  BFFB ,        39
44839.9412963 ,    0.56995 ,  49147 ,  BFFB ,        39
44839.9570949 ,    0.57988 ,  64382 ,  FB7E ,        39
44839.9811343 ,    0.01243 ,  49147 ,  BFFB ,        52
44840.0429398 ,    0.80380 ,  45596 ,  B21C ,        39
44840.0745718 ,    0.19737 ,  49147 ,  BFFB ,        40
44840.1606134 ,    0.80798 ,      799 ,  031F ,        53
44840.1967940 ,    0.65663 ,  64382 ,  FB7E ,        52
44840.4477894 ,    0.08803 ,  17436 ,  441C ,        39
44840.5384375 ,    0.79058 ,  64382 ,  FB7E ,        53
44840.5521528 ,    0.63223 ,  49147 ,  BFFB ,        53
44840.5740162 ,    0.15108 ,  49147 ,  BFFB ,        39
44840.6171759 ,    0.42986 ,  59852 ,  E9CC ,        53
44840.6288079 ,    0.07836 ,  49147 ,  BFFB ,        38
44840.7043981 ,    0.69376 ,  64382 ,  FB7E ,        58
44840.7243866 ,    0.34833 ,  49147 ,  BFFB ,        39
44840.7477315 ,    0.71824 ,  64382 ,  FB7E ,        39
44840.7523495 ,    0.93861 ,  22496 ,  57E0 ,        82
44840.7590625 ,    0.77335 ,  32711 ,  7FC7 ,        61
44840.7674421 ,    0.43502 ,  49147 ,  BFFB ,        38
44840.8406713 ,    0.85605 ,  64382 ,  FB7E ,        38
44840.8407639 ,    0.43526 ,  64382 ,  FB7E ,        51
44840.8516551 ,    0.75751 ,  32711 ,  7FC7 ,        53
44840.9204282 ,    0.57324 ,  17436 ,  441C ,        38
44840.9753009 ,    0.32676 ,  49147 ,  BFFB ,        52
44840.9942824 ,    0.84667 ,    9177 ,  23D9 ,        53
44841.0360880 ,    0.01373 ,  49147 ,  BFFB ,        38
44841.0868171 ,    0.24859 ,  64382 ,  FB7E ,        49
44841.3345486 ,    0.62450 ,  53219 ,  CFE3 ,        59
44841.3645949 ,    0.84683 ,  64382 ,  FB7E ,        39
44841.4377662 ,    0.03518 ,  49095 ,  BFC7 ,        53
44841.5797106 ,    0.81249 ,  63430 ,  F7C6 ,        39
44841.6604745 ,    0.75263 ,    9447 ,  24E7 ,        41
44841.7550926 ,    0.07286 ,  62447 ,  F3EF ,        53
44841.7850116 ,    0.08789 ,  65332 ,  FF34 ,        39
44841.9126736 ,    0.25421 ,  41344 ,  A180 ,        40
44842.3122338 ,    0.43516 ,  27910 ,  6D06 ,        40
44842.3729514 ,    0.42069 ,    3098 ,  0C1A ,        38
44842.5593750 ,    0.66907 ,  15886 ,  3E0E ,        54
44842.7738194 ,    0.64979 ,    9177 ,  23D9 ,        40
44842.9985648 ,    0.71565 ,  63474 ,  F7F2 ,        39
44843.2232292 ,    0.30710 ,  63474 ,  F7F2 ,        53
44843.4136690 ,    0.63482 ,  49147 ,  BFFB ,        40
44843.4996875 ,    0.28425 ,  49147 ,  BFFB ,        53
44843.7251273 ,    0.37027 ,  49147 ,  BFFB ,        40
44843.8141435 ,    0.68743 ,  64382 ,  FB7E ,        53
44843.8749421 ,    0.71675 ,    1037 ,  040D ,        54
44844.1484259 ,    0.49293 ,    7489 ,  1D41 ,        40
44844.1804745 ,    0.61939 ,    5087 ,  13DF ,        40
44844.2590625 ,    0.03408 ,  49095 ,  BFC7 ,        54
44844.5045023 ,    0.05830 ,  49147 ,  BFFB ,        54
44844.6971296 ,    0.23313 ,    8239 ,  202F ,        41
44844.9454514 ,    0.59570 ,  64382 ,  FB7E ,        40
44844.9842940 ,    0.67929 ,  48641 ,  BE01 ,        40
44845.0332523 ,    0.73353 ,  61402 ,  EFDA ,        40
44845.0421759 ,    0.59676 ,  49095 ,  BFC7 ,        40
44845.1548264 ,    0.64975 ,  32529 ,  7F11 ,        40
44845.2048148 ,    0.77217 ,  49147 ,  BFFB ,        40
44845.2120255 ,    0.58293 ,  64382 ,  FB7E ,        38
44845.2534259 ,    0.11326 ,  53221 ,  CFE5 ,        40
44845.3027199 ,    0.04140 ,  57116 ,  DF1C ,        53
44845.3621528 ,    0.02750 ,  49095 ,  BFC7 ,        40
44845.3789236 ,    0.44241 ,  27150 ,  6A0E ,        40
44845.4607407 ,    0.23443 ,  63474 ,  F7F2 ,        40
44845.4945023 ,    0.02071 ,  64690 ,  FCB2 ,        40
44845.6876505 ,    0.52512 ,  12678 ,  3186 ,        53
44845.8077778 ,    0.99537 ,    9177 ,  23D9 ,        49
44845.8195833 ,    0.48904 ,  11396 ,  2C84 ,        37
44845.8367245 ,    0.44241 ,  49095 ,  BFC7 ,        40
44845.9348843 ,    0.51276 ,  65332 ,  FF34 ,        40
44845.9387269 ,    0.67951 ,  49095 ,  BFC7 ,        40
44846.1778935 ,    0.42516 ,  16366 ,  3FEE ,        40
44846.4606829 ,    0.14844 ,  64382 ,  FB7E ,        40
44846.5900694 ,    0.71075 ,  49147 ,  BFFB ,        40
44846.7214352 ,    0.37291 ,    3098 ,  0C1A ,        40
44846.7899537 ,    0.69849 ,  65094 ,  FE46 ,        40
44846.8589583 ,    0.43353 ,  58857 ,  E5E9 ,        40
44846.8595255 ,    0.56733 ,  60990 ,  EE3E ,        53
44847.0424653 ,    0.58694 ,  58294 ,  E3B6 ,        40
44847.1934838 ,    0.01126 ,  64382 ,  FB7E ,        54
44847.2741551 ,    0.92358 ,  49147 ,  BFFB ,        40
44847.2742130 ,    0.28154 ,  49147 ,  BFFB ,        40
44847.3432523 ,    0.47536 ,  15182 ,  3B4E ,        54
44847.4292824 ,    0.63179 ,  49147 ,  BFFB ,        40
44847.5723380 ,    0.60446 ,  39560 ,  9A88 ,        41
44847.5804861 ,    0.86351 ,  49147 ,  BFFB ,        40
44847.6553356 ,    0.54688 ,  55778 ,  D9E2 ,        54
44847.7496296 ,    0.45319 ,  49095 ,  BFC7 ,        40
44847.9998958 ,    0.54854 ,  33914 ,  847A ,        54
44848.0042361 ,    0.53260 ,  49095 ,  BFC7 ,        40
44848.0574074 ,    0.48098 ,    3985 ,  0F91 ,        42
44848.1011111 ,    0.34238 ,  47595 ,  B9EB ,        40
44848.2279630 ,    0.66947 ,  28389 ,  6EE5 ,        40
44848.2604861 ,    0.61816 ,  65483 ,  FFCB ,        41
44848.4860764 ,    0.13466 ,  10363 ,  287B ,        53
44848.5725926 ,    0.27158 ,  49147 ,  BFFB ,        38
44848.6835301 ,    0.82197 ,  25315 ,  62E3 ,        39
44849.0099306 ,    0.88684 ,  33412 ,  8284 ,        39
44849.0312847 ,    0.00547 ,  30788 ,  7844 ,        39
44849.0668171 ,    0.22464 ,    3098 ,  0C1A ,        39
44849.1747106 ,    0.01291 ,  29109 ,  71B5 ,        41
44849.2002546 ,    0.04015 ,  18913 ,  49E1 ,        40
44849.2150694 ,    0.44361 ,  14369 ,  3821 ,        40
44849.2839583 ,    0.58963 ,  53127 ,  CF87 ,        40
44849.3852778 ,    0.69160 ,  49147 ,  BFFB ,        39
44849.5785301 ,    0.91562 ,  62925 ,  F5CD ,        53
44849.6346875 ,    0.60974 ,  49147 ,  BFFB ,        53
44849.7107292 ,    0.90870 ,    8832 ,  2280 ,        40
44849.7490625 ,    0.50469 ,    8832 ,  2280 ,        53
44850.1050926 ,    0.61845 ,  11703 ,  2DB7 ,        53
44850.2261574 ,    0.91754 ,    3985 ,  0F91 ,        39
44850.3923495 ,    0.26688 ,    7525 ,  1D65 ,        39
44850.4115394 ,    0.63933 ,    8239 ,  202F ,        39
44850.4837847 ,    0.70149 ,  49147 ,  BFFB ,        51
44850.4909144 ,    0.36717 ,  52329 ,  CC69 ,        52
44850.5045023 ,    0.05198 ,  49147 ,  BFFB ,        53
44850.5777894 ,    0.58296 ,  64382 ,  FB7E ,        40
44850.6043519 ,    0.36012 ,  64382 ,  FB7E ,        39
44850.6096065 ,    0.92850 ,  58799 ,  E5AF ,        40
44850.6127894 ,    0.10229 ,  49095 ,  BFC7 ,        40
44850.6178472 ,    0.00242 ,  49147 ,  BFFB ,        40
44850.6266667 ,    0.17311 ,  33774 ,  83EE ,        41
44850.6268981 ,    0.03732 ,  49147 ,  BFFB ,        50
44850.6539236 ,    0.15290 ,  64382 ,  FB7E ,        51
44850.6708681 ,    0.27540 ,  64382 ,  FB7E ,        40
44850.6901273 ,    0.97079 ,  24581 ,  6005 ,        35
44850.6940162 ,    0.69098 ,  64382 ,  FB7E ,        52
44850.7034144 ,    0.69801 ,  49147 ,  BFFB ,        40
44850.7095833 ,    0.31603 ,  49147 ,  BFFB ,        40
44850.7324421 ,    0.80627 ,  64382 ,  FB7E ,        51
44850.7325694 ,    0.52761 ,  64382 ,  FB7E ,        51
44850.7854398 ,    0.33319 ,  49095 ,  BFC7 ,        40
44850.7967245 ,    0.71051 ,  65094 ,  FE46 ,        51
44850.8090394 ,    0.92690 ,  64382 ,  FB7E ,        49
44850.8090972 ,    0.46579 ,  64382 ,  FB7E ,        40
44850.8273264 ,    0.10238 ,  49147 ,  BFFB ,        40
44850.8511227 ,    0.94446 ,  11664 ,  2D90 ,        50
44850.9646528 ,    0.91934 ,  50144 ,  C3E0 ,        40
44850.9926157 ,    0.86493 ,  49147 ,  BFFB ,        50
44851.0210185 ,    0.51616 ,  49147 ,  BFFB ,        50
44851.0740509 ,    0.44112 ,  49147 ,  BFFB ,        41
44851.1385880 ,    0.89327 ,  49147 ,  BFFB ,        41
44851.1789468 ,    0.07478 ,  49147 ,  BFFB ,        40
44851.2349537 ,    0.09974 ,  49147 ,  BFFB ,        47
44851.2351042 ,    0.00341 ,  49147 ,  BFFB ,        50
44851.2566782 ,    0.72698 ,  49147 ,  BFFB ,        41
44851.2889005 ,    0.39153 ,  64382 ,  FB7E ,        40
44851.2890278 ,    0.06655 ,  64382 ,  FB7E ,        40
44851.3807639 ,    0.49267 ,  49095 ,  BFC7 ,        40
44851.5291088 ,    0.99448 ,  65094 ,  FE46 ,        41
44851.5806481 ,    0.51144 ,  64382 ,  FB7E ,        41
44851.5908681 ,    0.35592 ,  27293 ,  6A9D ,        41
44851.5985185 ,    0.39451 ,  49095 ,  BFC7 ,        41
44851.6191667 ,    0.51184 ,  64382 ,  FB7E ,        41
44851.6192593 ,    0.77289 ,  64382 ,  FB7E ,        41
44851.6193634 ,    0.42712 ,  64382 ,  FB7E ,        41
44851.7023495 ,    0.26436 ,  64382 ,  FB7E ,        41
44851.7148727 ,    0.30182 ,  49147 ,  BFFB ,        41
44851.7591088 ,    0.25382 ,  49147 ,  BFFB ,        44
44851.7871065 ,    0.13941 ,  65312 ,  FF20 ,        42
44851.8189236 ,    0.01164 ,  65332 ,  FF34 ,        41
44851.8433333 ,    0.72770 ,    3098 ,  0C1A ,        45
44851.8443981 ,    0.47656 ,  49147 ,  BFFB ,        41
44851.8488079 ,    0.76334 ,  49095 ,  BFC7 ,        45
44851.8724537 ,    0.71205 ,  49147 ,  BFFB ,        41
44851.9167361 ,    0.52514 ,  64382 ,  FB7E ,        41
44851.9462847 ,    0.52360 ,    8239 ,  202F ,        41
44851.9691898 ,    0.74289 ,  49147 ,  BFFB ,        43
44852.0017940 ,    0.94305 ,  14369 ,  3821 ,        41
44852.0231713 ,    0.59904 ,  64382 ,  FB7E ,        41
44852.0245139 ,    0.70828 ,  49147 ,  BFFB ,        41
44852.0247106 ,    0.00785 ,  49147 ,  BFFB ,        41
44852.0337037 ,    0.08429 ,  49147 ,  BFFB ,        42
44852.0774884 ,    0.56860 ,  63474 ,  F7F2 ,        46
44852.0929051 ,    0.43320 ,  25315 ,  62E3 ,        45
44852.1390394 ,    0.32973 ,  16604 ,  40DC ,        41
44852.1756019 ,    0.02160 ,  64382 ,  FB7E ,        41
44852.2099537 ,    0.87630 ,  64382 ,  FB7E ,        45
44852.2682060 ,    0.75695 ,  49147 ,  BFFB ,        41
44852.2989931 ,    0.73718 ,  49147 ,  BFFB ,        44
44852.3115972 ,    0.44618 ,  50789 ,  C665 ,        41
44852.4368866 ,    0.26268 ,    8239 ,  202F ,        41
44852.4975116 ,    0.50246 ,  64382 ,  FB7E ,        41
44852.5372569 ,    0.90832 ,  49147 ,  BFFB ,        41
44852.6025926 ,    0.63652 ,    3985 ,  0F91 ,        41
44852.6529398 ,    0.70965 ,  64382 ,  FB7E ,        41
44852.6821065 ,    0.78083 ,  49147 ,  BFFB ,        40
44852.7393866 ,    0.66304 ,  49147 ,  BFFB ,        51
44852.7750579 ,    0.99098 ,  28775 ,  7067 ,        40
44852.7984259 ,    0.93825 ,  49147 ,  BFFB ,        41
44852.8360301 ,    0.43730 ,  15843 ,  3DE3 ,        41
44852.8737847 ,    0.20733 ,  11039 ,  2B1F ,        40
44852.8768403 ,    0.42055 ,  49147 ,  BFFB ,        40
44852.9375116 ,    0.46888 ,  11396 ,  2C84 ,        40
44852.9729398 ,    0.81323 ,  64382 ,  FB7E ,        40
44853.0041088 ,    0.85682 ,  64382 ,  FB7E ,        40
44853.0220949 ,    0.09180 ,  49147 ,  BFFB ,        41
44853.0332523 ,    0.69739 ,  64382 ,  FB7E ,        40
44853.0668519 ,    0.62455 ,  64382 ,  FB7E ,        40
44853.1874537 ,    0.99498 ,  36894 ,  901E ,        41
44853.2037384 ,    0.24931 ,  49147 ,  BFFB ,        40
44853.2074421 ,    0.58716 ,  49147 ,  BFFB ,        40
44853.2191435 ,    0.01015 ,  49147 ,  BFFB ,        40
44853.2380671 ,    0.37756 ,  64382 ,  FB7E ,        40
44853.2634259 ,    0.71793 ,    3212 ,  0C8C ,        41
44853.2932639 ,    0.09674 ,  49147 ,  BFFB ,        40
44853.3041782 ,    0.21173 ,  49147 ,  BFFB ,        40
44853.3093634 ,    0.09084 ,  49147 ,  BFFB ,        40
44853.4024769 ,    0.28341 ,  49147 ,  BFFB ,        40
44853.4166435 ,    0.54216 ,  64382 ,  FB7E ,        40
44853.4282755 ,    0.54470 ,  65312 ,  FF20 ,        41
44853.4531944 ,    0.76091 ,  49147 ,  BFFB ,        40
44853.4534954 ,    0.14469 ,  49147 ,  BFFB ,        40
44853.4597222 ,    0.39369 ,  64382 ,  FB7E ,        40
44853.5679167 ,    0.90477 ,  28473 ,  6F39 ,        40
44853.6277894 ,    0.87698 ,  49147 ,  BFFB ,        41
44853.6379167 ,    0.63347 ,  49147 ,  BFFB ,        41
44853.8028819 ,    0.93606 ,  64382 ,  FB7E ,        40
44853.8322917 ,    0.08083 ,  62447 ,  F3EF ,        41
44853.8325000 ,    0.04896 ,  62447 ,  F3EF ,        41
44853.8329167 ,    0.01478 ,  62447 ,  F3EF ,        40
44853.8329861 ,    0.01320 ,  62447 ,  F3EF ,        40
44853.8332639 ,    0.00785 ,  62447 ,  F3EF ,        41
44853.8430324 ,    0.22164 ,    3501 ,  0DAD ,        41
44853.8979051 ,    0.37992 ,  49147 ,  BFFB ,        41
44853.8981134 ,    0.02030 ,  49147 ,  BFFB ,        41
44853.9248264 ,    0.00403 ,  64382 ,  FB7E ,        41
44853.9420370 ,    0.04543 ,  49147 ,  BFFB ,        41
44854.0135995 ,    0.40183 ,  10689 ,  29C1 ,        41
44854.0193634 ,    0.04442 ,  49147 ,  BFFB ,        41
44854.0678819 ,    0.71767 ,  13335 ,  3417 ,        44
44854.0680903 ,    0.64067 ,  13335 ,  3417 ,        41
44854.0814931 ,    0.78307 ,  49147 ,  BFFB ,        42
44854.1492593 ,    0.81316 ,  22496 ,  57E0 ,        41
44854.1565046 ,    0.30840 ,  14085 ,  3705 ,        42
44854.2115509 ,    0.83284 ,  64382 ,  FB7E ,        42
44854.2138194 ,    0.53517 ,  64382 ,  FB7E ,        41
44854.2397569 ,    0.56066 ,    6839 ,  1AB7 ,        41
44854.2399653 ,    0.51540 ,    6839 ,  1AB7 ,        39
44854.2512037 ,    0.46521 ,  64382 ,  FB7E ,        41
44854.3659954 ,    0.51727 ,    6713 ,  1A39 ,        41
44854.4065394 ,    0.76924 ,  49147 ,  BFFB ,        41
44854.4230093 ,    0.56308 ,  64382 ,  FB7E ,        41
44854.4277662 ,    0.30775 ,  49147 ,  BFFB ,        42
44854.4771065 ,    0.76559 ,      956 ,  03BC ,        41
44854.4818750 ,    0.06242 ,  64382 ,  FB7E ,        41
44854.4867477 ,    0.41875 ,  49147 ,  BFFB ,        41
44854.4897106 ,    0.01814 ,  49095 ,  BFC7 ,        41
44854.5703009 ,    0.98174 ,  17436 ,  441C ,        43
44854.6309491 ,    0.48302 ,  26876 ,  68FC ,        43
44854.6672454 ,    0.20409 ,  64382 ,  FB7E ,        41
44854.6679398 ,    0.61104 ,  49147 ,  BFFB ,        41
44854.6799306 ,    0.35210 ,  49147 ,  BFFB ,        41
44854.7323958 ,    0.58941 ,  49095 ,  BFC7 ,        41
44854.7436921 ,    0.57268 ,  64382 ,  FB7E ,        41
44854.7719097 ,    0.84417 ,  33123 ,  8163 ,        41
44854.8119907 ,    0.58233 ,    8239 ,  202F ,        41
44854.8268056 ,    0.14088 ,  62105 ,  F299 ,        43
44854.8268750 ,    0.13327 ,  62105 ,  F299 ,        41
44854.8269444 ,    0.12427 ,  62105 ,  F299 ,        41
44854.8334491 ,    0.23249 ,  64382 ,  FB7E ,        41
44854.8880324 ,    0.16346 ,  57614 ,  E10E ,        44
44854.9411806 ,    0.91420 ,  49147 ,  BFFB ,        45
44854.9517477 ,    0.38779 ,  49147 ,  BFFB ,        44
44854.9556944 ,    0.21996 ,  64382 ,  FB7E ,        43
44854.9892130 ,    0.62611 ,  64382 ,  FB7E ,        41
44854.9969792 ,    0.06953 ,  49147 ,  BFFB ,        41
44855.0222454 ,    0.67319 ,  49147 ,  BFFB ,        41
44855.0563310 ,    0.73075 ,  64382 ,  FB7E ,        41
44855.1099421 ,    0.05273 ,  49095 ,  BFC7 ,        43
44855.1344560 ,    0.45091 ,  64382 ,  FB7E ,        41
44855.1496528 ,    0.89550 ,  64382 ,  FB7E ,        41
44855.1861806 ,    0.23088 ,  49147 ,  BFFB ,        42
44855.1876852 ,    0.76295 ,  49147 ,  BFFB ,        45
44855.2419907 ,    0.93431 ,  28775 ,  7067 ,        41
44855.3570718 ,    0.02959 ,  12678 ,  3186 ,        41
44855.3645949 ,    0.63160 ,  30788 ,  7844 ,        45
44855.3763889 ,    0.40327 ,  53219 ,  CFE3 ,        41
44855.3831829 ,    0.01164 ,  64382 ,  FB7E ,        45
44855.4644097 ,    0.03480 ,  49147 ,  BFFB ,        41
44855.4769792 ,    0.72023 ,  64382 ,  FB7E ,        45
44855.4914815 ,    0.32556 ,  64382 ,  FB7E ,        44
44855.5240856 ,    0.35515 ,  49147 ,  BFFB ,        45
44855.5441088 ,    0.54067 ,  64382 ,  FB7E ,        41
44855.5460532 ,    0.79699 ,  49147 ,  BFFB ,        46
44855.5487037 ,    0.62719 ,  49147 ,  BFFB ,        44
44855.5531481 ,    0.43672 ,  39327 ,  999F ,        41
44855.5672106 ,    0.83721 ,  49147 ,  BFFB ,        45
44855.5803241 ,    0.29949 ,  49147 ,  BFFB ,        41
44855.6068056 ,    0.67178 ,  49147 ,  BFFB ,        41
44855.6237500 ,    0.48720 ,  49147 ,  BFFB ,        41
44855.6486806 ,    0.33895 ,  10689 ,  29C1 ,        43
44855.6933102 ,    0.19341 ,    8832 ,  2280 ,        41
44855.7018171 ,    0.11842 ,  64382 ,  FB7E ,        41
44855.7033796 ,    0.13166 ,  49147 ,  BFFB ,        43
44855.7037963 ,    0.72676 ,  20051 ,  4E53 ,        42
44855.7045718 ,    0.85168 ,    8239 ,  202F ,        41
44855.7226620 ,    0.70437 ,  49147 ,  BFFB ,        41
44855.8007060 ,    0.16747 ,  64382 ,  FB7E ,        41
44855.8323495 ,    0.46737 ,  49147 ,  BFFB ,        43
44855.8428588 ,    0.77092 ,  49147 ,  BFFB ,        43
44855.8556481 ,    0.03384 ,    7674 ,  1DFA ,        43
44855.8784838 ,    0.74344 ,  49147 ,  BFFB ,        41
44855.8925347 ,    0.67408 ,  49147 ,  BFFB ,        41
44855.9791204 ,    0.42408 ,  23415 ,  5B77 ,        41
44855.9810532 ,    0.15401 ,  49147 ,  BFFB ,        41
44856.0107407 ,    0.48410 ,  28775 ,  7067 ,        43
44856.0390162 ,    0.99945 ,  49147 ,  BFFB ,        43
44856.0937153 ,    0.14652 ,  52111 ,  CB8F ,        41
44856.1579167 ,    0.02623 ,    8239 ,  202F ,        43
44856.1608449 ,    0.50052 ,  49095 ,  BFC7 ,        41
44856.1975810 ,    0.72136 ,      956 ,  03BC ,        43
44856.2522222 ,    0.15432 ,  49147 ,  BFFB ,        41
44856.2571065 ,    0.65642 ,  49147 ,  BFFB ,        41
44856.2679398 ,    0.68217 ,  32711 ,  7FC7 ,        43
44856.2775000 ,    0.23006 ,  20032 ,  4E40 ,        43
44856.2824074 ,    0.81880 ,      799 ,  031F ,        43
44856.3193056 ,    0.44124 ,  64382 ,  FB7E ,        44
44856.3461111 ,    0.01663 ,  49147 ,  BFFB ,        43
44856.3552662 ,    0.31807 ,  64382 ,  FB7E ,        41
44856.4260069 ,    0.82286 ,  49147 ,  BFFB ,        41
44856.4312153 ,    0.30713 ,  49147 ,  BFFB ,        43
44856.4355324 ,    0.67367 ,  49147 ,  BFFB ,        41
44856.4486690 ,    0.52411 ,  49147 ,  BFFB ,        43
44856.5459606 ,    0.83678 ,  64382 ,  FB7E ,        42
44856.5589236 ,    0.42952 ,  65332 ,  FF34 ,        41
44856.6175463 ,    0.15981 ,  49147 ,  BFFB ,        41
44856.6408449 ,    0.01289 ,  64382 ,  FB7E ,        41
44856.7338426 ,    0.48412 ,  16366 ,  3FEE ,        41
44856.7655093 ,    0.75633 ,  49147 ,  BFFB ,        41
44856.7670833 ,    0.00178 ,    5087 ,  13DF ,        41
44856.7826157 ,    0.37322 ,  64382 ,  FB7E ,        41
44856.7983218 ,    0.78475 ,  63474 ,  F7F2 ,        41
44856.7983449 ,    0.15859 ,  63474 ,  F7F2 ,        41
44856.8127083 ,    0.85279 ,  62447 ,  F3EF ,        42
44856.8379398 ,    0.70322 ,  49147 ,  BFFB ,        41
44856.8418981 ,    0.14983 ,  10363 ,  287B ,        41
44856.8785301 ,    0.63849 ,  38365 ,  95DD ,        40
44856.8834028 ,    0.43233 ,  49147 ,  BFFB ,        41
44856.9061227 ,    0.50661 ,  20188 ,  4EDC ,        38
44856.9233449 ,    0.24806 ,  49147 ,  BFFB ,        41
44856.9396412 ,    0.04862 ,  64382 ,  FB7E ,        41
44856.9411574 ,    0.35105 ,  49147 ,  BFFB ,        41
44856.9634491 ,    0.56803 ,  12850 ,  3232 ,        41
44856.9713310 ,    0.62649 ,  64382 ,  FB7E ,        41
44857.0100347 ,    0.53966 ,  64382 ,  FB7E ,        40
44857.0152083 ,    0.40248 ,  65483 ,  FFCB ,        41
44857.0281134 ,    0.43087 ,  64382 ,  FB7E ,        41
44857.0307176 ,    0.12746 ,  64382 ,  FB7E ,        42
44857.0308218 ,    0.83522 ,  64382 ,  FB7E ,        41
44857.0516667 ,    0.39112 ,    5079 ,  13D7 ,        41
44857.0572685 ,    0.03362 ,  64382 ,  FB7E ,        43
44857.0670370 ,    0.87818 ,  64382 ,  FB7E ,        41
44857.1124769 ,    0.35217 ,  58137 ,  E319 ,        41
44857.1389931 ,    0.89678 ,  32926 ,  809E ,        43
44857.2309375 ,    0.38824 ,  62447 ,  F3EF ,        41
44857.2512037 ,    0.50212 ,  49147 ,  BFFB ,        41
44857.3039699 ,    0.95363 ,  48641 ,  BE01 ,        42
44857.3961111 ,    0.33657 ,  64382 ,  FB7E ,        45
44857.3974884 ,    0.88175 ,  64382 ,  FB7E ,        41
44857.4165162 ,    0.14371 ,  36809 ,  8FC9 ,        41
44857.4179167 ,    0.21161 ,  63969 ,  F9E1 ,        41
44857.4359722 ,    0.55358 ,  49147 ,  BFFB ,        41
44857.4976505 ,    0.65462 ,  25974 ,  6576 ,        43
44857.5078935 ,    0.28397 ,  14230 ,  3796 ,        41
44857.5182523 ,    0.30917 ,  25483 ,  638B ,        41
44857.5278009 ,    0.68661 ,  64382 ,  FB7E ,        41
44857.5662500 ,    0.80164 ,  49147 ,  BFFB ,        41
44857.5812153 ,    0.53666 ,  49147 ,  BFFB ,        55
44857.6231134 ,    0.56887 ,  16604 ,  40DC ,        41
44857.6317708 ,    0.59532 ,  63474 ,  F7F2 ,        41
44857.6536921 ,    0.99354 ,  49147 ,  BFFB ,        43
44857.6671991 ,    0.23671 ,  64382 ,  FB7E ,        41
44857.7076389 ,    0.89003 ,  64382 ,  FB7E ,        41
44857.7212963 ,    0.20697 ,  17436 ,  441C ,        41
44857.7264352 ,    0.26352 ,  64382 ,  FB7E ,        42
44857.8126620 ,    0.64067 ,  49147 ,  BFFB ,        41
44857.8222106 ,    0.93854 ,  64382 ,  FB7E ,        41
44857.8412847 ,    0.81369 ,  23579 ,  5C1B ,        43
44857.8671181 ,    0.28277 ,  49147 ,  BFFB ,        41
44857.8750231 ,    0.57775 ,  64382 ,  FB7E ,        41
44857.8776968 ,    0.47232 ,  64382 ,  FB7E ,        41
44857.9084144 ,    0.95963 ,  49147 ,  BFFB ,        40
44857.9175926 ,    0.24120 ,  49095 ,  BFC7 ,        43
44857.9490046 ,    0.79756 ,  28775 ,  7067 ,        41
44857.9565394 ,    0.22997 ,  49147 ,  BFFB ,        41
44857.9652315 ,    0.51472 ,  49662 ,  C1FE ,        44
44857.9812384 ,    0.63184 ,  49147 ,  BFFB ,        42
44857.9945370 ,    0.39621 ,  64382 ,  FB7E ,        41
44858.0109606 ,    0.42396 ,    4731 ,  127B ,        47
44858.0414236 ,    0.42537 ,  49147 ,  BFFB ,        41
44858.0416667 ,    0.01663 ,    3063 ,  0BF7 ,        41
44858.0425694 ,    0.12595 ,  50936 ,  C6F8 ,        41
44858.0526042 ,    0.87674 ,  64382 ,  FB7E ,        43
44858.1149421 ,    0.45204 ,  64382 ,  FB7E ,        41
44858.1832870 ,    0.24557 ,  65483 ,  FFCB ,        44
44858.1994097 ,    0.40920 ,  49147 ,  BFFB ,        44
44858.1994213 ,    0.24122 ,  49147 ,  BFFB ,        45
44858.2844329 ,    0.88727 ,  49147 ,  BFFB ,        41
44858.2976273 ,    0.09602 ,  49147 ,  BFFB ,        45
44858.3114005 ,    0.01620 ,  64382 ,  FB7E ,        42
44858.3439352 ,    0.13358 ,  49147 ,  BFFB ,        45
44858.3895486 ,    0.85634 ,  19739 ,  4D1B ,        41
44858.3920370 ,    0.88521 ,  49147 ,  BFFB ,        44
44858.4044329 ,    0.77231 ,  65312 ,  FF20 ,        41
44858.4242130 ,    0.17685 ,  64382 ,  FB7E ,        41
44858.4280440 ,    0.99830 ,  64382 ,  FB7E ,        44
44858.4321759 ,    0.24305 ,  32565 ,  7F35 ,        43
44858.4324884 ,    0.78175 ,  49147 ,  BFFB ,        44
44858.4393750 ,    0.12998 ,  49147 ,  BFFB ,        41
44858.4413194 ,    0.04637 ,  10689 ,  29C1 ,        42
44858.4454745 ,    0.85845 ,  16580 ,  40C4 ,        41
44858.5033912 ,    0.20808 ,  64382 ,  FB7E ,        41
44858.5823148 ,    0.14969 ,  64382 ,  FB7E ,        41
44858.6020718 ,    0.43665 ,  49147 ,  BFFB ,        41
44858.6284144 ,    0.91763 ,    8832 ,  2280 ,        41
44858.6519213 ,    0.62455 ,  49147 ,  BFFB ,        41
44858.6890394 ,    0.32738 ,  64382 ,  FB7E ,        41
44858.6900463 ,    0.98512 ,  49147 ,  BFFB ,        41
44858.7076736 ,    0.52711 ,  49147 ,  BFFB ,        41
44858.7448958 ,    0.57340 ,  49095 ,  BFC7 ,        41
44858.7742940 ,    0.70600 ,  49147 ,  BFFB ,        41
44858.7805903 ,    0.80411 ,  49147 ,  BFFB ,        41
44858.7958565 ,    0.91012 ,    4114 ,  1012 ,        41
44858.8282639 ,    0.82327 ,  64382 ,  FB7E ,        41
44858.8665162 ,    0.35179 ,  41344 ,  A180 ,        41
44858.8885417 ,    0.70382 ,  49147 ,  BFFB ,        41
44858.9064468 ,    0.09497 ,  49147 ,  BFFB ,        41
44858.9184375 ,    0.81731 ,  40758 ,  9F36 ,        43
44858.9250000 ,    0.86378 ,  49147 ,  BFFB ,        41
44858.9518287 ,    0.07097 ,  64382 ,  FB7E ,        41
44858.9703588 ,    0.42787 ,  63430 ,  F7C6 ,        41
44859.0072454 ,    0.54933 ,      799 ,  031F ,        41
44859.0194097 ,    0.06226 ,  25483 ,  638B ,        41
44859.0572222 ,    0.53973 ,  64382 ,  FB7E ,        41
44859.1446644 ,    0.90508 ,      491 ,  01EB ,        41
44859.1562153 ,    0.04039 ,  49147 ,  BFFB ,        41
44859.1620949 ,    0.29815 ,  64382 ,  FB7E ,        41
44859.2076620 ,    0.46816 ,  49147 ,  BFFB ,        42
44859.2249074 ,    0.59253 ,  49147 ,  BFFB ,        41
44859.3321181 ,    0.71395 ,    3985 ,  0F91 ,        41
44859.3502315 ,    0.49845 ,  49147 ,  BFFB ,        41
44859.4062616 ,    0.23102 ,  16366 ,  3FEE ,        41
44859.4426273 ,    0.15943 ,  49147 ,  BFFB ,        43
44859.4705324 ,    0.51052 ,  49147 ,  BFFB ,        41
44859.5090162 ,    0.39943 ,  30266 ,  763A ,        42
44859.5430324 ,    0.72763 ,  65312 ,  FF20 ,        41
44859.5750926 ,    0.36151 ,  49095 ,  BFC7 ,        41
44859.5899884 ,    0.74387 ,  64382 ,  FB7E ,        41
44859.6006134 ,    0.96381 ,  49147 ,  BFFB ,        41
44859.6627431 ,    0.19041 ,  49593 ,  C1B9 ,        41
44859.6653472 ,    0.20167 ,  49147 ,  BFFB ,        41
44859.6978588 ,    0.40756 ,  64382 ,  FB7E ,        41
44859.7843403 ,    0.88605 ,  63969 ,  F9E1 ,        41
44859.7858565 ,    0.85346 ,  23579 ,  5C1B ,        41
44859.8180787 ,    0.50822 ,  64382 ,  FB7E ,        41
44859.8445486 ,    0.35184 ,  14369 ,  3821 ,        41
44859.8603472 ,    0.19519 ,  64382 ,  FB7E ,        41
44859.8632870 ,    0.40526 ,  49095 ,  BFC7 ,        38
44859.8896644 ,    0.12590 ,  15230 ,  3B7E ,        41
44859.9523843 ,    0.86013 ,  64382 ,  FB7E ,        41
44859.9582986 ,    0.12643 ,  64382 ,  FB7E ,        41
44859.9645139 ,    0.24367 ,  49147 ,  BFFB ,        43
44860.0491667 ,    0.76017 ,  17926 ,  4606 ,        36
44860.0586227 ,    0.67773 ,  49147 ,  BFFB ,        41
44860.0587500 ,    0.83555 ,  49147 ,  BFFB ,        41
44860.0599769 ,    0.80251 ,  24581 ,  6005 ,        44
44860.1465394 ,    0.67730 ,  64382 ,  FB7E ,        41
44860.1741088 ,    0.48040 ,  49147 ,  BFFB ,        41
44860.1951736 ,    0.21953 ,  49147 ,  BFFB ,        46
44860.2114583 ,    0.21276 ,  64382 ,  FB7E ,        41
44860.2154051 ,    0.63899 ,  49147 ,  BFFB ,        41
44860.2569329 ,    0.22193 ,  64382 ,  FB7E ,        41
44860.2584028 ,    0.85545 ,  49147 ,  BFFB ,        41
44860.2917477 ,    0.06266 ,  49147 ,  BFFB ,        41
44860.3034722 ,    0.48720 ,  49147 ,  BFFB ,        42
44860.3647222 ,    0.22089 ,  49147 ,  BFFB ,        41
44860.3751157 ,    0.86558 ,  49095 ,  BFC7 ,        46
44860.4353819 ,    0.15710 ,  64382 ,  FB7E ,        42
44860.4806250 ,    0.25905 ,  57972 ,  E274 ,        44
44860.4999074 ,    0.86800 ,  49147 ,  BFFB ,        44
44860.5432407 ,    0.12773 ,  64382 ,  FB7E ,        44
44860.6050463 ,    0.52732 ,  49147 ,  BFFB ,        41
44860.6963194 ,    0.28454 ,  49147 ,  BFFB ,        42
44860.7591088 ,    0.41184 ,  49147 ,  BFFB ,        42
44860.7713773 ,    0.53856 ,  49095 ,  BFC7 ,        41
44860.8023264 ,    0.77378 ,  49147 ,  BFFB ,        41
44860.8273032 ,    0.55212 ,  12678 ,  3186 ,        41
44860.8423611 ,    0.65039 ,  24581 ,  6005 ,        41
44860.8512384 ,    0.86385 ,  64382 ,  FB7E ,        41
44860.8733333 ,    0.40154 ,  49147 ,  BFFB ,        41
44860.8911690 ,    0.42427 ,  49147 ,  BFFB ,        41
44860.8956713 ,    0.59263 ,  49147 ,  BFFB ,        41
44860.9013194 ,    0.23757 ,  49147 ,  BFFB ,        43
44860.9014815 ,    0.56880 ,  49147 ,  BFFB ,        41
44860.9110880 ,    0.97636 ,  49147 ,  BFFB ,        41
44860.9390625 ,    0.24945 ,  65312 ,  FF20 ,        42
44860.9461227 ,    0.95819 ,  64382 ,  FB7E ,        41
44860.9473727 ,    0.90940 ,  49147 ,  BFFB ,        41
44860.9859259 ,    0.39151 ,  49147 ,  BFFB ,        45
44861.0095255 ,    0.69743 ,  49147 ,  BFFB ,        41
44861.0095370 ,    0.61152 ,  49147 ,  BFFB ,        41
44861.0821644 ,    0.00809 ,  64382 ,  FB7E ,        41
44861.0961458 ,    0.48331 ,      956 ,  03BC ,        41
44861.1172569 ,    0.75189 ,  64382 ,  FB7E ,        44
44861.1979630 ,    0.74728 ,  49147 ,  BFFB ,        48
44861.2437037 ,    0.89975 ,  49147 ,  BFFB ,        41
44861.3146759 ,    0.39972 ,  49147 ,  BFFB ,        42
44861.3253819 ,    0.62519 ,  64382 ,  FB7E ,        41
44861.3713889 ,    0.73401 ,  64382 ,  FB7E ,        47
44861.3881019 ,    0.92116 ,  64382 ,  FB7E ,        41
44861.4196759 ,    0.00046 ,  49147 ,  BFFB ,        51
44861.4379167 ,    0.51592 ,  39056 ,  9890 ,        48
44861.4522801 ,    0.20961 ,      956 ,  03BC ,        48
44861.5515162 ,    0.48859 ,  49147 ,  BFFB ,        41
44861.5543056 ,    0.54784 ,  65045 ,  FE15 ,        41
44861.5554514 ,    0.47210 ,  65312 ,  FF20 ,        46
44861.6009954 ,    0.15660 ,  49147 ,  BFFB ,        41
44861.6241898 ,    0.63079 ,  49095 ,  BFC7 ,        41
44861.6730093 ,    0.96657 ,  29717 ,  7415 ,        41
44861.6904282 ,    0.08086 ,  65332 ,  FF34 ,        41
44861.7613889 ,    0.16884 ,  64382 ,  FB7E ,        41
44861.7992593 ,    0.64730 ,  49095 ,  BFC7 ,        43
44861.8053356 ,    0.75016 ,  65312 ,  FF20 ,        43
44861.8964931 ,    0.95649 ,  53219 ,  CFE3 ,        41
44861.9038079 ,    0.16797 ,  63474 ,  F7F2 ,        41
44861.9250694 ,    0.81023 ,      799 ,  031F ,        41
44861.9274653 ,    0.90050 ,  50144 ,  C3E0 ,        41
44861.9452778 ,    0.23640 ,  49095 ,  BFC7 ,        44
44861.9794444 ,    0.24458 ,  15843 ,  3DE3 ,        41
44862.0237616 ,    0.05256 ,  64382 ,  FB7E ,        44
44862.0257870 ,    0.07404 ,  63723 ,  F8EB ,        45
44862.0871644 ,    0.95106 ,  49147 ,  BFFB ,        45
44862.0872801 ,    0.50008 ,  49147 ,  BFFB ,        46
44862.0957755 ,    0.70495 ,    9177 ,  23D9 ,        45
44862.0971759 ,    0.78011 ,  49147 ,  BFFB ,        41
44862.1191551 ,    0.18425 ,  49147 ,  BFFB ,        41
44862.1485532 ,    0.53148 ,  64382 ,  FB7E ,        41
44862.1719792 ,    0.09492 ,  31822 ,  7C4E ,        41
44862.1855787 ,    0.22536 ,  36809 ,  8FC9 ,        41
44862.1861343 ,    0.60513 ,    5087 ,  13DF ,        41
44862.1903704 ,    0.58831 ,  64382 ,  FB7E ,        47
44862.1991551 ,    0.50781 ,  49147 ,  BFFB ,        46
44862.2504167 ,    0.06022 ,  49147 ,  BFFB ,        46
44862.3266667 ,    0.25034 ,  49147 ,  BFFB ,        42
44862.3603704 ,    0.25224 ,  49095 ,  BFC7 ,        41
44862.4054514 ,    0.11676 ,  49147 ,  BFFB ,        41
44862.4431829 ,    0.48156 ,  17436 ,  441C ,        41
44862.4544444 ,    0.16735 ,  49147 ,  BFFB ,        41
44862.4780324 ,    0.66758 ,  40758 ,  9F36 ,        41
44862.5000116 ,    0.73454 ,  36117 ,  8D15 ,        41
44862.5273611 ,    0.53760 ,  49147 ,  BFFB ,        41
44862.5785648 ,    0.24785 ,  49147 ,  BFFB ,        41
44862.6362616 ,    0.51475 ,  64382 ,  FB7E ,        41
44862.7791204 ,    0.60758 ,  32711 ,  7FC7 ,        41
44862.8107292 ,    0.11604 ,  49147 ,  BFFB ,        43
44862.8187384 ,    0.43816 ,  49147 ,  BFFB ,        41
44862.8801389 ,    0.14661 ,  64382 ,  FB7E ,        41
44862.9657755 ,    0.72119 ,  64382 ,  FB7E ,        41
44862.9826852 ,    0.45844 ,  64382 ,  FB7E ,        41
44862.9836574 ,    0.63859 ,  49147 ,  BFFB ,        41
44862.9932176 ,    0.20258 ,  28473 ,  6F39 ,        40
44863.0013773 ,    0.25778 ,  49147 ,  BFFB ,        42
44863.0192708 ,    0.66304 ,  17180 ,  431C ,        41
44863.0222569 ,    0.32784 ,  49147 ,  BFFB ,        41
44863.0856134 ,    0.56608 ,  64382 ,  FB7E ,        41
44863.1026852 ,    0.50073 ,  25552 ,  63D0 ,        41
44863.1448380 ,    0.70787 ,  64382 ,  FB7E ,        41
44863.1645833 ,    0.69640 ,    1903 ,  076F ,        43
44863.1950000 ,    0.01987 ,  64382 ,  FB7E ,        43
44863.2068866 ,    0.81683 ,  64382 ,  FB7E ,        42
44863.2110880 ,    0.91250 ,  49147 ,  BFFB ,        41
44863.2426620 ,    0.19087 ,  63969 ,  F9E1 ,        37
44863.3092130 ,    0.25454 ,  64382 ,  FB7E ,        41
44863.3256713 ,    0.41119 ,  64382 ,  FB7E ,        41
44863.3280440 ,    0.83776 ,  49147 ,  BFFB ,        41
44863.3325463 ,    0.81518 ,  49147 ,  BFFB ,        41
44863.3835532 ,    0.64934 ,  64382 ,  FB7E ,        43
44863.3866088 ,    0.93880 ,  49147 ,  BFFB ,        41
44863.4680440 ,    0.67319 ,  32711 ,  7FC7 ,        44
44863.4927315 ,    0.69254 ,  49147 ,  BFFB ,        41
44863.5022454 ,    0.96767 ,    9177 ,  23D9 ,        44
44863.5199190 ,    0.41594 ,  36809 ,  8FC9 ,        41
44863.5523495 ,    0.81537 ,  49147 ,  BFFB ,        41
44863.5550694 ,    0.31766 ,  63474 ,  F7F2 ,        41
44863.5619676 ,    0.49742 ,  49147 ,  BFFB ,        41
44863.7111690 ,    0.39016 ,  20679 ,  50C7 ,        41
44863.7165278 ,    0.56493 ,    9177 ,  23D9 ,        41
44863.7417014 ,    0.76283 ,  56600 ,  DD18 ,        41
44863.7740625 ,    0.85919 ,  64382 ,  FB7E ,        41
44863.7889699 ,    0.76799 ,  64382 ,  FB7E ,        41
44863.8334491 ,    0.16800 ,  49147 ,  BFFB ,        41
44863.8461806 ,    0.94506 ,    8239 ,  202F ,        41
44863.8477315 ,    0.87386 ,  64382 ,  FB7E ,        41
44863.9006366 ,    0.25269 ,  64382 ,  FB7E ,        41
44863.9805208 ,    0.98236 ,  48641 ,  BE01 ,        41
44864.0961458 ,    0.29306 ,  49147 ,  BFFB ,        42
44864.1444444 ,    0.56145 ,  64382 ,  FB7E ,        41
44864.1587731 ,    0.69043 ,  49147 ,  BFFB ,        41
44864.2002546 ,    0.04910 ,  29109 ,  71B5 ,        41
44864.2047454 ,    0.80042 ,  49147 ,  BFFB ,        41
44864.2565046 ,    0.60259 ,  15230 ,  3B7E ,        42
44864.2605324 ,    0.81779 ,    3985 ,  0F91 ,        41
44864.2636111 ,    0.15895 ,  49147 ,  BFFB ,        41
44864.2676273 ,    0.04404 ,  49147 ,  BFFB ,        41
44864.2763889 ,    0.20479 ,  49147 ,  BFFB ,        43
44864.2892014 ,    0.85771 ,    7705 ,  1E19 ,        42
44864.3162847 ,    0.72345 ,  49147 ,  BFFB ,        42
44864.3652431 ,    0.69088 ,  50936 ,  C6F8 ,        42
44864.4115046 ,    0.92747 ,  28473 ,  6F39 ,        41
44864.4187616 ,    0.57892 ,  61186 ,  EF02 ,        43
44864.4267130 ,    0.92565 ,  64382 ,  FB7E ,        41
44864.4293866 ,    0.33278 ,  49147 ,  BFFB ,        55
44864.4422569 ,    0.44383 ,  49147 ,  BFFB ,        42
44864.5013889 ,    0.99825 ,  54273 ,  D401 ,        41
44864.5024190 ,    0.56649 ,  64382 ,  FB7E ,        41
44864.5194097 ,    0.72506 ,  64382 ,  FB7E ,        41
44864.5297106 ,    0.04548 ,  28775 ,  7067 ,        41
44864.5732523 ,    0.78676 ,  64382 ,  FB7E ,        41
44864.5945023 ,    0.79785 ,  64382 ,  FB7E ,        41
44864.6803009 ,    0.01858 ,  29280 ,  7260 ,        41
44864.7023843 ,    0.61329 ,  64382 ,  FB7E ,        41
44864.7081481 ,    0.70783 ,  35352 ,  8A18 ,        41
44864.7501968 ,    0.37293 ,  36894 ,  901E ,        41
44864.7999421 ,    0.30101 ,  49147 ,  BFFB ,        41
44864.8480208 ,    0.91214 ,  65094 ,  FE46 ,        43
44864.8581944 ,    0.37996 ,  49147 ,  BFFB ,        41
44864.8586343 ,    0.42096 ,  49147 ,  BFFB ,        41
44864.8752315 ,    0.03456 ,  64382 ,  FB7E ,        41
44864.8923148 ,    0.89135 ,  63474 ,  F7F2 ,        41
44864.9494329 ,    0.87868 ,  62222 ,  F30E ,        41
44864.9525694 ,    0.04560 ,  52091 ,  CB7B ,        41
44865.0399306 ,    0.08974 ,  48139 ,  BC0B ,        41
44865.0447454 ,    0.38990 ,  64382 ,  FB7E ,        40
44865.0459722 ,    0.12307 ,  49147 ,  BFFB ,        42
44865.0873032 ,    0.55610 ,  63474 ,  F7F2 ,        41
44865.1265278 ,    0.87278 ,  49147 ,  BFFB ,        41
44865.1542361 ,    0.67183 ,  64382 ,  FB7E ,        41
44865.1787731 ,    0.73804 ,  63969 ,  F9E1 ,        42
44865.2651505 ,    0.04320 ,  17436 ,  441C ,        41
44865.2712269 ,    0.70363 ,  49147 ,  BFFB ,        44
44865.2733218 ,    0.81657 ,  49147 ,  BFFB ,        41
44865.2829630 ,    0.91566 ,  49147 ,  BFFB ,        41
44865.3112616 ,    0.09818 ,  57787 ,  E1BB ,        41
44865.3294444 ,    0.70106 ,  49147 ,  BFFB ,        43
44865.3471528 ,    0.43092 ,    7657 ,  1DE9 ,        41
44865.3582639 ,    0.19908 ,  49095 ,  BFC7 ,        41
44865.4244560 ,    0.43116 ,    1291 ,  050B ,        41
44865.4855556 ,    0.32937 ,    3985 ,  0F91 ,        57
44865.4897222 ,    0.07044 ,  64382 ,  FB7E ,        41
44865.4988079 ,    0.75134 ,  64382 ,  FB7E ,        45
44865.5225116 ,    0.57144 ,  49147 ,  BFFB ,        41
44865.5255208 ,    0.23544 ,  49147 ,  BFFB ,        45
44865.5729977 ,    0.68630 ,  36809 ,  8FC9 ,        44
44865.5849074 ,    0.25466 ,  49147 ,  BFFB ,        41
44865.5943634 ,    0.48230 ,    3098 ,  0C1A ,        44
44865.6200926 ,    0.78657 ,  49095 ,  BFC7 ,        45
44865.6203472 ,    0.75184 ,  49095 ,  BFC7 ,        44
44865.6543634 ,    0.98430 ,  64382 ,  FB7E ,        41
44865.6567708 ,    0.00408 ,  49147 ,  BFFB ,        41
44865.6879630 ,    0.47385 ,  16366 ,  3FEE ,        41
44865.7011574 ,    0.37905 ,  51250 ,  C832 ,        41
44865.7363310 ,    0.90131 ,  49095 ,  BFC7 ,        43
44865.7365856 ,    0.27398 ,  49095 ,  BFC7 ,        42
44865.7376736 ,    0.95589 ,  65332 ,  FF34 ,        42
44865.7456134 ,    0.93818 ,  64382 ,  FB7E ,        41
44865.7539468 ,    0.19910 ,  63474 ,  F7F2 ,        55
44865.7656019 ,    0.83594 ,  64382 ,  FB7E ,        42
44865.8038773 ,    0.74762 ,  49147 ,  BFFB ,        41
44865.8801389 ,    0.81938 ,  15613 ,  3CFD ,        41
44865.9357407 ,    0.66981 ,  14085 ,  3705 ,        41
44866.0112269 ,    0.07229 ,  49147 ,  BFFB ,        41
44866.0409954 ,    0.24595 ,  25974 ,  6576 ,        41
44866.1099306 ,    0.01721 ,  49147 ,  BFFB ,        41
44866.1485648 ,    0.35534 ,  25552 ,  63D0 ,        41
44866.1579977 ,    0.58965 ,  58376 ,  E408 ,        42
44866.2102315 ,    0.51660 ,  64382 ,  FB7E ,        41
44866.2112037 ,    0.91026 ,  49147 ,  BFFB ,        43
44866.2179051 ,    0.28601 ,  64382 ,  FB7E ,        41
44866.2389352 ,    0.35995 ,  49147 ,  BFFB ,        41
44866.2679051 ,    0.19795 ,    5087 ,  13DF ,        43
44866.2797569 ,    0.98217 ,  64382 ,  FB7E ,        41
44866.3294444 ,    0.81367 ,  64382 ,  FB7E ,        41
44866.3454167 ,    0.44884 ,  49147 ,  BFFB ,        41
44866.3507060 ,    0.54427 ,  64382 ,  FB7E ,        41
44866.3637500 ,    0.53548 ,  49147 ,  BFFB ,        41
44866.3848495 ,    0.54285 ,  64382 ,  FB7E ,        41
44866.4315394 ,    0.46677 ,  49095 ,  BFC7 ,        41
44866.4520370 ,    0.82041 ,  49147 ,  BFFB ,        41
44866.4521875 ,    0.55795 ,  49147 ,  BFFB ,        44
44866.4884838 ,    0.64996 ,  25552 ,  63D0 ,        41
44866.4960532 ,    0.75767 ,    8832 ,  2280 ,        41
44866.5139120 ,    0.31013 ,  58294 ,  E3B6 ,        42
44866.5285532 ,    0.86241 ,  49147 ,  BFFB ,        41
44866.5933102 ,    0.17616 ,  64382 ,  FB7E ,        46
44866.6295602 ,    0.68915 ,  65525 ,  FFF5 ,        40
44866.6355440 ,    0.87131 ,  64382 ,  FB7E ,        44
44866.8108912 ,    0.92433 ,  49095 ,  BFC7 ,        44
44866.8182060 ,    0.27955 ,  49147 ,  BFFB ,        41
44866.9080671 ,    0.34269 ,  28775 ,  7067 ,        41
44866.9156481 ,    0.11942 ,  64382 ,  FB7E ,        47
44866.9237616 ,    0.11849 ,  49147 ,  BFFB ,        49
44866.9462963 ,    0.76958 ,  64382 ,  FB7E ,        41
44866.9605787 ,    0.77371 ,  64382 ,  FB7E ,        41
44867.0241667 ,    0.82579 ,  49147 ,  BFFB ,        41
44867.0295486 ,    0.74601 ,  49147 ,  BFFB ,        41
44867.0486458 ,    0.37037 ,  15886 ,  3E0E ,        42
44867.1028125 ,    0.72256 ,  20586 ,  506A ,        48
44867.1117014 ,    0.73228 ,  64382 ,  FB7E ,        42
44867.1564583 ,    0.81669 ,  49147 ,  BFFB ,        41
44867.1710648 ,    0.19053 ,  64382 ,  FB7E ,        49
44867.1775694 ,    0.31195 ,  49147 ,  BFFB ,        41
44867.1959838 ,    0.37034 ,  49147 ,  BFFB ,        42
44867.2279630 ,    0.18410 ,  49147 ,  BFFB ,        42
44867.2893519 ,    0.05503 ,  49147 ,  BFFB ,        49
44867.3638542 ,    0.99462 ,  53127 ,  CF87 ,        41
44867.3706713 ,    0.27149 ,      491 ,  01EB ,        41
44867.3847338 ,    0.91667 ,  64382 ,  FB7E ,        50
44867.3897222 ,    0.89831 ,  28775 ,  7067 ,        41
44867.4629514 ,    0.88720 ,  41344 ,  A180 ,        41
44867.5035880 ,    0.10577 ,    3098 ,  0C1A ,        42
44867.5272222 ,    0.32789 ,  64382 ,  FB7E ,        41
44867.5412384 ,    0.47676 ,  62925 ,  F5CD ,        51
44867.5910185 ,    0.23757 ,  49147 ,  BFFB ,        41
44867.5971875 ,    0.83083 ,  64382 ,  FB7E ,        42
44867.6078241 ,    0.48753 ,    3985 ,  0F91 ,        49
44867.6281481 ,    0.63441 ,  49147 ,  BFFB ,        50
44867.7205671 ,    0.03998 ,  49147 ,  BFFB ,        41
44867.7893287 ,    0.46017 ,  64382 ,  FB7E ,        41
44867.7939468 ,    0.30228 ,  12944 ,  3290 ,        41
44867.8025000 ,    0.88014 ,  64382 ,  FB7E ,        40
44867.8392130 ,    0.60847 ,  49095 ,  BFC7 ,        41
44867.8832755 ,    0.17745 ,  49147 ,  BFFB ,        53
44867.8923727 ,    0.69707 ,  48139 ,  BC0B ,        41
44867.9123380 ,    0.61946 ,  28473 ,  6F39 ,        41
44867.9243750 ,    0.99280 ,  65094 ,  FE46 ,        42
44867.9390856 ,    0.05791 ,  28775 ,  7067 ,        41
44868.0404282 ,    0.12597 ,  49147 ,  BFFB ,        41
44868.0424074 ,    0.76271 ,  49147 ,  BFFB ,        50
44868.0544792 ,    0.55850 ,  62447 ,  F3EF ,        51
44868.0567824 ,    0.01248 ,  64382 ,  FB7E ,        41
44868.0813079 ,    0.33449 ,  49147 ,  BFFB ,        41
44868.1076157 ,    0.22838 ,  64382 ,  FB7E ,        51
44868.1370370 ,    0.23133 ,  64382 ,  FB7E ,        41
44868.1537731 ,    0.15410 ,  49147 ,  BFFB ,        41
44868.2101852 ,    0.37298 ,  64382 ,  FB7E ,        43
44868.2509028 ,    0.78201 ,  49147 ,  BFFB ,        41
44868.2860880 ,    0.37401 ,  49147 ,  BFFB ,        40
44868.4132986 ,    0.09698 ,  39056 ,  9890 ,        40
44868.5147222 ,    0.80932 ,  57481 ,  E089 ,        53
44868.6336458 ,    0.68776 ,  22052 ,  5624 ,        54
44868.6449074 ,    0.33293 ,  65094 ,  FE46 ,        54
44868.7674190 ,    0.40960 ,  41344 ,  A180 ,        54
44868.9961574 ,    0.63885 ,  52111 ,  CB8F ,        41
44869.0170023 ,    0.74930 ,    5136 ,  1410 ,        50
44869.0238889 ,    0.51532 ,  65332 ,  FF34 ,        41
44869.0875000 ,    0.93196 ,    3985 ,  0F91 ,        53
44869.1683912 ,    0.35330 ,  63474 ,  F7F2 ,        54
44869.2993403 ,    0.28135 ,  53127 ,  CF87 ,        41
44869.3204514 ,    0.39518 ,  49147 ,  BFFB ,        41
44869.3737847 ,    0.56056 ,  64382 ,  FB7E ,        41
44869.4385185 ,    0.24165 ,  49147 ,  BFFB ,        41
44869.4856481 ,    0.41013 ,  49147 ,  BFFB ,        42
44869.5011458 ,    0.40300 ,  16132 ,  3F04 ,        53
44869.5630671 ,    0.42729 ,  49147 ,  BFFB ,        52
44869.5634028 ,    0.96815 ,  64382 ,  FB7E ,        50
44869.5805671 ,    0.93434 ,  49147 ,  BFFB ,        41
44869.5916551 ,    0.23011 ,  20679 ,  50C7 ,        51
44869.6333912 ,    0.94516 ,    5087 ,  13DF ,        41
44869.6919560 ,    0.86251 ,  49147 ,  BFFB ,        41
44869.6921528 ,    0.98865 ,  49147 ,  BFFB ,        42
44869.7283218 ,    0.13361 ,  64382 ,  FB7E ,        41
44869.7341435 ,    0.71745 ,  64382 ,  FB7E ,        41
44869.7709838 ,    0.43634 ,  49147 ,  BFFB ,        42
44869.9162037 ,    0.27420 ,    1052 ,  041C ,        53
44869.9426042 ,    0.11494 ,  64382 ,  FB7E ,        41
44869.9535764 ,    0.83966 ,  49147 ,  BFFB ,        41
44870.0088194 ,    0.51043 ,  28775 ,  7067 ,        38
44870.0154745 ,    0.52140 ,    4782 ,  12AE ,        41
44870.0424190 ,    0.46370 ,  49095 ,  BFC7 ,        41
44870.0466319 ,    0.70279 ,  49147 ,  BFFB ,        41
44870.0536458 ,    0.47152 ,  29109 ,  71B5 ,        41
44870.0566667 ,    0.57480 ,  64382 ,  FB7E ,        52
44870.1016204 ,    0.19001 ,  64382 ,  FB7E ,        52
44870.1042245 ,    0.90326 ,  64382 ,  FB7E ,        41
44870.1747569 ,    0.93302 ,  64382 ,  FB7E ,        49
44870.2861111 ,    0.26762 ,  49147 ,  BFFB ,        40
44870.2997917 ,    0.49236 ,  64382 ,  FB7E ,        41
44870.3049421 ,    0.65872 ,    4731 ,  127B ,        42
44870.3249653 ,    0.24362 ,  49147 ,  BFFB ,        53
44870.3250694 ,    0.17467 ,  49147 ,  BFFB ,        52
44870.3364236 ,    0.26870 ,  49147 ,  BFFB ,        41
44870.3366204 ,    0.09012 ,  49147 ,  BFFB ,        41
44870.3454630 ,    0.19425 ,  49147 ,  BFFB ,        49
44870.3599769 ,    0.66967 ,  64382 ,  FB7E ,        41
44870.3871065 ,    0.72979 ,  63474 ,  F7F2 ,        53
44870.3896296 ,    0.55010 ,    5239 ,  1477 ,        53
44870.4139236 ,    0.48669 ,  49147 ,  BFFB ,        40
44870.4467130 ,    0.15422 ,  62931 ,  F5D3 ,        39
44870.4509954 ,    0.80923 ,    8832 ,  2280 ,        41
44870.4582292 ,    0.84979 ,  49095 ,  BFC7 ,        46
44870.4614120 ,    0.74534 ,  49147 ,  BFFB ,        53
44870.4699074 ,    0.26942 ,  64382 ,  FB7E ,        52
44870.5260648 ,    0.98603 ,  11396 ,  2C84 ,        52
44870.5416898 ,    0.75403 ,  63474 ,  F7F2 ,        50
44870.5761458 ,    0.11830 ,  49147 ,  BFFB ,        41
44870.5895602 ,    0.14431 ,  58137 ,  E319 ,        51
44870.5994560 ,    0.64852 ,      956 ,  03BC ,        52
44870.6172454 ,    0.82816 ,  49147 ,  BFFB ,        41
44870.6499769 ,    0.44287 ,  49095 ,  BFC7 ,        52
44870.7685764 ,    0.39045 ,  64382 ,  FB7E ,        41
44870.7765856 ,    0.78187 ,  49147 ,  BFFB ,        41
44870.8453935 ,    0.57338 ,  65011 ,  FDF3 ,        52
44870.8646065 ,    0.68858 ,  49147 ,  BFFB ,        52
44870.9665625 ,    0.94605 ,  23579 ,  5C1B ,        42
44871.0181019 ,    0.03019 ,  49147 ,  BFFB ,        52
44871.0529282 ,    0.61840 ,  62447 ,  F3EF ,        52
44871.0720718 ,    0.22939 ,  49147 ,  BFFB ,        52
44871.1156019 ,    0.61788 ,  49147 ,  BFFB ,        47
44871.1696528 ,    0.46142 ,  15886 ,  3E0E ,        53
44871.2052546 ,    0.70603 ,  64382 ,  FB7E ,        50
44871.3215625 ,    0.39172 ,  50936 ,  C6F8 ,        54
44871.6485301 ,    0.20933 ,  31822 ,  7C4E ,        54
44871.7178935 ,    0.64166 ,  16580 ,  40C4 ,        54
44871.7363657 ,    0.22519 ,  58137 ,  E319 ,        41
44871.8318287 ,    0.74176 ,  63474 ,  F7F2 ,        39
44871.8406944 ,    0.71279 ,  12944 ,  3290 ,        40
44871.8664699 ,    0.39676 ,  64382 ,  FB7E ,        42
44872.0290972 ,    0.77757 ,  65332 ,  FF34 ,        49
44872.0483333 ,    0.52864 ,  49147 ,  BFFB ,        40
44872.0871065 ,    0.09019 ,  32529 ,  7F11 ,        55
44872.4078125 ,    0.85893 ,  65332 ,  FF34 ,        41
44872.4226968 ,    0.07711 ,    3212 ,  0C8C ,        41
44872.4624884 ,    0.11892 ,  64369 ,  FB71 ,        41
44872.4822685 ,    0.69830 ,    7674 ,  1DFA ,        54
44872.4944676 ,    0.39885 ,  25315 ,  62E3 ,        40
44872.5777199 ,    0.93381 ,  49147 ,  BFFB ,        51
44872.7116667 ,    0.63832 ,    7422 ,  1CFE ,        40
44872.7491435 ,    0.93268 ,  65332 ,  FF34 ,        40
44872.7999653 ,    0.93148 ,  64382 ,  FB7E ,        54
44872.9577778 ,    0.87890 ,    9177 ,  23D9 ,        55
44873.0041898 ,    0.28344 ,  49095 ,  BFC7 ,        41
44873.0457639 ,    0.29222 ,  15886 ,  3E0E ,        40
44873.0636343 ,    0.56138 ,  29781 ,  7455 ,        40
44873.0917824 ,    0.92627 ,  49147 ,  BFFB ,        40
44873.0940278 ,    0.35109 ,  41344 ,  A180 ,        54
44873.1183102 ,    0.18348 ,  49147 ,  BFFB ,        48
44873.1677431 ,    0.16032 ,  49147 ,  BFFB ,        40
44873.1804630 ,    0.51921 ,  65332 ,  FF34 ,        40
44873.1906597 ,    0.84983 ,  49147 ,  BFFB ,        40
44873.2459144 ,    0.77431 ,  28464 ,  6F30 ,        54
44873.2949421 ,    0.01654 ,  49147 ,  BFFB ,        55
44873.3407986 ,    0.32225 ,  49147 ,  BFFB ,        55
44873.4040625 ,    0.31610 ,  49147 ,  BFFB ,        41
44873.4486690 ,    0.34625 ,  49095 ,  BFC7 ,        48
44873.6861690 ,    0.86395 ,  63474 ,  F7F2 ,        53
44873.7348148 ,    0.32786 ,    8239 ,  202F ,        40
44873.8347685 ,    0.47719 ,  65332 ,  FF34 ,        40
44873.8349421 ,    0.74567 ,  49147 ,  BFFB ,        40
44873.8490046 ,    0.29837 ,  41587 ,  A273 ,        40
44873.8550694 ,    0.76514 ,  24838 ,  6106 ,        54
44873.8552315 ,    0.98829 ,  24838 ,  6106 ,        40
44873.8948264 ,    0.71488 ,  65312 ,  FF20 ,        40
44874.0469213 ,    0.59560 ,  49147 ,  BFFB ,        53
44874.0865278 ,    0.05762 ,  64382 ,  FB7E ,        39
44874.1991667 ,    0.84784 ,  49147 ,  BFFB ,        40
44874.2229282 ,    0.01368 ,  49095 ,  BFC7 ,        39
44874.2886227 ,    0.83335 ,  49147 ,  BFFB ,        55
44874.3012500 ,    0.83335 ,  49095 ,  BFC7 ,        41
44874.3182986 ,    0.78441 ,  64382 ,  FB7E ,        54
44874.3739468 ,    0.24566 ,  53221 ,  CFE5 ,        39
44874.3815509 ,    0.93710 ,  50936 ,  C6F8 ,        37
44874.4064699 ,    0.23047 ,    8239 ,  202F ,        40
44874.4573611 ,    0.54160 ,  49095 ,  BFC7 ,        39
44874.4733912 ,    0.07589 ,  27725 ,  6C4D ,        40
44874.4864005 ,    0.96460 ,  62925 ,  F5CD ,        40
44874.4872685 ,    0.85552 ,  60792 ,  ED78 ,        39
44874.5013657 ,    0.69110 ,  49147 ,  BFFB ,        54
44874.5182639 ,    0.67216 ,  49147 ,  BFFB ,        54
44874.5530787 ,    0.36225 ,  64382 ,  FB7E ,        54
44874.5758449 ,    0.56121 ,  64382 ,  FB7E ,        48
44874.5918403 ,    0.07517 ,  49095 ,  BFC7 ,        50
44874.6404398 ,    0.46327 ,  49147 ,  BFFB ,        54
44874.7433796 ,    0.47174 ,  38924 ,  980C ,        41
44874.7773032 ,    0.50227 ,  64382 ,  FB7E ,        60
44874.7794792 ,    0.87616 ,  49095 ,  BFC7 ,        41
44874.8744444 ,    0.86827 ,  49147 ,  BFFB ,        53
44874.9609028 ,    0.27830 ,  64382 ,  FB7E ,        53
44874.9619792 ,    0.30657 ,  49147 ,  BFFB ,        53
44874.9936806 ,    0.79991 ,  64382 ,  FB7E ,        42
44874.9972685 ,    0.54453 ,    5239 ,  1477 ,        41
44875.0519444 ,    0.46605 ,  64382 ,  FB7E ,        40
44875.0992824 ,    0.89061 ,    7657 ,  1DE9 ,        54
44875.1046991 ,    0.25049 ,  49147 ,  BFFB ,        57
44875.1587731 ,    0.55113 ,  64382 ,  FB7E ,        41
44875.2071528 ,    0.77385 ,  49147 ,  BFFB ,        41
44875.2336227 ,    0.12005 ,  49147 ,  BFFB ,        40
44875.2366667 ,    0.60326 ,  64382 ,  FB7E ,        39
44875.2658565 ,    0.65949 ,  49147 ,  BFFB ,        40
44875.2959491 ,    0.86159 ,  64382 ,  FB7E ,        40
44875.3204398 ,    0.15715 ,  64382 ,  FB7E ,        43
44875.3637037 ,    0.20304 ,  61402 ,  EFDA ,        40
44875.4479167 ,    0.53678 ,  64382 ,  FB7E ,        51
44875.4968519 ,    0.66119 ,  49147 ,  BFFB ,        49
44875.5493519 ,    0.50546 ,  30503 ,  7727 ,        40
44875.6031134 ,    0.40708 ,  65094 ,  FE46 ,        54
44875.6108102 ,    0.36348 ,  49147 ,  BFFB ,        40
44875.6549653 ,    0.10114 ,  15695 ,  3D4F ,        54
44875.6700810 ,    0.45364 ,  49147 ,  BFFB ,        40
44875.6991319 ,    0.99966 ,  49095 ,  BFC7 ,        40
44875.7239005 ,    0.73627 ,  49095 ,  BFC7 ,        54
44875.7411111 ,    0.30593 ,  33914 ,  847A ,        40
44875.7444907 ,    0.20647 ,  64382 ,  FB7E ,        39
44875.7838426 ,    0.00497 ,  64382 ,  FB7E ,        54
44875.8003704 ,    0.63374 ,  64382 ,  FB7E ,        40
44875.8147106 ,    0.19137 ,    7525 ,  1D65 ,        40
44875.8449306 ,    0.57352 ,  32711 ,  7FC7 ,        40
44875.8740856 ,    0.18710 ,  49095 ,  BFC7 ,        40
44875.8978125 ,    0.23388 ,  49147 ,  BFFB ,        50
44875.9040046 ,    0.90491 ,      956 ,  03BC ,        40
44875.9470370 ,    0.20731 ,  49147 ,  BFFB ,        40
44875.9506829 ,    0.66131 ,  64382 ,  FB7E ,        54
44875.9724884 ,    0.56788 ,  64382 ,  FB7E ,        40
44876.0460185 ,    0.56121 ,  39327 ,  999F ,        40
44876.0807755 ,    0.47997 ,  65332 ,  FF34 ,        54
44876.0862963 ,    0.05438 ,  15843 ,  3DE3 ,        54
44876.1036111 ,    0.24765 ,  15843 ,  3DE3 ,        42
44876.1454745 ,    0.88612 ,  49147 ,  BFFB ,        53
44876.1575579 ,    0.96112 ,  28775 ,  7067 ,        40
44876.1698148 ,    0.93201 ,    6193 ,  1831 ,        40
44876.3363889 ,    0.27336 ,  64382 ,  FB7E ,        54
44876.3554861 ,    0.16817 ,  64382 ,  FB7E ,        37
44876.4263889 ,    0.05801 ,    2961 ,  0B91 ,        42
44876.4566435 ,    0.00302 ,  24838 ,  6106 ,        41
44876.6233102 ,    0.94079 ,  49147 ,  BFFB ,        41
44877.0470602 ,    0.94780 ,  42017 ,  A421 ,        40
44877.0659375 ,    0.00394 ,  65094 ,  FE46 ,        41
44877.0973032 ,    0.73303 ,  58376 ,  E408 ,        54
44877.1772454 ,    0.45271 ,  52091 ,  CB7B ,        41
44877.2320949 ,    0.78741 ,  64382 ,  FB7E ,        41
44877.4414352 ,    0.43101 ,  49095 ,  BFC7 ,        41
44877.7129977 ,    0.78688 ,  64382 ,  FB7E ,        41
44877.8106250 ,    0.07526 ,      956 ,  03BC ,        40
44877.8742708 ,    0.94821 ,  33123 ,  8163 ,        53
44877.9566204 ,    0.24348 ,  15843 ,  3DE3 ,        42
44878.2164583 ,    0.22080 ,  36931 ,  9043 ,        41
44878.3300579 ,    0.53392 ,    7705 ,  1E19 ,        51
44878.3324884 ,    0.16848 ,  30873 ,  7899 ,        56
44878.3778935 ,    0.53109 ,  64382 ,  FB7E ,        55
44878.5356019 ,    0.36269 ,  49147 ,  BFFB ,        41
44878.5837963 ,    0.95070 ,  30788 ,  7844 ,        40
44878.6077662 ,    0.98097 ,  15349 ,  3BF5 ,        44
44878.7028819 ,    0.85190 ,    7674 ,  1DFA ,        41
44878.7657755 ,    0.89999 ,  49095 ,  BFC7 ,        56
44878.8109606 ,    0.19147 ,  16580 ,  40C4 ,        55
44878.8742130 ,    0.68464 ,  65483 ,  FFCB ,        41
44878.9179630 ,    0.97828 ,  10162 ,  27B2 ,        40
44878.9355208 ,    0.98747 ,  64382 ,  FB7E ,        41
44879.0415278 ,    0.91437 ,  64382 ,  FB7E ,        42
44879.2904977 ,    0.15024 ,  64382 ,  FB7E ,        41
44879.4080903 ,    0.27708 ,  49095 ,  BFC7 ,        45
44879.4509028 ,    0.68618 ,  17180 ,  431C ,        41
44879.4530671 ,    0.51835 ,  49147 ,  BFFB ,        41
44879.5098843 ,    0.33338 ,  14085 ,  3705 ,        41
44880.0904051 ,    0.34965 ,  49147 ,  BFFB ,        52
44880.3448148 ,    0.84292 ,  12678 ,  3186 ,        40
44880.5966898 ,    0.25977 ,  17926 ,  4606 ,        41
44880.6652199 ,    0.53220 ,  64382 ,  FB7E ,        41
44880.6657639 ,    0.69515 ,  16580 ,  40C4 ,        42
44881.0799421 ,    0.20097 ,  65332 ,  FF34 ,        42
44881.0848958 ,    0.69655 ,  33639 ,  8367 ,        41
44881.0915625 ,    0.32361 ,  41344 ,  A180 ,        41
44881.3550000 ,    0.41702 ,  63474 ,  F7F2 ,        55
44881.3624884 ,    0.42237 ,  17436 ,  441C ,        40
44881.6919329 ,    0.83114 ,  10621 ,  297D ,        51
44881.7654398 ,    0.51698 ,  49147 ,  BFFB ,        79
44881.7728819 ,    0.63628 ,  41459 ,  A1F3 ,        55
44882.0961690 ,    0.55514 ,  50081 ,  C3A1 ,        55
44882.1276852 ,    0.38704 ,  65094 ,  FE46 ,        50
44882.1750116 ,    0.34776 ,  16580 ,  40C4 ,        41
44882.2153935 ,    0.16202 ,  15230 ,  3B7E ,        40
44882.5146644 ,    0.67862 ,  65483 ,  FFCB ,        55
44882.5182523 ,    0.78508 ,  65332 ,  FF34 ,        41
44882.7184838 ,    0.29381 ,  49662 ,  C1FE ,        64
44882.7602546 ,    0.45926 ,  53219 ,  CFE3 ,        55
44882.7626389 ,    0.61476 ,  49147 ,  BFFB ,        41
44883.0964699 ,    0.27624 ,    9177 ,  23D9 ,        41
44883.2156366 ,    0.98529 ,  40700 ,  9EFC ,        41
44883.2411921 ,    0.39588 ,  58523 ,  E49B ,        39
44883.2970486 ,    0.59532 ,  12944 ,  3290 ,        41
44883.3752083 ,    0.45626 ,    1052 ,  041C ,        67
44883.3806134 ,    0.14791 ,    7631 ,  1DCF ,        53
44883.3943171 ,    0.32085 ,  16366 ,  3FEE ,        41
44883.4585301 ,    0.58915 ,  58799 ,  E5AF ,        41
44883.8707639 ,    0.69897 ,  52062 ,  CB5E ,        55
44883.8821412 ,    0.62791 ,  16580 ,  40C4 ,        41
44883.9543287 ,    0.91977 ,  39056 ,  9890 ,        39
44884.1509144 ,    0.90508 ,  49095 ,  BFC7 ,        37
44884.5307986 ,    0.43848 ,  65525 ,  FFF5 ,        41
44884.8782176 ,    0.98682 ,  63969 ,  F9E1 ,        41
44884.9237731 ,    0.63088 ,  64382 ,  FB7E ,        42
44885.0304051 ,    0.89224 ,  63474 ,  F7F2 ,        42
44885.1155440 ,    0.92908 ,  65094 ,  FE46 ,        42
44885.1192477 ,    0.01814 ,  48139 ,  BC0B ,        41
44885.1538194 ,    0.24914 ,  17498 ,  445A ,        41
44885.2150694 ,    0.57369 ,  54273 ,  D401 ,        54
44885.2372454 ,    0.17503 ,  65483 ,  FFCB ,        47
44885.3613310 ,    0.09826 ,  16366 ,  3FEE ,        56
44885.5355556 ,    0.59008 ,  49147 ,  BFFB ,        40
44885.5644676 ,    0.09526 ,  65094 ,  FE46 ,        52
44885.9633449 ,    0.54105 ,      799 ,  031F ,        42
44885.9804282 ,    0.19315 ,  39719 ,  9B27 ,        48
44886.0744329 ,    0.01978 ,  10363 ,  287B ,        42
44886.2797106 ,    0.64773 ,    8239 ,  202F ,        58
44886.3684144 ,    0.49908 ,  31822 ,  7C4E ,        42
44886.4560995 ,    0.76459 ,    9447 ,  24E7 ,        42
44886.4595949 ,    0.48386 ,  65094 ,  FE46 ,        42
44886.7254861 ,    0.24933 ,  49095 ,  BFC7 ,        42
44886.8625694 ,    0.22497 ,  10100 ,  2774 ,        41
44886.8627083 ,    0.17160 ,  10100 ,  2774 ,        40
44886.8786921 ,    0.93402 ,  41344 ,  A180 ,        40
44886.9291435 ,    0.92838 ,  65312 ,  FF20 ,        55
44887.0653704 ,    0.15876 ,  49147 ,  BFFB ,        42
44887.0782755 ,    0.39237 ,  32711 ,  7FC7 ,        56
44887.1505324 ,    0.82475 ,  38453 ,  9635 ,        41
44887.1506019 ,    0.80618 ,  38453 ,  9635 ,        57
44887.1508796 ,    0.72981 ,  38453 ,  9635 ,        41
44887.2354514 ,    0.55425 ,  62222 ,  F30E ,        56
44887.3193866 ,    0.51367 ,  63474 ,  F7F2 ,        42
44887.3503704 ,    0.52029 ,  49147 ,  BFFB ,        42
44887.4142940 ,    0.14385 ,  49147 ,  BFFB ,        42
44887.4975926 ,    0.80313 ,  65332 ,  FF34 ,        42
44887.5016551 ,    0.76123 ,    7674 ,  1DFA ,        41
44887.5375231 ,    0.15609 ,  49147 ,  BFFB ,        42
44887.7671644 ,    0.63523 ,  52111 ,  CB8F ,        43
44887.7877315 ,    0.51674 ,  56600 ,  DD18 ,        42
44887.9697106 ,    0.42957 ,  65332 ,  FF34 ,        53
44887.9934954 ,    0.80476 ,    3446 ,  0D76 ,        40
44888.0383681 ,    0.30055 ,  64382 ,  FB7E ,        39
44888.0578125 ,    0.50656 ,  65094 ,  FE46 ,        55
44888.1881481 ,    0.09624 ,    2868 ,  0B34 ,        42
44888.3014815 ,    0.14179 ,  14369 ,  3821 ,        41
44888.3361111 ,    0.73567 ,    5087 ,  13DF ,        42
44888.6380440 ,    0.49778 ,    8239 ,  202F ,        42
44888.9373380 ,    0.73883 ,  45257 ,  B0C9 ,        56
44889.1341435 ,    0.42264 ,  62222 ,  F30E ,        42
44889.2808102 ,    0.28032 ,    9177 ,  23D9 ,        42
44889.6350694 ,    0.48280 ,  49095 ,  BFC7 ,        41
44889.7115972 ,    0.37109 ,  50081 ,  C3A1 ,        46
44889.7157755 ,    0.65217 ,  65332 ,  FF34 ,        56
44889.8154514 ,    0.73197 ,  48641 ,  BE01 ,        41
44889.8353935 ,    0.82226 ,  49095 ,  BFC7 ,        40
44889.8846065 ,    0.85259 ,  64382 ,  FB7E ,        50
44890.2014236 ,    0.68582 ,  49147 ,  BFFB ,        42
44890.2259722 ,    0.01649 ,  49147 ,  BFFB ,        42
44890.2954167 ,    0.43893 ,  64382 ,  FB7E ,        42
44890.3078356 ,    0.25658 ,  52091 ,  CB7B ,        56
44890.3934259 ,    0.13908 ,  49662 ,  C1FE ,        42
44890.4082523 ,    0.11470 ,  62222 ,  F30E ,        42
44890.4508218 ,    0.62481 ,  65332 ,  FF34 ,        56
44890.6197106 ,    0.91031 ,  16366 ,  3FEE ,        41
44890.8026389 ,    0.03444 ,  65332 ,  FF34 ,        42
44890.8226389 ,    0.85615 ,  64382 ,  FB7E ,        56
44890.8450231 ,    0.08513 ,  32711 ,  7FC7 ,        42
44890.8919560 ,    0.15192 ,  65332 ,  FF34 ,        55
44891.2462037 ,    0.42170 ,  64382 ,  FB7E ,        56
44891.2464005 ,    0.57182 ,  64382 ,  FB7E ,        39
44891.4456829 ,    0.01927 ,  64382 ,  FB7E ,        42
44891.4714699 ,    0.29244 ,  28389 ,  6EE5 ,        55
44891.5358681 ,    0.81775 ,  57614 ,  E10E ,        56
44891.5426620 ,    0.57192 ,      769 ,  0301 ,        44
44891.7117593 ,    0.40617 ,  41344 ,  A180 ,        55
44891.8110185 ,    0.40226 ,  32565 ,  7F35 ,        57
44891.8951157 ,    0.78079 ,  49147 ,  BFFB ,        38
44891.9140278 ,    0.92800 ,  64369 ,  FB71 ,        42
44891.9828704 ,    0.25212 ,  62447 ,  F3EF ,        42
44892.1036227 ,    0.03727 ,  49147 ,  BFFB ,        41
44892.1666088 ,    0.75532 ,  64382 ,  FB7E ,        42
44892.2525810 ,    0.88919 ,    7674 ,  1DFA ,        55
44892.2703588 ,    0.15309 ,    9177 ,  23D9 ,        49
44892.2839468 ,    0.63758 ,  15182 ,  3B4E ,        41
44892.3788426 ,    0.24341 ,  64221 ,  FADD ,        57
44892.7105440 ,    0.93069 ,  42017 ,  A421 ,        42
44892.7945139 ,    0.83114 ,  49147 ,  BFFB ,        43
44892.8245139 ,    0.38265 ,  41344 ,  A180 ,        56
44892.8658565 ,    0.48724 ,  44988 ,  AFBC ,        43
44893.0216204 ,    0.01157 ,  64382 ,  FB7E ,        56
44893.3011343 ,    0.79795 ,  49147 ,  BFFB ,        56
44893.5648958 ,    0.85679 ,  64382 ,  FB7E ,        42
44893.7182755 ,    0.78952 ,  65483 ,  FFCB ,        56
44894.0777894 ,    0.80995 ,  58294 ,  E3B6 ,        42
44894.1725231 ,    0.81592 ,  64382 ,  FB7E ,        56
44894.1991667 ,    0.73343 ,  48347 ,  BCDB ,        42
44894.4559028 ,    0.09154 ,  49095 ,  BFC7 ,        42
44894.4560417 ,    0.82867 ,  49095 ,  BFC7 ,        42
44894.4918171 ,    0.76871 ,  49095 ,  BFC7 ,        42
44894.7585301 ,    0.21168 ,  58292 ,  E3B4 ,        48
44894.7908565 ,    0.50179 ,  49147 ,  BFFB ,        42
44894.7939468 ,    0.69688 ,  32930 ,  80A2 ,        42
44895.2522569 ,    0.04769 ,  16366 ,  3FEE ,        41
44895.3073148 ,    0.04754 ,  49147 ,  BFFB ,        41
44895.3532176 ,    0.14969 ,  65312 ,  FF20 ,        42
44895.5876968 ,    0.43310 ,  28389 ,  6EE5 ,        55
44895.6754514 ,    0.25920 ,  64690 ,  FCB2 ,        42
44895.7430903 ,    0.60364 ,  57481 ,  E089 ,        41
44895.7479977 ,    0.46994 ,  50936 ,  C6F8 ,        41
44895.8359028 ,    0.76679 ,  48641 ,  BE01 ,        56
44895.9710880 ,    0.32621 ,  64382 ,  FB7E ,        53
44895.9786343 ,    0.16370 ,  32565 ,  7F35 ,        41
44895.9923032 ,    0.32630 ,  49147 ,  BFFB ,        41
44896.0903472 ,    0.61041 ,    9177 ,  23D9 ,        42
44896.3496875 ,    0.96510 ,  65483 ,  FFCB ,        42
44896.4265278 ,    0.35786 ,  41344 ,  A180 ,        54
44896.4567593 ,    0.80066 ,    3098 ,  0C1A ,        43
44896.4724306 ,    0.47522 ,  65332 ,  FF34 ,        41
44896.6998727 ,    0.37293 ,  63474 ,  F7F2 ,        55
44896.8843056 ,    0.26078 ,    7674 ,  1DFA ,        41
44896.9097801 ,    0.79516 ,  16366 ,  3FEE ,        56
44896.9126968 ,    0.18415 ,    9238 ,  2416 ,        41
44896.9188889 ,    0.38426 ,  64382 ,  FB7E ,        41
44896.9798148 ,    0.97670 ,  49147 ,  BFFB ,        53
44896.9799190 ,    0.20551 ,  49147 ,  BFFB ,        56
44897.0907060 ,    0.62366 ,  64382 ,  FB7E ,        41
44897.1408449 ,    0.38020 ,  63474 ,  F7F2 ,        71
44897.3024306 ,    0.41652 ,  49147 ,  BFFB ,        56
44897.3412847 ,    0.95296 ,  62946 ,  F5E2 ,        55
44897.5752546 ,    0.45386 ,  22379 ,  576B ,        42
44897.7508102 ,    0.96566 ,  57730 ,  E182 ,        46
44897.9058796 ,    0.91384 ,  53127 ,  CF87 ,        41
44897.9348495 ,    0.25005 ,  65094 ,  FE46 ,        42
44897.9453472 ,    0.11431 ,  28775 ,  7067 ,        44
44898.1586921 ,    0.81374 ,  16366 ,  3FEE ,        56
44898.1985532 ,    0.46250 ,  41344 ,  A180 ,        44
44898.3950810 ,    0.71654 ,  65332 ,  FF34 ,        41
44898.4162731 ,    0.67094 ,      956 ,  03BC ,        42
44898.6467245 ,    0.49281 ,    4171 ,  104B ,        41
44898.6519213 ,    0.65109 ,  39056 ,  9890 ,        53
44898.8098264 ,    0.80519 ,  65094 ,  FE46 ,        56
44898.8531250 ,    0.19339 ,  33968 ,  84B0 ,        43
44899.0543866 ,    0.97814 ,  17504 ,  4460 ,        42
44899.0698032 ,    0.49060 ,  65483 ,  FFCB ,        42
44899.1345023 ,    0.13737 ,  15349 ,  3BF5 ,        45
44899.1456019 ,    0.29222 ,  64382 ,  FB7E ,        57
44899.1672222 ,    0.24302 ,  36931 ,  9043 ,        46
44899.2436227 ,    0.88163 ,  33968 ,  84B0 ,        43
44899.3590972 ,    0.53196 ,  52091 ,  CB7B ,        42
44899.3803472 ,    0.56445 ,  25192 ,  6268 ,        41
44899.4198727 ,    0.82372 ,  36219 ,  8D7B ,        54
44899.5796065 ,    0.55332 ,  64382 ,  FB7E ,        41
44899.6031019 ,    0.11897 ,  39056 ,  9890 ,        56
44899.6095255 ,    0.83913 ,  49095 ,  BFC7 ,        42
44899.8635185 ,    0.82101 ,  49147 ,  BFFB ,        42
44900.0404745 ,    0.28545 ,  16366 ,  3FEE ,        42
44900.0517130 ,    0.67403 ,  53243 ,  CFFB ,        42
44900.0560532 ,    0.36537 ,  33639 ,  8367 ,        42
44900.2045718 ,    0.85111 ,  49147 ,  BFFB ,        42
44900.2176157 ,    0.83978 ,  16366 ,  3FEE ,        57
44900.2429167 ,    0.35621 ,  33838 ,  842E ,        42
44900.3854977 ,    0.01042 ,  49147 ,  BFFB ,        55
44900.3879745 ,    0.10298 ,  29643 ,  73CB ,        41
44900.9731944 ,    0.15043 ,  63474 ,  F7F2 ,        43
44900.9954051 ,    0.79449 ,  24926 ,  615E ,        57
44901.0592824 ,    0.59848 ,  64382 ,  FB7E ,        58
44901.1680093 ,    0.47841 ,    4274 ,  10B2 ,        58
44901.2117245 ,    0.50265 ,  10076 ,  275C ,        40
44901.2251157 ,    0.37397 ,  42017 ,  A421 ,        41
44901.2494907 ,    0.03871 ,  49147 ,  BFFB ,        42
44901.4740046 ,    0.00250 ,  62447 ,  F3EF ,        53
44901.5213079 ,    0.13046 ,  64369 ,  FB71 ,        42
44901.6593056 ,    0.66645 ,  32711 ,  7FC7 ,        42
44901.7545023 ,    0.08806 ,  24581 ,  6005 ,        42
44901.8480903 ,    0.66887 ,  57787 ,  E1BB ,        42
44901.8757060 ,    0.84309 ,  64382 ,  FB7E ,        56
44901.9840278 ,    0.33674 ,  16604 ,  40DC ,        57
44902.0010995 ,    0.80822 ,  53219 ,  CFE3 ,        42
44902.1214699 ,    0.64185 ,  63474 ,  F7F2 ,        42
44902.1390625 ,    0.95078 ,    3098 ,  0C1A ,        41
44902.1714815 ,    0.20093 ,  64382 ,  FB7E ,        43
44902.2919907 ,    0.19356 ,    9177 ,  23D9 ,        42
44902.3059028 ,    0.00528 ,  24581 ,  6005 ,        41
44902.3277315 ,    0.26407 ,  65483 ,  FFCB ,        58
44902.4808333 ,    0.86731 ,  53243 ,  CFFB ,        44
44902.6276389 ,    0.54324 ,  49095 ,  BFC7 ,        41
44902.7363310 ,    0.98284 ,  64382 ,  FB7E ,        42
44902.7433333 ,    0.97202 ,  49147 ,  BFFB ,        41
44902.7751389 ,    0.82214 ,  62447 ,  F3EF ,        40
44903.0273727 ,    0.71210 ,  17436 ,  441C ,        42
44903.0322454 ,    0.90227 ,  49147 ,  BFFB ,        42
44903.0954398 ,    0.52756 ,    9177 ,  23D9 ,        42
44903.1452431 ,    0.26273 ,  57116 ,  DF1C ,        43
44903.2403588 ,    0.15072 ,  49147 ,  BFFB ,        42
44903.2508565 ,    0.39981 ,    5087 ,  13DF ,        41
44903.2508912 ,    0.71402 ,  49147 ,  BFFB ,        66
44903.2896065 ,    0.96647 ,  64369 ,  FB71 ,        42
44903.4838426 ,    0.52941 ,    8239 ,  202F ,        42
44903.5723611 ,    0.98992 ,  49147 ,  BFFB ,        57
44903.5765046 ,    0.69083 ,  41546 ,  A24A ,        57
44903.6053125 ,    0.15396 ,  41344 ,  A180 ,        59
44903.6576505 ,    0.73300 ,  64382 ,  FB7E ,        42
44903.7825116 ,    0.87023 ,  62447 ,  F3EF ,        59
44903.8662847 ,    0.73406 ,    8239 ,  202F ,        50
44903.8710069 ,    0.80911 ,  28389 ,  6EE5 ,        42
44904.1111343 ,    0.70655 ,    8239 ,  202F ,        58
44904.2373495 ,    0.64900 ,    3985 ,  0F91 ,        42
44904.4145255 ,    0.83870 ,  63474 ,  F7F2 ,        41
44904.5836806 ,    0.31133 ,  57787 ,  E1BB ,        42
44904.7439699 ,    0.94490 ,  49095 ,  BFC7 ,        42
44904.8047801 ,    0.80935 ,  49147 ,  BFFB ,        45
44904.9397801 ,    0.07051 ,  32711 ,  7FC7 ,        41
44905.0463079 ,    0.86443 ,  49095 ,  BFC7 ,        57
44905.1292593 ,    0.95068 ,  64382 ,  FB7E ,        41
44905.1333681 ,    0.57410 ,  65332 ,  FF34 ,        56
44905.1545370 ,    0.41426 ,    7631 ,  1DCF ,        42
44905.1944907 ,    0.16754 ,  49147 ,  BFFB ,        41
44905.2109028 ,    0.54033 ,    3098 ,  0C1A ,        41
44905.2247222 ,    0.36974 ,  28110 ,  6DCE ,        52
44905.4225579 ,    0.41997 ,  49095 ,  BFC7 ,        59
44905.4814120 ,    0.15386 ,  58523 ,  E49B ,        41
44905.5097222 ,    0.54446 ,  65332 ,  FF34 ,        62
44905.5782523 ,    0.15933 ,    3098 ,  0C1A ,        60
44905.6719213 ,    0.04673 ,  48139 ,  BC0B ,        62
44905.7561227 ,    0.09749 ,  49147 ,  BFFB ,        41
44905.8346181 ,    0.71056 ,  64382 ,  FB7E ,        47
44905.9259375 ,    0.84743 ,  32565 ,  7F35 ,        41
44905.9356829 ,    0.74303 ,  49147 ,  BFFB ,        51
44905.9358912 ,    0.97065 ,  49147 ,  BFFB ,        41
44906.0339815 ,    0.19305 ,      825 ,  0339 ,        41
44906.0879282 ,    0.49111 ,  58523 ,  E49B ,        59
44906.5208218 ,    0.11894 ,  49095 ,  BFC7 ,        58
44906.5797685 ,    0.37920 ,  49147 ,  BFFB ,        53
44906.6659028 ,    0.07524 ,  62125 ,  F2AD ,        42
44906.6815972 ,    0.77248 ,    7705 ,  1E19 ,        61
44906.6830903 ,    0.52039 ,  64382 ,  FB7E ,        40
44906.7162847 ,    0.31051 ,  14369 ,  3821 ,        40
44906.7606829 ,    0.51986 ,    3501 ,  0DAD ,        61
44906.8912616 ,    0.98142 ,  49147 ,  BFFB ,        36
44906.9065278 ,    0.78890 ,  64382 ,  FB7E ,        41
44906.9496875 ,    0.47229 ,  15182 ,  3B4E ,        54
44906.9781829 ,    0.76365 ,  49095 ,  BFC7 ,        40
44907.0088194 ,    0.48715 ,  49095 ,  BFC7 ,        41
44907.0181481 ,    0.86152 ,  41344 ,  A180 ,        40
44907.2017014 ,    0.27523 ,    9177 ,  23D9 ,        41
44907.2936227 ,    0.27749 ,  49147 ,  BFFB ,        43
44907.4423958 ,    0.98075 ,  49147 ,  BFFB ,        41
44907.5185880 ,    0.46629 ,  65332 ,  FF34 ,        42
44907.5494329 ,    0.80068 ,  32711 ,  7FC7 ,        50
44907.7075000 ,    0.84487 ,  64382 ,  FB7E ,        40
44907.7392940 ,    0.90347 ,  49095 ,  BFC7 ,        50
44907.8043056 ,    0.57278 ,  49147 ,  BFFB ,        50
44907.8360880 ,    0.54938 ,  64382 ,  FB7E ,        41
44907.9130903 ,    0.98925 ,  65332 ,  FF34 ,        41
44908.3399884 ,    0.80476 ,  29280 ,  7260 ,        40
44908.3451852 ,    0.30036 ,  65094 ,  FE46 ,        41
44908.3455671 ,    0.58953 ,  49593 ,  C1B9 ,        43
44908.4368287 ,    0.04121 ,    9177 ,  23D9 ,        64
44908.6174190 ,    0.82855 ,  32711 ,  7FC7 ,        63
44908.6688079 ,    0.55324 ,  64382 ,  FB7E ,        40
44908.6947917 ,    0.04714 ,    9177 ,  23D9 ,        40
44908.8019444 ,    0.19209 ,  49147 ,  BFFB ,        40
44908.8741088 ,    0.79319 ,  63474 ,  F7F2 ,        40
44908.9094676 ,    0.74575 ,  65094 ,  FE46 ,        55
44908.9556944 ,    0.88734 ,  49147 ,  BFFB ,        46
44909.0179630 ,    0.06346 ,  49147 ,  BFFB ,        42
44909.2514005 ,    0.06214 ,  64382 ,  FB7E ,        63
44909.2526042 ,    0.26717 ,  64382 ,  FB7E ,        35
44909.3061343 ,    0.30113 ,  64382 ,  FB7E ,        40
44909.4085880 ,    0.24420 ,  53529 ,  D119 ,        66
44909.4740394 ,    0.06482 ,  49147 ,  BFFB ,        40
44909.4863079 ,    0.27631 ,  49147 ,  BFFB ,        66
44909.5400231 ,    0.73821 ,  63969 ,  F9E1 ,        39
44909.5438542 ,    0.74445 ,  32711 ,  7FC7 ,        55
44909.5945486 ,    0.98488 ,  65332 ,  FF34 ,        40
44909.9114583 ,    0.93674 ,  65332 ,  FF34 ,        40
44909.9702546 ,    0.15333 ,  41860 ,  A384 ,        42
44910.0976389 ,    0.87019 ,  49095 ,  BFC7 ,        43
44910.1331713 ,    0.60218 ,  25192 ,  6268 ,        39
44910.4223843 ,    0.96414 ,  65332 ,  FF34 ,        42
44910.5089699 ,    0.31687 ,  63557 ,  F845 ,        37
